Journal_Name,Index_Category
20 Et 21-Revue D Histoire,CAS 4区
2D Materials,CAS 3区
3 Biotech,CAS 4区
3C Empresa,CAS 4区
3c Tecnologia,CAS 4区
3C Tic,CAS 4区
3D Printing and Additive Manufacturing,CAS 4区
3D Printing in Medicine,CAS 3区
3L-Language Linguistics Literature-The Southeast Asian Journal of English Language Studies,CAS 3区
452 F-Revista de Teoria de la Literatura y Literatura Comparada,CAS 4区
4OR-A Quarterly Journal of Operations Research,CAS 4区
AAA-ARBEITEN AUS ANGLISTIK UND AMERIKANISTIK,CAS 4区
AACE ENDOCRINOLOGY AND DIABETES,Indexed
AACN Advanced Critical Care,CAS 4区
AAPG BULLETIN,CAS 3区
AAPPS Bulletin,Indexed
A & A Practice,CAS 4区
AAPS Journal,CAS 3区
AAPS PHARMSCITECH,CAS 4区
AATCC Journal of Research,CAS 4区
AATCC REVIEW,CAS 4区
Abacus-A Journal of Accounting Finance and Business Studies,CAS 4区
Abakos,CAS 4区
Abanico Veterinario,CAS 4区
ABCD-Arquivos Brasileiros de Cirurgia Digestiva-Brazilian Archives of Digestive Surgery,CAS 4区
Abdominal Radiology,CAS 3区
ABE Journal,CAS 4区
ABHANDLUNGEN AUS DEM MATHEMATISCHEN SEMINAR DER UNIVERSITAT HAMBURG,CAS 4区
Ab Imperio-Studies of New Imperial History and Nationalism in the Post-Soviet Space,CAS 3区
aBIOTECH,CAS 2区
Aboriginal History,CAS 3区
Abriu-Estudos de Textualidade do Brasil Galicia e Portugal,CAS 4区
Absorbed by OPEN LIFE SCIENCES,Indexed
Academia-Revista Latinoamericana de Administracion,CAS 4区
Academia y Virtualidad,CAS 4区
ACADEMIC EMERGENCY MEDICINE,CAS 3区
Academic Journal of Modern Philology,CAS 4区
ACADEMIC MEDICINE,CAS 1区 Top
Academic Pathology,CAS 4区
Academic Pediatrics,CAS 3区
ACADEMIC PSYCHIATRY,CAS 4区
ACADEMIC RADIOLOGY,CAS 2区
Academy of Management Annals,CAS 1区 Top
Academy of Management Discoveries,CAS 2区
ACADEMY OF MANAGEMENT JOURNAL,CAS 1区 Top
Academy of Management Learning & Education,CAS 2区
Academy of Management Perspectives,CAS 2区
ACADEMY OF MANAGEMENT REVIEW,CAS 1区 Top
Academy Review,CAS 4区
ACADIENSIS,CAS 4区
ACAROLOGIA,CAS 3区
ACCESS-Access to science business innovation in the digital economy,CAS 4区
Access to Justice in Eastern Europe,CAS 4区
ACCIDENT ANALYSIS AND PREVENTION,CAS 1区 Top
Acciones e Investigaciones Sociales,CAS 4区
Accion Psicologica,CAS 4区
Accountability in Research-Ethics Integrity and Policy,CAS 2区
ACCOUNTING AND BUSINESS RESEARCH,CAS 4区
Accounting and Finance,CAS 4区
Accounting Auditing & Accountability Journal,CAS 2区
Accounting Economics and Law-A Convivium,CAS 4区
Accounting Education,CAS 3区
Accounting Forum,CAS 3区
Accounting Historians Journal,CAS 4区
Accounting History,CAS 4区
Accounting History Review,CAS 4区
Accounting Horizons,CAS 3区
Accounting in Europe,CAS 3区
ACCOUNTING ORGANIZATIONS AND SOCIETY,CAS 2区
Accounting Perspectives,CAS 4区
Accounting Research Journal,CAS 4区
ACCOUNTING REVIEW,CAS 2区
ACCOUNTS OF CHEMICAL RESEARCH,CAS 1区 Top
Accounts of Materials Research,CAS 1区 Top
ACCREDITATION AND QUALITY ASSURANCE,CAS 4区
ACE-Architecture City and Environment,CAS 4区
ACERVO,Indexed
ACG Case Reports Journal,CAS 4区
ACI MATERIALS JOURNAL,CAS 4区
ACI STRUCTURAL JOURNAL,CAS 4区
ACM Communications in Computer Algebra,CAS 4区
ACM COMPUTING SURVEYS,CAS 1区 Top
ACME-Annali della Facolta di Studi Umanistici dell Universita degli Studi di Milano,CAS 4区
ACM Journal of Data and Information Quality,CAS 4区
ACM Journal on Computing and Cultural Heritage,SCIE/SCI/AHCI
ACM Journal on Emerging Technologies in Computing Systems,CAS 4区
ACM SIGCOMM Computer Communication Review,CAS 4区
ACM SIGecom Exchanges,CAS 4区
ACM Transactions on Accessible Computing,CAS 2区
ACM Transactions on Algorithms,CAS 3区
ACM Transactions on Applied Perception,CAS 3区
ACM Transactions on Architecture and Code Optimization,CAS 3区
ACM Transactions on Asian and Low-Resource Language Information Processing,CAS 4区
ACM Transactions on Autonomous and Adaptive Systems,CAS 4区
ACM Transactions on Computational Logic,CAS 4区
ACM Transactions on Computation Theory,CAS 4区
ACM Transactions on Computer-Human Interaction,CAS 1区 Top
ACM TRANSACTIONS ON COMPUTER SYSTEMS,CAS 4区
ACM Transactions on Computing Education,CAS 3区
ACM Transactions on Computing for Healthcare,Indexed
ACM Transactions on Cyber-Physical Systems,CAS 4区
ACM TRANSACTIONS ON DATABASE SYSTEMS,CAS 2区
ACM TRANSACTIONS ON DESIGN AUTOMATION OF ELECTRONIC SYSTEMS,CAS 4区
ACM Transactions on Economics and Computation,CAS 4区
ACM Transactions on Embedded Computing Systems,CAS 3区
ACM TRANSACTIONS ON GRAPHICS,CAS 1区 Top
ACM Transactions on Human-Robot Interaction,CAS 2区
ACM TRANSACTIONS ON INFORMATION SYSTEMS,CAS 2区
ACM Transactions on Intelligent Systems and Technology,CAS 3区
ACM Transactions on Interactive Intelligent Systems,CAS 4区
ACM Transactions on Internet of Things,CAS 3区
ACM Transactions on Internet Technology,CAS 3区
ACM Transactions on Knowledge Discovery from Data,CAS 3区
ACM Transactions on Management Information Systems,CAS 4区
ACM TRANSACTIONS ON MATHEMATICAL SOFTWARE,CAS 2区
ACM Transactions on Modeling and Computer Simulation,CAS 4区
ACM Transactions on Modeling and Performance Evaluation of Computing Systems,CAS 4区
ACM Transactions on Multimedia Computing Communications and Applications,CAS 3区
ACM Transactions on Parallel Computing,CAS 4区
ACM Transactions on Privacy and Security,CAS 3区
ACM TRANSACTIONS ON PROGRAMMING LANGUAGES AND SYSTEMS,CAS 2区
ACM Transactions on Quantum Computing,CAS 3区
ACM Transactions on Reconfigurable Technology and Systems,CAS 3区
ACM Transactions on Sensor Networks,CAS 4区
ACM TRANSACTIONS ON SOFTWARE ENGINEERING AND METHODOLOGY,CAS 1区 Top
ACM Transactions on Spatial Algorithms and Systems,CAS 4区
ACM Transactions on Storage,CAS 3区
ACM Transactions on the Web,CAS 4区
ACOUSTICAL PHYSICS,CAS 4区
Acoustical Science and Technology,CAS 4区
Acoustics,CAS 4区
Acoustics Australia,CAS 4区
Acque Sotterranee-Italian Journal of Groundwater,CAS 4区
A&C-Revista de Direito Administrativo & Constitucional,CAS 4区
ACR Open Rheumatology,CAS 3区
Across Languages and Cultures,SSCI/SCI/AHCI
ACS Agricultural Science & Technology,CAS 4区
ACS Applied Bio Materials,CAS 3区
ACS Applied Electronic Materials,CAS 3区
ACS Applied Energy Materials,CAS 3区
ACS Applied Engineering Materials,Indexed
ACS Applied Materials & Interfaces,CAS 2区
ACS Applied Nano Materials,CAS 3区
ACS Applied Optical Materials,Indexed
ACS Applied Polymer Materials,CAS 2区
ACS Biomaterials Science & Engineering,CAS 3区
ACS Bio & Med Chem Au,CAS 4区
ACS Catalysis,CAS 1区 Top
ACS Central Science,CAS 1区 Top
ACS Chemical Biology,CAS 2区
ACS Chemical Health & Safety,CAS 4区
ACS Chemical Neuroscience,CAS 3区
ACS Earth and Space Chemistry,CAS 3区
ACS Energy Letters,CAS 1区 Top
ACS Engineering Au,CAS 3区
ACS Environmental Au,CAS 2区
ACS ES&T Engineering,CAS 3区
ACS ES&T Water,CAS 3区
ACS Food Science & Technology,CAS 4区
ACS Infectious Diseases,CAS 2区
ACS Macro Letters,CAS 1区 Top
ACS Materials Au,CAS 3区
ACS Materials Letters,CAS 2区
ACS Measurement Science Au,CAS 2区
ACS Medicinal Chemistry Letters,CAS 3区
ACSMS HEALTH & FITNESS JOURNAL,CAS 4区
ACS Nano,CAS 1区 Top
ACS Nanoscience Au,CAS 3区
ACS Omega,CAS 3区
ACS Organic & Inorganic Au,CAS 3区
ACS Pharmacology & Translational Science,CAS 3区
ACS Photonics,CAS 1区 Top
ACS Physical Chemistry Au,CAS 3区
ACS Polymers Au,CAS 2区
ACS Sensors,CAS 1区 Top
ACS Sustainable Chemistry & Engineering,CAS 1区 Top
ACS Synthetic Biology,CAS 2区
ACTA ACUSTICA,CAS 4区
ACTA ADRIATICA,CAS 4区
ACTA AGRICULTURAE SCANDINAVICA SECTION A-ANIMAL SCIENCE,CAS 4区
ACTA AGRICULTURAE SCANDINAVICA SECTION B-SOIL AND PLANT SCIENCE,CAS 4区
ACTA AGROBOTANICA,CAS 3区
ACTA ALIMENTARIA,CAS 4区
ACTA AMAZONICA,CAS 4区
ACTA ANAESTHESIOLOGICA BELGICA,CAS 4区
ACTA ANAESTHESIOLOGICA SCANDINAVICA,CAS 4区
Acta Analytica-International Periodical for Philosophy in the Analytical Tradition,CAS 3区
Acta Angiologica,CAS 4区
ACTA APPLICANDAE MATHEMATICAE,CAS 4区
ACTA ARCHAEOLOGICA,CAS 3区
ACTA ARITHMETICA,CAS 3区
ACTA ASTRONAUTICA,CAS 2区
ACTA ASTRONOMICA,CAS 4区
Acta Balneologica,CAS 4区
Acta Baltico-Slavica,CAS 4区
ACTA BIOCHIMICA ET BIOPHYSICA SINICA,CAS 2区
ACTA BIOCHIMICA POLONICA,CAS 4区
Acta Bioclinica,CAS 4区
Acta Bioethica,SSCI/SCIE/SCI
ACTA BIOLOGICA COLOMBIANA,CAS 4区
ACTA BIOLOGICA CRACOVIENSIA SERIES BOTANICA,CAS 4区
Acta Biomaterialia,CAS 1区 Top
ACTA BIOQUIMICA CLINICA LATINOAMERICANA,CAS 4区
ACTA BIOTHEORETICA,CAS 3区
Acta Borealia,CAS 4区
Acta Botanica Brasilica,CAS 4区
ACTA BOTANICA CROATICA,CAS 4区
Acta Botanica Mexicana,CAS 4区
Acta Brasiliensis,CAS 4区
ACTA CARDIOLOGICA,CAS 4区
Acta Cardiologica Sinica,CAS 4区
ACTA CARSOLOGICA,CAS 4区
Acta Chemica Iasi,CAS 4区
ACTA CHIMICA SINICA,CAS 2区
Acta Chimica Slovaca,CAS 4区
ACTA CHIMICA SLOVENICA,CAS 4区
ACTA CHIROPTEROLOGICA,CAS 4区
Acta Chirurgiae Orthopaedicae et Traumatologiae Cechoslovaca,CAS 4区
ACTA CHIRURGICA BELGICA,CAS 4区
ACTA CHROMATOGRAPHICA,CAS 4区
Acta Cirurgica Brasileira,CAS 4区
Acta Classica,CAS 3区
ACTA CLINICA BELGICA,CAS 4区
Acta Clinica Croatica,CAS 4区
Acta Colombiana de Psicologia,CAS 4区
Acta Crystallographica A-Foundation and Advances,CAS 4区
Acta Crystallographica Section B-Structural Science Crystal Engineering and Materials,CAS 3区
ACTA CRYSTALLOGRAPHICA SECTION C-STRUCTURAL CHEMISTRY,CAS 4区
Acta Crystallographica Section D-Structural Biology,CAS 4区
Acta Crystallographica Section E-Crystallographic Communications,CAS 4区
Acta Crystallographica Section F-Structural Biology Communications,CAS 4区
Acta Cybernetica,CAS 4区
ACTA CYTOLOGICA,CAS 4区
ACTA DERMATO-VENEREOLOGICA,CAS 3区
Acta Dermatovenerologica Alpina Pannonica et Adriatica,CAS 4区
Acta Dermatovenerologica Croatica,CAS 4区
ACTA DIABETOLOGICA,CAS 3区
Acta Endocrinologica-Bucharest,CAS 4区
ACTA ENTOMOLOGICA MUSEI NATIONALIS PRAGAE,CAS 3区
Acta Epileptologica,CAS 4区
Acta et Commentationes Universitatis Tartuensis de Mathematica,CAS 4区
ACTA ETHOLOGICA,CAS 4区
Acta Facultatis Medicae Naissensis,CAS 4区
Acta Facultatis Xylologiae Zvolen,CAS 4区
ACTA GASTRO-ENTEROLOGICA BELGICA,CAS 4区
Acta Geochimica,CAS 3区
Acta Geodaetica et Geophysica,CAS 4区
Acta Geodynamica et Geomaterialia,CAS 4区
Acta Geographica Slovenica-Geografski Zbornik,CAS 4区
ACTA GEOLOGICA POLONICA,CAS 4区
ACTA GEOLOGICA SINICA-ENGLISH EDITION,CAS 4区
Acta Geophysica,CAS 4区
Acta Geotechnica,CAS 1区 Top
Acta Geotechnica Slovenica,CAS 4区
Acta Germanica-German studies in Africa,CAS 4区
Acta Gymnica,CAS 4区
ACTA HAEMATOLOGICA,CAS 4区
Acta Herpetologica,CAS 4区
ACTA HISTOCHEMICA,CAS 3区
ACTA HISTOCHEMICA ET CYTOCHEMICA,CAS 4区
Acta Historica Tallinnensia,CAS 3区
Acta Historica Universitatis Klaipedensis,CAS 4区
Acta Histriae,SSCI/SCI/AHCI
ACTA ICHTHYOLOGICA ET PISCATORIA,CAS 4区
Acta IMEKO,Indexed
Acta Infologica,Indexed
ACTA INFORMATICA,CAS 4区
Acta Informatica Pragensia,CAS 4区
Acta Kinesiologica,CAS 4区
Acta Koreana,CAS 4区
Acta Linguistica Academica,SSCI/SCI/AHCI
Acta Literaria,CAS 4区
Acta Logistica,CAS 4区
ACTA MATERIALIA,CAS 1区 Top
ACTA MATHEMATICA,CAS 1区 Top
Acta Mathematicae Applicatae Sinica-English Series,CAS 4区
ACTA MATHEMATICA HUNGARICA,CAS 4区
ACTA MATHEMATICA SCIENTIA,CAS 3区
ACTA MATHEMATICA SINICA-ENGLISH SERIES,CAS 4区
Acta Mathematica Universitatis Comenianae,CAS 4区
Acta Mathematica Vietnamica,CAS 4区
ACTA MECHANICA,CAS 3区
Acta Mechanica et Automatica,CAS 4区
ACTA MECHANICA SINICA,CAS 2区
ACTA MECHANICA SOLIDA SINICA,CAS 4区
Acta Medica Indonesiana,CAS 4区
Acta Medica Lituanica,Indexed
ACTA MEDICA OKAYAMA,CAS 4区
Acta Medica Portuguesa,CAS 4区
Acta Medico-Historica Adriatica,CAS 4区
ACTA METALLURGICA SINICA,CAS 2区
Acta Metallurgica Sinica-English Letters,CAS 2区
Acta Metallurgica Slovaca,CAS 4区
ACTA MICROBIOLOGICA ET IMMUNOLOGICA HUNGARICA,CAS 4区
ACTA MISSIOLOGICA,CAS 3区
Acta Montanistica Slovaca,CAS 4区
ACTA MUSICOLOGICA,CAS 1区 Top
Acta Naturae,CAS 4区
Acta Neophilologica,CAS 3区
ACTA NEUROBIOLOGIAE EXPERIMENTALIS,CAS 4区
ACTA NEUROCHIRURGICA,CAS 3区
ACTA NEUROLOGICA BELGICA,CAS 4区
ACTA NEUROLOGICA SCANDINAVICA,CAS 3区
ACTA NEUROPATHOLOGICA,CAS 1区 Top
Acta Neuropathologica Communications,CAS 1区 Top
ACTA NEUROPSYCHIATRICA,CAS 4区
Acta Neuropsychologica,CAS 4区
ACTA NUMERICA,CAS 1区 Top
ACTA OBSTETRICIA ET GYNECOLOGICA SCANDINAVICA,CAS 2区
ACTA OCEANOLOGICA SINICA,CAS 2区
ACTA ODONTOLOGICA SCANDINAVICA,CAS 4区
ACTA OECOLOGICA-INTERNATIONAL JOURNAL OF ECOLOGY,CAS 4区
ACTA OECONOMICA,CAS 4区
Acta of Bioengineering and Biomechanics,CAS 4区
ACTA ONCOLOGICA,CAS 3区
ACTA OPHTHALMOLOGICA,CAS 3区
ACTA OPTICA SINICA,CAS 2区
Acta Orientalia Academiae Scientiarum Hungaricae,CAS 3区
ACTA ORNITHOLOGICA,CAS 4区
Acta Orthopaedica,CAS 2区
Acta Orthopaedica Belgica,CAS 4区
Acta Orthopaedica et Traumatologica Turcica,CAS 4区
Acta Ortopedica Brasileira,CAS 4区
ACTA OTO-LARYNGOLOGICA,CAS 4区
Acta Oto-Laryngologica Case Reports,CAS 4区
Acta Otorhinolaryngologica Italica,CAS 3区
Acta Otorrinolaringologica Espanola,CAS 4区
ACTA PAEDIATRICA,CAS 4区
ACTA PALAEONTOLOGICA POLONICA,CAS 3区
ACTA PARASITOLOGICA,CAS 3区
Acta Paulista de Enfermagem,SSCI/SCIE/SCI
Acta Pediatrica de Mexico,CAS 4区
ACTA PETROLOGICA SINICA,CAS 2区
ACTA PHARMACEUTICA,CAS 4区
Acta Pharmaceutica Sinica B,CAS 1区 Top
ACTA PHARMACOLOGICA SINICA,CAS 2区
Acta Philosophica,CAS 4区
Acta Phlebologica,CAS 4区
Acta Photonica Sinica,CAS 3区
ACTA PHYSICA POLONICA A,CAS 4区
ACTA PHYSICA POLONICA B,CAS 4区
ACTA PHYSICA SINICA,CAS 3区
ACTA PHYSICO-CHIMICA SINICA,CAS 2区
ACTA PHYSIOLOGIAE PLANTARUM,CAS 4区
Acta Physiologica,CAS 1区 Top
Acta Phytotaxonomica et Geobotanica,CAS 4区
Acta Poetica,CAS 3区
Acta Politica,CAS 3区
ACTA POLONIAE HISTORICA,CAS 4区
ACTA POLONIAE PHARMACEUTICA,CAS 4区
ACTA POLYMERICA SINICA,CAS 2区
Acta Polytechnica,CAS 4区
Acta Polytechnica Hungarica,CAS 4区
ACTA PROTOZOOLOGICA,CAS 4区
ACTA PSIQUIATRICA Y PSICOLOGICA DE AMERICA LATINA,CAS 4区
ACTA PSYCHIATRICA SCANDINAVICA,SSCI/SCIE/SCI
ACTA PSYCHOLOGICA,CAS 3区
Acta Psychologica Sinica,CAS 2区
ACTA RADIOLOGICA,CAS 4区
Acta Radiologica Open,CAS 4区
Acta Scientiae Veterinariae,CAS 4区
ACTA SCIENTIARUM-AGRONOMY,CAS 4区
ACTA SCIENTIARUM-HEALTH SCIENCES,CAS 4区
ACTA SCIENTIARUM MATHEMATICARUM,CAS 4区
Acta Scientiarum Polonorum-Formatio Circumiectus,CAS 4区
Acta Scientiarum Polonorum-Hortorum Cultus,CAS 4区
Acta Scientiarum Polonorum-Technologia Alimentaria,CAS 4区
ACTA SCIENTIARUM-TECHNOLOGY,CAS 4区
Actas Dermo-Sifiliograficas,CAS 4区
ACTAS ESPANOLAS DE PSIQUIATRIA,CAS 4区
Acta Silvae et Ligni,CAS 4区
ACTA SOCIETATIS BOTANICORUM POLONIAE,CAS 4区
ACTA SOCIOLOGICA,CAS 3区
Acta Stomatologica Croatica,CAS 4区
Acta Structilia,CAS 4区
Actas Urologicas Espanolas,CAS 4区
Acta Technica Napocensis Series-Applied Mathematics Mechanics and Engineering,CAS 4区
Acta Technologica Agriculturae,CAS 4区
Acta Theologica,CAS 4区
ACTA TROPICA,CAS 3区
Acta Turistica,CAS 4区
Acta Universitatis Carolinae Theologica,CAS 3区
Acta Universitatis Lodziensis-Folia Archaeologica,Indexed
Acta Universitatis Lodziensis Folia Litteraria Polonica,Indexed
Acta Universitatis Lodziensis Folia Litteraria Romanica,CAS 4区
Acta Universitatis Sapientiae-Film and Media Studies,CAS 3区
Acta Universitatis Sapientiae Informatica,CAS 4区
Acta Universitatis Sapientiae-Mathematica,CAS 4区
ACTA VETERINARIA-BEOGRAD,CAS 4区
ACTA VETERINARIA BRNO,CAS 4区
Acta Veterinaria Eurasia,CAS 4区
ACTA VETERINARIA HUNGARICA,CAS 4区
ACTA VETERINARIA SCANDINAVICA,CAS 2区
ACTA VIROLOGICA,CAS 4区
ACTA ZOOLOGICA,CAS 4区
ACTA ZOOLOGICA ACADEMIAE SCIENTIARUM HUNGARICAE,CAS 4区
ACTA ZOOLOGICA BULGARICA,CAS 4区
ACTES DE LA RECHERCHE EN SCIENCES SOCIALES,CAS 4区
Action Learning,CAS 4区
Action Research,CAS 4区
Active and Passive Electronic Components,Indexed
Active Learning in Higher Education,CAS 1区 Top
Activitas Nervosa Superior Rediviva,CAS 4区
Activites-Revue Electronique,CAS 4区
Activities Adaptation & Aging,CAS 4区
Actualidad Contable Faces,CAS 4区
Actualidades en Psicologia,CAS 4区
Actualidades Pedagogicas,CAS 4区
Actualidad Juridica Ambiental,CAS 4区
Actualites Pharmaceutiques,CAS 4区
Actualizaciones en Osteologia,CAS 4区
Actuators,CAS 3区
Acupuncture and Herbal Medicine,CAS 4区
ACUPUNCTURE & ELECTRO-THERAPEUTICS RESEARCH,CAS 4区
Acupuncture in Medicine,CAS 4区
Acute and Critical Care,CAS 4区
Acute Medicine & Surgery,CAS 4区
Adalya,CAS 4区
Adamantius,Indexed
ADANSONIA,CAS 4区
Adaptation-The Journal of Literature on Screen Studies,CAS 3区
ADAPTED PHYSICAL ACTIVITY QUARTERLY,CAS 4区
ADAPTIVE BEHAVIOR,SSCI/SCIE/SCI
Adaptive Human Behavior and Physiology,CAS 4区
ADCAIJ-Advances in Distributed Computing and Artificial Intelligence Journal,CAS 4区
AdComunica-Revista Cientifica de Estrategias Tendencias e Innovacion en Communicacion,CAS 4区
Addicta-The Turkish Journal on Addictions,CAS 4区
ADDICTION,SSCI/SCIE/SCI
ADDICTION BIOLOGY,CAS 3区
Addiction Neuroscience,Indexed
ADDICTION RESEARCH & THEORY,CAS 4区
Addiction Science & Clinical Practice,SSCI/SCIE/SCI
ADDICTIVE BEHAVIORS,SSCI/SCIE/SCI
Addictive Behaviors Reports,Indexed
Additive Manufacturing,CAS 1区 Top
ADDITIVE MANUFACTURING FRONTIERS,Indexed
Additive Manufacturing Letters,CAS 3区
Adelaide Law Review,CAS 4区
Adeptus,CAS 4区
Ad Hoc Networks,CAS 3区
Ad Hoc & Sensor Wireless Networks,CAS 4区
Adicciones,SSCI/SCIE/SCI
Adipocyte,CAS 3区
ADMET and DMPK,CAS 4区
AD-minister,CAS 4区
Administracao-Ensino e Pesquisa,CAS 4区
Administracao Publica e Gestao Social,CAS 4区
Administration,CAS 4区
Administration and Policy in Mental Health and Mental Health Services Research,CAS 3区
ADMINISTRATION & SOCIETY,CAS 3区
ADMINISTRATIVE SCIENCE QUARTERLY,CAS 1区 Top
Administrative Sciences,CAS 3区
Adolescent Health Medicine and Therapeutics,CAS 4区
Adolescent Psychiatry,CAS 4区
Adolescent Research Review,CAS 2区
Adolescents,Indexed
Adoption and Fostering,CAS 4区
Adoption Quarterly,CAS 4区
ADSORPTION-JOURNAL OF THE INTERNATIONAL ADSORPTION SOCIETY,CAS 4区
ADSORPTION SCIENCE & TECHNOLOGY,CAS 4区
ADULT EDUCATION QUARTERLY,CAS 4区
Adult Learning,CAS 4区
Adultspan Journal,Indexed
Advanced Biology,CAS 4区
Advanced Biomedical Engineering,CAS 4区
Advanced Biomedical Research,CAS 4区
ADVANCED COMPOSITE MATERIALS,CAS 4区
Advanced Composites and Hybrid Materials,CAS 1区 Top
ADVANCED DRUG DELIVERY REVIEWS,CAS 1区 Top
Advanced Education,CAS 4区
Advanced Electromagnetics,CAS 4区
Advanced Electronic Materials,CAS 3区
Advanced Emergency Nursing Journal,CAS 4区
Advanced Energy and Sustainability Research,CAS 4区
Advanced Energy Materials,CAS 1区 Top
ADVANCED ENGINEERING INFORMATICS,CAS 1区 Top
ADVANCED ENGINEERING MATERIALS,CAS 3区
Advanced Fiber Materials,CAS 1区 Top
ADVANCED FUNCTIONAL MATERIALS,CAS 1区 Top
Advanced Healthcare Materials,CAS 2区 Top
Advanced Industrial and Engineering Polymer Research,CAS 1区 Top
Advanced Intelligent Systems,CAS 3区
Advanced Manufacturing-Polymer & Composites Science,CAS 4区
ADVANCED MATERIALS,CAS 1区 Top
Advanced Materials Interfaces,CAS 3区
ADVANCED MATERIALS & PROCESSES,CAS 4区
Advanced Materials Technologies,CAS 3区
Advanced Membranes,Indexed
Advanced Modeling and Simulation in Engineering Sciences,CAS 3区
Advanced NanoBiomed Research,CAS 4区
ADVANCED NONLINEAR STUDIES,CAS 1区 Top
Advanced Optical Materials,CAS 2区
Advanced Optical Technologies,CAS 4区
Advanced Pharmaceutical Bulletin,CAS 4区
Advanced Photonics,CAS 1区 Top
Advanced Photonics Nexus,Indexed
Advanced Photonics Research,CAS 3区
Advanced Physics Research,Indexed
Advanced Powder Materials,CAS 1区 Top
ADVANCED POWDER TECHNOLOGY,CAS 3区
Advanced Quantum Technologies,CAS 2区
ADVANCED ROBOTICS,CAS 4区
Advanced Science,CAS 1区 Top
Advanced Sensor and Energy Materials,CAS 4区
Advanced Sensor Research,Indexed
Advanced Steel Construction,CAS 4区
Advanced Studies-Euro-Tbilisi Mathematical Journal,CAS 4区
Advanced Sustainable Systems,CAS 3区
ADVANCED SYNTHESIS & CATALYSIS,CAS 2区
Advanced Theory and Simulations,CAS 3区
Advanced Therapeutics,CAS 4区
Advancements in Life Sciences,CAS 4区
Advancements of Microbiology,CAS 4区
Advances and Applications in Discrete Mathematics,CAS 4区
Advances and Applications in Statistics,CAS 4区
Advances in Accounting,CAS 4区
Advances in Aerodynamics,CAS 2区
Advances in Agriculture,CAS 4区
Advances in Aircraft and Spacecraft Science,CAS 4区
ADVANCES IN ANATOMIC PATHOLOGY,CAS 2区
Advances in Applied Ceramics,CAS 4区
Advances in Applied Clifford Algebras,CAS 4区
Advances in Applied Energy,CAS 1区 Top
ADVANCES IN APPLIED MATHEMATICS,CAS 3区
Advances in Applied Mathematics and Mechanics,CAS 4区
ADVANCES IN APPLIED PROBABILITY,CAS 3区
Advances in Archaeological Practice,CAS 1区 Top
Advances in Artificial Intelligence and Machine Learning,Indexed
Advances in Astronomy,CAS 3区
Advances in Astronomy and Space Physics,CAS 4区
ADVANCES IN ATMOSPHERIC SCIENCES,CAS 1区 Top
Advances in Autism,CAS 4区
Advances in Bamboo Science,Indexed
Advances in Biological Regulation,Indexed
Advances in Bridge Engineering,Indexed
Advances in Building Energy Research,CAS 4区
Advances in Calculus of Variations,CAS 3区
Advances in Cancer Biology-Metastasis,CAS 4区
ADVANCES IN CEMENT RESEARCH,CAS 4区
Advances in Civil and Architectural Engineering,CAS 4区
Advances in Civil Engineering,CAS 4区
Advances in Civil Engineering Materials,CAS 4区
Advances in Climate Change Research,CAS 1区 Top
Advances in Clinical and Experimental Medicine,CAS 4区
Advances in Cognitive Psychology,CAS 4区
ADVANCES IN COLLOID AND INTERFACE SCIENCE,CAS 1区 Top
ADVANCES IN COMPLEX SYSTEMS,CAS 4区
"Advances in Computational Design, An International Journal",CAS 4区
ADVANCES IN COMPUTATIONAL MATHEMATICS,CAS 3区
Advances in Concrete Construction,CAS 4区
Advances in Condensed Matter Physics,CAS 4区
Advances in Continuous and Discrete Models,CAS 2区
Advances in Data Analysis and Classification,CAS 4区
Advances in Data Science and Adaptive Analysis,CAS 4区
Advances in Developing Human Resources,CAS 3区
Advances in Differential Equations,CAS 2区
Advances in Differential Equations and Control Processes,CAS 4区
Advances in Digestive Medicine,CAS 4区
Advances in Dual Diagnosis,CAS 4区
Advances in Electrical and Computer Engineering,CAS 4区
Advances in Electrical and Electronic Engineering,CAS 4区
Advances in Energy Research,CAS 4区
ADVANCES IN ENGINEERING SOFTWARE,CAS 3区
Advances in Environmental Research-An International Journal,CAS 4区
Advances in Fuzzy Systems,CAS 4区
Advances in Geodesy and Geoinformation,CAS 4区
Advances in Geo-Energy Research,CAS 1区 Top
ADVANCES IN GEOMETRY,CAS 4区
Advances in Gerontology,CAS 4区
Advances in Group Theory and Applications,CAS 4区
ADVANCES IN HEALTH SCIENCES EDUCATION,SSCI/SCIE/SCI
Advances in High Energy Physics,CAS 4区
Advances in Hospitality and Tourism Research-AHTR,CAS 4区
Advances in Human Biology,CAS 4区
Advances in Human-Computer Interaction,CAS 4区
Advances in Industrial and Manufacturing Engineering,CAS 3区
Advances in Integrative Medicine,CAS 4区
Advances in Kidney Disease and Health,CAS 4区
Advances in Laboratory Medicine-Avances en Medicina de Laboratorio,CAS 4区
Advances in Life Course Research,CAS 2区
Advances in Manufacturing,CAS 3区
Advances in Materials and Processing Technologies,CAS 4区
Advances in Materials Research-An International Journal,CAS 4区
Advances in Materials Science,CAS 4区
Advances in Mathematical Physics,CAS 4区
ADVANCES IN MATHEMATICS,CAS 1区 Top
Advances in Mathematics of Communications,CAS 4区
Advances in Mechanical Engineering,CAS 4区
Advances in Medical Education and Practice,CAS 4区
Advances in Medical Sciences,CAS 4区
Advances in Mental Health,CAS 4区
Advances in Mental Health and Intellectual Disabilities,CAS 4区
Advances in Meteorology,CAS 4区
Advances in Methods and Practices in Psychological Science,CAS 1区 Top
Advances in Multimedia,CAS 4区
Advances in Nano Research,CAS 4区
Advances in Natural Sciences-Nanoscience and Nanotechnology,CAS 4区
Advances in Neonatal Care,SSCI/SCIE/SCI
Advances in Neurodevelopmental Disorders,CAS 4区
Advances in Nonlinear Analysis,CAS 1区 Top
ADVANCES IN NURSING SCIENCE,SSCI/SCIE/SCI
Advances in Nutrition,CAS 2区 Top
Advances in Operator Theory,CAS 4区
Advances in Ophthalmology Practice and Research,Indexed
Advances in Optics and Photonics,CAS 1区 Top
Advances in Orthopedics,CAS 4区
Advances in Pharmacological and Pharmaceutical Sciences,CAS 4区
Advances in Pharmacology and Pharmacy,CAS 4区
ADVANCES IN PHYSICS,CAS 1区 Top
Advances in Physics-X,CAS 2区
ADVANCES IN PHYSIOLOGY EDUCATION,CAS 4区
ADVANCES IN POLYMER TECHNOLOGY,CAS 4区
Advances in Production Engineering & Management,CAS 3区
Advances in Public Health,CAS 4区
Advances in Pure and Applied Mathematics,CAS 4区
Advances in Radiation Oncology,CAS 4区
Advances in Radio Science,CAS 4区
Advances in Redox Research,Indexed
Advances in Rehabilitation Science and Practice,CAS 4区
Advances in Respiratory Medicine,CAS 4区
Advances in Rheumatology,CAS 4区
Advances in Sample Preparation,CAS 2区
Advances in Science and Technology-Research Journal,CAS 4区
Advances in Simulation,CAS 3区
Advances in Skin & Wound Care,SSCI/SCIE/SCI
ADVANCES IN SPACE RESEARCH,CAS 3区
ADVANCES IN STRUCTURAL ENGINEERING,CAS 4区
Advances in Theoretical and Mathematical Physics,CAS 4区
ADVANCES IN THERAPY,CAS 3区
Advances in Traditional Medicine,CAS 4区
Advances in Urology,CAS 3区
Advances in Virology,CAS 4区
ADVANCES IN WATER RESOURCES,CAS 2区
Advances in Weed Science,CAS 4区
Advances in Wound Care,CAS 3区
Adversity and Resilience Science,Indexed
Aedos-Revista do Corpo Discente do Programa de Pos-Graduacao em Historia da UFRGS,CAS 4区
AEM Education and Training,CAS 4区
Aeolian Research,CAS 3区
Aequationes Mathematicae,CAS 3区
AERA Open,CAS 2区
AEROBIOLOGIA,CAS 4区
AERONAUTICAL JOURNAL,CAS 4区
Aerosol and Air Quality Research,CAS 4区
Aerosol Science and Engineering,CAS 4区
AEROSOL SCIENCE AND TECHNOLOGY,CAS 4区
Aerospace,CAS 3区
AEROSPACE AMERICA,CAS 4区
Aerospace Medicine and Human Performance,CAS 4区
Aerospace Research in Bulgaria,CAS 4区
Aerospace Science and Technology,CAS 1区 Top
AESTHETIC PLASTIC SURGERY,CAS 3区
Aesthetic Surgery Journal,CAS 3区
Aesthetic Surgery Journal Open Forum,CAS 4区
Aestimum,CAS 4区
AEU-INTERNATIONAL JOURNAL OF ELECTRONICS AND COMMUNICATIONS,CAS 3区
AEVUM-RASSEGNA DI SCIENZE STORICHE LINGUISTICHE E FILOLOGICHE,CAS 3区
Affective Science,CAS 4区
Affilia-Feminist Inquiry in Social Work,CAS 3区
Afghanistan,CAS 4区
AFINIDAD,CAS 4区
Afkar-Jurnal Akidah & Pemikiran Islam-Journal of Aqidah & Islamic Thought,CAS 3区
AFRICA,CAS 2区
Africa Education Review,CAS 4区
Africa Journal of Management,CAS 4区
AFRICAN AFFAIRS,CAS 2区
Africana Linguistica,SSCI/SCI/AHCI
AFRICAN AMERICAN REVIEW,CAS 3区
African and Asian Studies,CAS 4区
African Archaeological Review,SSCI/SCI/AHCI
AFRICAN ARTS,CAS 3区
AFRICAN BIODIVERSITY & CONSERVATION,Indexed
AFRICAN DEVELOPMENT REVIEW-REVUE AFRICAINE DE DEVELOPPEMENT,CAS 3区
African Diaspora,CAS 4区
African Disability Rights Yearbook,CAS 4区
AFRICAN ECONOMIC HISTORY,CAS 2区
AFRICAN ENTOMOLOGY,CAS 4区
African Geographical Review,CAS 4区
African Health Sciences,CAS 4区
African Historical Review,CAS 4区
AFRICAN INVERTEBRATES,CAS 3区
African Journalism Studies,CAS 3区
African Journal of Accounting Auditing and Finance,CAS 4区
African Journal of Agricultural and Resource Economics-AFJARE,CAS 4区
AFRICAN JOURNAL OF AQUATIC SCIENCE,CAS 4区
African Journal of Business Ethics,CAS 4区
African Journal of Disability,CAS 4区
AFRICAN JOURNAL OF ECOLOGY,CAS 4区
African Journal of Economic and Management Studies,CAS 4区
African Journal of Emergency Medicine,CAS 4区
African Journal of Employee Relations,Indexed
African Journal of Health Professions Education,CAS 4区
AFRICAN JOURNAL OF HERPETOLOGY,CAS 4区
African Journal of Information Systems,CAS 4区
African Journal of International and Comparative Law,CAS 4区
African Journal of Laboratory Medicine,CAS 4区
African Journal of Legal Studies,CAS 4区
African Journal of Library Archives and Information Science,CAS 4区
AFRICAN JOURNAL OF MARINE SCIENCE,CAS 4区
African Journal of Neurological Sciences,CAS 4区
African Journal of Nursing and Midwifery,CAS 4区
African Journal of Primary Health Care & Family Medicine,CAS 4区
AFRICAN JOURNAL OF RANGE & FORAGE SCIENCE,CAS 4区
African Journal of Reproductive Health,CAS 4区
African Journal of Research in Mathematics Science and Technology Education,CAS 4区
African Journal of Rhetoric,CAS 4区
African Journal of Science Technology Innovation & Development,CAS 4区
African Journal of Urology,CAS 4区
African Journal of Wildlife Research,CAS 4区
African Journal on Conflict Resolution,CAS 4区
African Review of Economics and Finance-AREF,CAS 4区
African Security,CAS 2区
African Security Review,CAS 3区
African Sociological Review,CAS 4区
AFRICAN STUDIES,CAS 3区
African Studies Review,CAS 3区
AFRICAN VISION AND EYE HEALTH,Indexed
African Vision and Eye Health Journal,CAS 4区
AFRICAN ZOOLOGY,CAS 4区
Africa Review,CAS 4区
Africa Spectrum,CAS 2区
Afrika Matematika,CAS 4区
Afriques-Debats Methodes et Terrains d Histoire,Indexed
Afterall,CAS 4区
Agathos-An International Review of the Humanities and Social Sciences,CAS 4区
AGE AND AGEING,CAS 2区 Top
Ageing International,CAS 4区
AGEING RESEARCH REVIEWS,CAS 1区 Top
AGEING & SOCIETY,CAS 3区
Agenda-Empowering Women for Gender Equity,CAS 4区
Age of Human Rights Journal,CAS 4区
Ager-Revista de Estudios sobre Despoblacion y Desarrollo Rural,CAS 4区
Aggregate,CAS 1区 Top
AGGRESSION AND VIOLENT BEHAVIOR,CAS 2区
AGGRESSIVE BEHAVIOR,SSCI/SCIE/SCI
Aging and Disease,CAS 3区
Aging and Health Research,Indexed
Aging Brain,CAS 4区
AGING CELL,CAS 1区 Top
AGING CLINICAL AND EXPERIMENTAL RESEARCH,CAS 3区
Aging Male,CAS 3区
Aging Medicine,CAS 4区
Aging Medicine and Healthcare,CAS 4区
AGING & MENTAL HEALTH,SSCI/SCIE/SCI
AGING NEUROPSYCHOLOGY AND COGNITION,CAS 4区
Agora-Estudos Classicos em Debate,CAS 4区
Agora-Papeles de Filosofia,CAS 4区
Agora para la Educacion Fisica y el Deporte,CAS 4区
Agrarforschung Schweiz,CAS 4区
Agrarian South-Journal of Political Economy,CAS 4区
Agrekon,CAS 4区
Agribusiness,SSCI/SCIE/SCI
Agricultural and Food Economics,SSCI/SCIE/SCI
AGRICULTURAL AND FOOD SCIENCE,CAS 4区
AGRICULTURAL AND FOREST ENTOMOLOGY,CAS 3区
AGRICULTURAL AND FOREST METEOROLOGY,CAS 1区 Top
Agricultural and Resource Economics-International Scientific E-Journal,CAS 4区
Agricultural and Resource Economics Review,CAS 4区
AGRICULTURAL ECONOMICS,SSCI/SCIE/SCI
Agricultural Economics-Zemedelska Ekonomika,SSCI/SCIE/SCI
Agricultural & Environmental Letters,CAS 4区
Agricultural Finance Review,CAS 4区
AGRICULTURAL HISTORY,SSCI/SCIE/SCI/AHCI
AGRICULTURAL HISTORY REVIEW,CAS 2区
AGRICULTURAL RESEARCH,CAS 4区
Agricultural Science and Practice,CAS 4区
AGRICULTURAL SYSTEMS,CAS 1区 Top
Agricultural Water Management,CAS 1区 Top
Agricultura Sociedad y Desarrollo,CAS 4区
AGRICULTURE AND HUMAN VALUES,SSCI/SCIE/SCI
Agriculture-Basel,CAS 2区
AGRICULTURE ECOSYSTEMS & ENVIRONMENT,CAS 1区 Top
Agriculture & Food Security,Indexed
AgriEngineering,CAS 3区
Agris on-line Papers in Economics and Informatics,Indexed
Agrisost,CAS 4区
Agritech,CAS 4区
Agri-The Journal of the Turkish Society of Algology,CAS 4区
Agrivita,CAS 4区
AGROCHIMICA,CAS 4区
AGROCIENCIA,CAS 4区
Agrociencia Uruguay,CAS 4区
Agroecology and Sustainable Food Systems,CAS 2区
AGROFORESTRY SYSTEMS,CAS 3区
Agroindustria Sociedad y Ambiente ASA,CAS 4区
AgroLife Scientific Journal,CAS 4区
AGRONOMIA MESOAMERICANA,CAS 4区
Agronomy-Basel,CAS 2区
Agronomy for Sustainable Development,CAS 1区 Top
AGRONOMY JOURNAL,CAS 3区
Agrosystems Geosciences & Environment,CAS 4区
AGU Advances,CAS 1区 Top
Agua y Territorio,CAS 4区
AI,CAS 4区
AIAA JOURNAL,CAS 3区
AIBR-Revista de Antropologia Iberoamericana,CAS 4区
AIB Studi,CAS 4区
AICHE JOURNAL,CAS 3区
AI COMMUNICATIONS,CAS 4区
AIDS,CAS 2区
AIDS AND BEHAVIOR,CAS 3区
AIDS CARE-PSYCHOLOGICAL AND SOCIO-MEDICAL ASPECTS OF AIDS/HIV,CAS 4区
AIDS EDUCATION AND PREVENTION,CAS 4区
AIDS PATIENT CARE AND STDS,SSCI/SCIE/SCI
AIDS RESEARCH AND HUMAN RETROVIRUSES,CAS 4区
AIDS Research and Therapy,CAS 4区
AIDS Research and Treatment,CAS 4区
AIDS REVIEWS,CAS 4区
AI EDAM-ARTIFICIAL INTELLIGENCE FOR ENGINEERING DESIGN ANALYSIS AND MANUFACTURING,CAS 3区
AILA Review,CAS 2区
AI MAGAZINE,CAS 4区
AIMS Agriculture and Food,CAS 4区
AIMS Allergy and Immunology,CAS 4区
AIMS Bioengineering,CAS 4区
AIMS Biophysics,CAS 4区
AIMS Energy,CAS 4区
AIMS Environmental Science,CAS 4区
AIMS Geosciences,CAS 4区
AIMS Materials Science,CAS 4区
AIMS Mathematics,CAS 3区
AIMS Medical Science,CAS 4区
AIMS Microbiology,CAS 4区
AIMS Molecular Science,CAS 4区
AIMS Neuroscience,CAS 4区
AIMS Public Health,CAS 3区
Ain Shams Engineering Journal,CAS 2区
Ain Shams Journal of Anesthesiology,CAS 4区
AI Open,Indexed
AIP Advances,CAS 4区
AIRCRAFT ENGINEERING AND AEROSPACE TECHNOLOGY,CAS 4区
Air Quality Atmosphere and Health,CAS 4区
Air Soil and Water Research,CAS 4区
Air & Space Law,CAS 4区
AI & Society,CAS 3区
Aisthesis-Pratiche Linguaggi e Saperi dell Estetico,CAS 4区
Aitia-Regards sur la Culture Hellenistique au XXIe Siecle,CAS 4区
Ajalooline Ajakiri-The Estonian Historical Journal,CAS 4区
AJAR-African Journal of AIDS Research,SSCI/SCIE/SCI
AJIDD-American Journal on Intellectual and Developmental Disabilities,CAS 4区
AJIL Unbound,CAS 3区
AJP Reports,CAS 4区
AJSP-Reviews and Reports,CAS 4区
AJS Review-The Journal of the Association for Jewish Studies,CAS 2区
AKADEMIKA,CAS 4区
AKCE International Journal of Graphs and Combinatorics,CAS 3区
Akkadica,Indexed
Akroterion-Journal for the Classics in South Africa,CAS 4区
Aktualni Gynekologie a Porodnictvi,CAS 4区
Aktualnosci Neurologiczne,CAS 4区
AKTUELLE DERMATOLOGIE,CAS 4区
AKTUELLE ERNAHRUNGSMEDIZIN,CAS 4区
Aktuelle Kardiologie,CAS 4区
AKTUELLE RHEUMATOLOGIE,CAS 4区
AKTUELLE UROLOGIE,CAS 4区
Akustika,CAS 4区
Alabe-Revista de Investigacion sobre Lectura y Escritura,CAS 4区
Al-Arabiyya-Journal of the American Association of Teachers of Arabic,CAS 4区
Al-Bayan-Journal of Quran and Hadith Studies,CAS 4区
ALBERTA LAW REVIEW,CAS 4区
ALCHERINGA,CAS 4区
ALCOHOL,CAS 4区
ALCOHOL AND ALCOHOLISM,SSCI/SCIE/SCI
ALCOHOL-CLINICAL AND EXPERIMENTAL RESEARCH,CAS 3区
Alcoholism Treatment Quarterly,CAS 4区
Alcohol Research-Current Reviews,CAS 2区
ALDRICHIMICA ACTA,CAS 4区
Alea-Estudos Neolatinos,CAS 4区
ALEA-Latin American Journal of Probability and Mathematical Statistics,CAS 4区
Aleph-Historical Studies in Science & Judaism,CAS 3区
Alergia Astma Immunologia,CAS 4区
Alergologia Polska-Polish Journal of Allergology,CAS 4区
Alexandria Engineering Journal,CAS 2区
Alexandria Journal of Medicine,CAS 4区
ALGAE,CAS 2区
Algal Research-Biomass Biofuels and Bioproducts,CAS 2区
Algebra And Discrete Mathematics,CAS 4区
Algebra and Logic,CAS 4区
ALGEBRA COLLOQUIUM,CAS 4区
Algebraic and Geometric Topology,CAS 3区
Algebraic Combinatorics,Indexed
Algebraic Geometry,CAS 1区 Top
Algebra & Number Theory,CAS 2区
ALGEBRAS AND REPRESENTATION THEORY,CAS 4区
ALGEBRA UNIVERSALIS,CAS 3区
ALGORITHMICA,CAS 4区
Algorithmic Finance,CAS 4区
Algorithms,CAS 4区
Algorithms for Molecular Biology,CAS 4区
Alicante Journal of English Studies-Revista Alicantina de Estudios Ingleses,CAS 3区
ALIMENTARY PHARMACOLOGY & THERAPEUTICS,CAS 1区 Top
Al-Jamiah-Journal of Islamic Studies,CAS 3区
Alkoholizm i Narkomania-Alcoholism and Drug Addiction,CAS 4区
All Azimuth-A Journal of Foreign Policy and Peace,CAS 4区
All Earth,CAS 4区
Allergo Journal,CAS 4区
ALLERGOLOGIA ET IMMUNOPATHOLOGIA,CAS 4区
ALLERGOLOGIE,CAS 4区
Allergologie select,Indexed
ALLERGOLOGY INTERNATIONAL,CAS 2区
ALLERGY,CAS 1区 Top
ALLERGY AND ASTHMA PROCEEDINGS,CAS 3区
Allergy Asthma and Clinical Immunology,CAS 4区
Allergy Asthma & Immunology Research,CAS 2区
Allergy Asthma & Respiratory Disease,CAS 4区
Allgemeine Zeitschrift fur Philosophie,CAS 4区
All Life,CAS 4区
Al-Masaq-Journal of the Medieval Mediterranean,CAS 2区
Almatourism-Journal of Tourism Culture and Territorial Development,CAS 4区
Aloma-Revista de Psicologia Ciencies de l Educacio i de l Esport,CAS 4区
Alpha Psychiatry,CAS 4区
Alpha-Revista de Artes Letras y Filosofia,CAS 4区
Alpine Botany,CAS 2区
Alpine Entomology,CAS 4区
AL-QANTARA,CAS 4区
Al-Shajarah,CAS 4区
ALSIC-Apprentissage des Langues et Systems d Information et de Communication,CAS 4区
Alter-European Journal of Disability Research,CAS 4区
Alteridad-Revista de Educacion,CAS 4区
Alternativas. Cuadernos de Trabajo Social,CAS 4区
Alternative-An International Journal of Indigenous Peoples,CAS 3区
Alternative Law Journal,CAS 4区
ALTERNATIVES,CAS 3区
ALTEX-Alternatives to Animal Experimentation,CAS 2区
Altre Modernita-Rivista di Studi Letterari e Culturali,CAS 4区
ALZHEIMER DISEASE & ASSOCIATED DISORDERS,CAS 4区
Alzheimers & Dementia,CAS 1区 Top
"Alzheimer's & Dementia: Diagnosis, Assessment & Disease Monitoring",CAS 3区
Alzheimers & Dementia-Translational Research & Clinical Interventions,CAS 2区
Alzheimers Research & Therapy,CAS 1区 Top
AMA-Agricultural Mechanization in Asia Africa and Latin America,CAS 4区
Amaltea-Revista de MitocrItica,Indexed
Amazonia Investiga,CAS 4区
AMB Express,CAS 2区
AMBIO,CAS 2区
Ambitos,Indexed
Ambitos-Revista de Estudios de Ciencias Sociales y Humanidades,CAS 4区
Ambix,SCIE/SCI/AHCI
AME Case Reports,CAS 4区
AMEGHINIANA,CAS 4区
AME Medical Journal,Indexed
AMERASIA JOURNAL,CAS 4区
America Latina Hoy-Revista de Ciencias Sociales,CAS 4区
AMERICAN ANNALS OF THE DEAF,CAS 4区
AMERICAN ANTHROPOLOGIST,CAS 1区 Top
AMERICAN ANTIQUITY,SSCI/SCI/AHCI
American Art,CAS 3区
AMERICAN BANKRUPTCY LAW JOURNAL,CAS 4区
AMERICAN BEHAVIORAL SCIENTIST,CAS 3区
AMERICAN BIOLOGY TEACHER,CAS 4区
AMERICAN BOOK REVIEW,CAS 4区
"American, British and Canadian Studies",CAS 4区
AMERICAN BUSINESS LAW JOURNAL,CAS 2区
AMERICAN CATHOLIC PHILOSOPHICAL QUARTERLY,CAS 4区
AMERICAN CERAMIC SOCIETY BULLETIN,CAS 4区
AMERICAN CRIMINAL LAW REVIEW,Indexed
American Economic Journal-Applied Economics,CAS 1区 Top
American Economic Journal-Economic Policy,CAS 1区 Top
American Economic Journal-Macroeconomics,CAS 1区 Top
American Economic Journal-Microeconomics,CAS 2区
AMERICAN ECONOMIC REVIEW,CAS 1区 Top
American Economic Review-Insights,CAS 1区 Top
AMERICAN EDUCATIONAL RESEARCH JOURNAL,CAS 1区 Top
AMERICAN ETHNOLOGIST,CAS 1区 Top
AMERICAN FAMILY PHYSICIAN,CAS 3区
AMERICAN FERN JOURNAL,CAS 4区
American Health and Drug Benefits,CAS 4区
AMERICAN HEART JOURNAL,CAS 2区
American Heart Journal Plus: Cardiology Research and Practice,CAS 4区
AMERICAN HISTORICAL REVIEW,SSCI/SCI/AHCI
Americania-Revista de Estudios Latinoamericanos,CAS 4区
AMERICAN IMAGO,CAS 4区
AMERICAN INDIAN AND ALASKA NATIVE MENTAL HEALTH RESEARCH,CAS 3区
AMERICAN INDIAN CULTURE AND RESEARCH JOURNAL,CAS 3区
AMERICAN JEWISH HISTORY,CAS 3区
American Journalism,CAS 3区
AMERICAN JOURNAL OF AGRICULTURAL ECONOMICS,SSCI/SCIE/SCI
American Journal of Alzheimers Disease and Other Dementias,CAS 4区
AMERICAN JOURNAL OF ARCHAEOLOGY,CAS 2区 Top
American Journal of Audiology,CAS 4区
AMERICAN JOURNAL OF BIOETHICS,SSCI/SCIE/SCI
American Journal of Biological Anthropology,SSCI/SCIE/SCI
AMERICAN JOURNAL OF BOTANY,CAS 2区
American Journal of Business,CAS 4区
American Journal of Cancer Research,CAS 3区
AMERICAN JOURNAL OF CARDIOLOGY,CAS 3区
American Journal of Cardiovascular Disease,CAS 4区
American Journal of Cardiovascular Drugs,CAS 3区
American Journal of Case Reports,CAS 4区
AMERICAN JOURNAL OF CHINESE MEDICINE,CAS 2区
American Journal of Clinical and Experimental Immunology,CAS 4区
American Journal of Clinical and Experimental Urology,CAS 4区
AMERICAN JOURNAL OF CLINICAL DERMATOLOGY,CAS 1区 Top
AMERICAN JOURNAL OF CLINICAL HYPNOSIS,CAS 4区
AMERICAN JOURNAL OF CLINICAL NUTRITION,CAS 1区 Top
AMERICAN JOURNAL OF CLINICAL ONCOLOGY-CANCER CLINICAL TRIALS,CAS 4区
AMERICAN JOURNAL OF CLINICAL PATHOLOGY,CAS 4区
AMERICAN JOURNAL OF COMMUNITY PSYCHOLOGY,CAS 2区
AMERICAN JOURNAL OF COMPARATIVE LAW,CAS 3区
American Journal of Criminal Justice,CAS 3区
AMERICAN JOURNAL OF CRITICAL CARE,CAS 3区
American Journal of Cultural Sociology,CAS 3区
AMERICAN JOURNAL OF DANCE THERAPY,CAS 4区
AMERICAN JOURNAL OF DENTISTRY,CAS 4区
AMERICAN JOURNAL OF DERMATOPATHOLOGY,CAS 4区
American Journal of Distance Education,CAS 4区
AMERICAN JOURNAL OF DRUG AND ALCOHOL ABUSE,SSCI/SCIE/SCI
AMERICAN JOURNAL OF ECONOMICS AND SOCIOLOGY,CAS 4区
AMERICAN JOURNAL OF EDUCATION,CAS 2区
AMERICAN JOURNAL OF EMERGENCY MEDICINE,CAS 3区
AMERICAN JOURNAL OF ENOLOGY AND VITICULTURE,CAS 3区
AMERICAN JOURNAL OF EPIDEMIOLOGY,CAS 2区
AMERICAN JOURNAL OF EVALUATION,CAS 4区
AMERICAN JOURNAL OF FAMILY THERAPY,CAS 4区
AMERICAN JOURNAL OF FORENSIC MEDICINE AND PATHOLOGY,CAS 4区
AMERICAN JOURNAL OF GASTROENTEROLOGY,CAS 1区 Top
AMERICAN JOURNAL OF GERIATRIC PSYCHIATRY,SSCI/SCIE/SCI
American Journal of Health Economics,CAS 2区
American Journal of Health Education,CAS 4区
AMERICAN JOURNAL OF HEALTH PROMOTION,CAS 4区
AMERICAN JOURNAL OF HEALTH-SYSTEM PHARMACY,CAS 4区
AMERICAN JOURNAL OF HEMATOLOGY,CAS 1区 Top
American Journal of Hospice & Palliative Medicine,CAS 4区
AMERICAN JOURNAL OF HUMAN BIOLOGY,SSCI/SCIE/SCI
AMERICAN JOURNAL OF HUMAN GENETICS,CAS 1区 Top
AMERICAN JOURNAL OF HYPERTENSION,CAS 3区
AMERICAN JOURNAL OF INDUSTRIAL MEDICINE,CAS 3区
AMERICAN JOURNAL OF INFECTION CONTROL,CAS 3区
AMERICAN JOURNAL OF INTERNATIONAL LAW,CAS 2区
AMERICAN JOURNAL OF KIDNEY DISEASES,CAS 1区 Top
AMERICAN JOURNAL OF LAW & MEDICINE,CAS 4区
AMERICAN JOURNAL OF LEGAL HISTORY,CAS 3区
American Journal of Lifestyle Medicine,CAS 4区
AMERICAN JOURNAL OF MANAGED CARE,SSCI/SCIE/SCI
AMERICAN JOURNAL OF MATHEMATICS,CAS 1区 Top
AMERICAN JOURNAL OF MEDICAL GENETICS PART A,CAS 3区
AMERICAN JOURNAL OF MEDICAL GENETICS PART B-NEUROPSYCHIATRIC GENETICS,CAS 4区
AMERICAN JOURNAL OF MEDICAL GENETICS PART C-SEMINARS IN MEDICAL GENETICS,CAS 3区
AMERICAN JOURNAL OF MEDICAL QUALITY,CAS 4区
American Journal of Medicine,CAS 3区
American Journal of Mens Health,CAS 4区
AMERICAN JOURNAL OF NEPHROLOGY,CAS 2区
AMERICAN JOURNAL OF NEURORADIOLOGY,CAS 2区
American Journal of Nuclear Medicine and Molecular Imaging,CAS 4区
AMERICAN JOURNAL OF NURSING,SSCI/SCIE/SCI
AMERICAN JOURNAL OF OBSTETRICS AND GYNECOLOGY,CAS 1区 Top
American Journal of Obstetrics & Gynecology MFM,CAS 2区
AMERICAN JOURNAL OF OCCUPATIONAL THERAPY,CAS 4区
AMERICAN JOURNAL OF OPHTHALMOLOGY,CAS 1区 Top
AMERICAN JOURNAL OF ORTHODONTICS AND DENTOFACIAL ORTHOPEDICS,CAS 2区
AMERICAN JOURNAL OF ORTHOPSYCHIATRY,CAS 3区
AMERICAN JOURNAL OF OTOLARYNGOLOGY,CAS 3区
AMERICAN JOURNAL OF PATHOLOGY,CAS 2区
AMERICAN JOURNAL OF PERINATOLOGY,CAS 4区
AMERICAN JOURNAL OF PHARMACEUTICAL EDUCATION,CAS 3区
AMERICAN JOURNAL OF PHILOLOGY,CAS 2区
AMERICAN JOURNAL OF PHYSICAL MEDICINE & REHABILITATION,CAS 4区
AMERICAN JOURNAL OF PHYSICS,CAS 4区
AMERICAN JOURNAL OF PHYSIOLOGY-CELL PHYSIOLOGY,CAS 3区
AMERICAN JOURNAL OF PHYSIOLOGY-ENDOCRINOLOGY AND METABOLISM,CAS 2区
AMERICAN JOURNAL OF PHYSIOLOGY-GASTROINTESTINAL AND LIVER PHYSIOLOGY,CAS 3区
AMERICAN JOURNAL OF PHYSIOLOGY-HEART AND CIRCULATORY PHYSIOLOGY,CAS 2区
AMERICAN JOURNAL OF PHYSIOLOGY-LUNG CELLULAR AND MOLECULAR PHYSIOLOGY,CAS 3区
"American Journal of Physiology-Regulatory, Integrative and Comparative Physiology",CAS 4区
AMERICAN JOURNAL OF PHYSIOLOGY-RENAL PHYSIOLOGY,CAS 2区
American Journal of Play,CAS 4区
AMERICAN JOURNAL OF POLITICAL SCIENCE,CAS 1区 Top
AMERICAN JOURNAL OF POTATO RESEARCH,CAS 4区
American Journal of Preventive Cardiology,CAS 2区
AMERICAN JOURNAL OF PREVENTIVE MEDICINE,SSCI/SCIE/SCI
AMERICAN JOURNAL OF PRIMATOLOGY,CAS 3区
AMERICAN JOURNAL OF PSYCHIATRY,SSCI/SCIE/SCI
AMERICAN JOURNAL OF PSYCHOLOGY,CAS 4区
AMERICAN JOURNAL OF PSYCHOTHERAPY,CAS 3区
AMERICAN JOURNAL OF PUBLIC HEALTH,SSCI/SCIE/SCI
AMERICAN JOURNAL OF REPRODUCTIVE IMMUNOLOGY,CAS 4区
AMERICAN JOURNAL OF RESPIRATORY AND CRITICAL CARE MEDICINE,CAS 1区 Top
AMERICAN JOURNAL OF RESPIRATORY CELL AND MOLECULAR BIOLOGY,CAS 2区
American Journal of Rhinology & Allergy,CAS 3区
AMERICAN JOURNAL OF ROENTGENOLOGY,CAS 2区 Top
AMERICAN JOURNAL OF SCIENCE,CAS 4区
AMERICAN JOURNAL OF SEMIOTICS,CAS 4区
American Journal of Sexuality Education,CAS 4区
AMERICAN JOURNAL OF SOCIOLOGY,CAS 1区 Top
AMERICAN JOURNAL OF SPEECH-LANGUAGE PATHOLOGY,SSCI/SCIE/SCI
AMERICAN JOURNAL OF SPORTS MEDICINE,CAS 1区 Top
American Journal of Stem Cells,CAS 4区
AMERICAN JOURNAL OF SURGERY,CAS 3区
AMERICAN JOURNAL OF SURGICAL PATHOLOGY,CAS 1区 Top
AMERICAN JOURNAL OF THE MEDICAL SCIENCES,CAS 4区
AMERICAN JOURNAL OF THERAPEUTICS,CAS 4区
American Journal of Translational Research,CAS 4区
AMERICAN JOURNAL OF TRANSPLANTATION,CAS 1区 Top
AMERICAN JOURNAL OF TROPICAL MEDICINE AND HYGIENE,CAS 4区
AMERICAN JOURNAL OF VETERINARY RESEARCH,CAS 3区
AMERICAN JOURNAL ON ADDICTIONS,CAS 4区
American Law and Economics Review,CAS 4区
AMERICAN LITERARY HISTORY,CAS 2区
AMERICAN LITERARY REALISM,CAS 3区
American Literary Scholarship,CAS 4区
AMERICAN LITERATURE,CAS 3区
AMERICAN MALACOLOGICAL BULLETIN,CAS 4区
AMERICAN MATHEMATICAL MONTHLY,CAS 4区
AMERICAN MINERALOGIST,CAS 3区
AMERICAN MUSEUM NOVITATES,CAS 4区
AMERICAN MUSIC,CAS 3区
AMERICAN NATURALIST,CAS 2区
American Nineteenth Century History,CAS 4区
American Periodicals,CAS 4区
AMERICAN PHILOSOPHICAL QUARTERLY,CAS 2区
AMERICAN POETRY REVIEW,CAS 4区
AMERICAN POLITICAL SCIENCE REVIEW,CAS 1区 Top
American Political Thought,CAS 4区
AMERICAN POLITICS RESEARCH,CAS 3区
AMERICAN PSYCHOLOGIST,CAS 1区 Top
AMERICAN QUARTERLY,CAS 3区
American Review of Canadian Studies,CAS 4区
AMERICAN REVIEW OF PUBLIC ADMINISTRATION,CAS 3区
AMERICAN SCIENTIST,CAS 4区
AMERICAN SOCIOLOGICAL REVIEW,CAS 1区 Top
AMERICAN SOCIOLOGIST,CAS 3区
AMERICAN SPEECH,SSCI/SCI/AHCI
AMERICAN STATISTICIAN,CAS 3区
AMERICAN STUDIES IN SCANDINAVIA,CAS 4区
AMERICAN SURGEON,CAS 4区
AMERICAS,SSCI/SCI/AHCI
America sin Nombre,CAS 4区
AME Surgical Journal,Indexed
Amfiteatru Economic,CAS 4区
AMINO ACIDS,CAS 3区
AM Journal of Art and Media Studies,CAS 4区
Amme Idaresi Dergisi,CAS 4区
AMPHIBIAN & REPTILE CONSERVATION,CAS 4区
AMPHIBIA-REPTILIA,CAS 4区
AMYLOID-JOURNAL OF PROTEIN FOLDING DISORDERS,CAS 2区
Amyotrophic Lateral Sclerosis and Frontotemporal Degeneration,CAS 4区
Anacronismo e Irrupcion,CAS 4区
Anadolu Arastirmalari-Anatolian Research,CAS 4区
Anadolu Universitesi Sanat & Tasarim Dergisi-Anadolu University Journal of Art & Design,CAS 4区
ANAEROBE,CAS 3区
ANAESTHESIA,CAS 1区 Top
ANAESTHESIA AND INTENSIVE CARE,CAS 4区
Anaesthesia and Intensive Care Medicine,CAS 4区
Anaesthesia Critical Care & Pain Medicine,CAS 2区
Anaesthesia Pain & Intensive Care,CAS 4区
Anaesthesia Reports,CAS 4区
Anaesthesiologie,CAS 4区
Anaesthesiology Intensive Therapy,CAS 4区
Anafora,CAS 4区
ANAIS BRASILEIROS DE DERMATOLOGIA,CAS 3区
Anais Brasileiros de Estudos Turisticos-ABET,CAS 4区
ANAIS DA ACADEMIA BRASILEIRA DE CIENCIAS,CAS 4区
Analecta Politica,CAS 4区
Analele Stiintifice ale Universitatii Ovidius Constanta-Seria Matematica,CAS 4区
Analele Universitatii Bucuresti-Filosofie-Annals of the University of Bucharest-Philosophy,CAS 4区
Analele Universitatii Bucuresti-Stiinte Politice,CAS 4区
Anales AFA,CAS 4区
ANALES CERVANTINOS,CAS 3区
Anales de Documentacion,CAS 4区
Anales de Filologia Francesa,CAS 4区
Anales de Geografia de la Universidad Complutense,CAS 4区
Anales de Historia del Arte,CAS 3区
Anales de la Facultad de Medicina-Universidad de la Republica Uruguay,CAS 4区
ANALES DE LA LITERATURA ESPANOLA CONTEMPORANEA,CAS 4区
Anales de la Universidad de Alicante Historia Medieval,Indexed
Anales del Instituto de Actuarios Espanoles,CAS 4区
Anales de Literatura Chilena,CAS 4区
Anales de Literatura Espanola,CAS 3区
Anales de Literatura Hispanoamericana,CAS 4区
ANALES DEL JARDIN BOTANICO DE MADRID,CAS 4区
Anales del Seminario de Historia de la Filosofia,CAS 3区
Anales del Sistema Sanitario De Navarra,SSCI/SCIE/SCI
ANALES DE PEDIATRIA,CAS 4区
Anales de Psicologia,SSCI/SCIE/SCI
Anales Galdosianos,CAS 4区
Analisi-Quaderns de Comunicacio i Cultura,CAS 4区
Analisis Filosofico,CAS 4区
Anali Zavoda za Povijesne Znanosti Hrvatske Akademije Znanosti I Umjetnosti u Dubrovniku,CAS 4区
ANALOG INTEGRATED CIRCUITS AND SIGNAL PROCESSING,CAS 4区
Analyses of Social Issues and Public Policy,CAS 4区
Analyses-Revue de Critique et de Theorie Litteraire,CAS 4区
ANALYSIS,CAS 2区 Top
Analysis and Applications,CAS 2区
Analysis and Geometry in Metric Spaces,CAS 3区
Analysis and Mathematical Physics,CAS 3区
Analysis-International Mathematical Journal of Analysis and its Applications,CAS 4区
Analysis in Theory and Applications,CAS 4区
Analysis Mathematica,CAS 4区
Analysis of Verbal Behavior,CAS 4区
Analysis & PDE,CAS 1区 Top
Analysis & Sensing,CAS 4区
ANALYST,CAS 3区
Analytica,Indexed
Analytica Chimica Acta,CAS 2区 Top
ANALYTICAL AND BIOANALYTICAL CHEMISTRY,CAS 2区
Analytical and Bioanalytical Chemistry Research,CAS 4区
Analytical & Bioanalytical Electrochemistry,CAS 4区
ANALYTICAL BIOCHEMISTRY,CAS 4区
Analytical Cellular Pathology,CAS 4区
ANALYTICAL CHEMISTRY,CAS 1区 Top
Analytical Chemistry Letters,CAS 4区
ANALYTICAL LETTERS,CAS 4区
Analytical Methods,CAS 3区
Analytical Science Advances,CAS 3区
Analytical Science and Technology,CAS 4区
ANALYTICAL SCIENCES,CAS 4区
Analytic Methods in Accident Research,CAS 1区 Top
Analytic Philosophy,CAS 3区
Anaquel de Estudios Arabes,CAS 4区
ANASTHESIOLOGIE & INTENSIVMEDIZIN,CAS 4区
ANASTHESIOLOGIE INTENSIVMEDIZIN NOTFALLMEDIZIN SCHMERZTHERAPIE,CAS 4区
Anatolia-International Journal of Tourism and Hospitality Research,CAS 4区
Anatolian Journal of Cardiology,CAS 4区
Anatolian Studies,CAS 4区
ANATOMIA HISTOLOGIA EMBRYOLOGIA,CAS 4区
Anatomical Record-Advances in Integrative Anatomy and Evolutionary Biology,CAS 4区
ANATOMICAL SCIENCE INTERNATIONAL,CAS 4区
Anatomical Sciences Education,CAS 2区 Top
Anatomy & Cell Biology,CAS 4区
Ancient Asia-Journal of the Society of South Asian Archaeology,CAS 4区
Ancient Civilizations from Scythia to Siberia,CAS 3区
Ancient Mesoamerica,CAS 1区 Top
Ancient Near Eastern Studies,CAS 4区
Ancient Philosophy Today: DIALOGOI,Indexed
Anclajes,CAS 3区
Andamios,CAS 4区
Andean Geology,CAS 4区
Andes Pediatrica,CAS 4区
ANDROLOGIA,CAS 4区
Andrology,CAS 3区
Anduli,CAS 4区
Anemia,CAS 4区
Anesteziologie a Intenzivni Medicina,CAS 4区
ANESTHESIA AND ANALGESIA,CAS 2区 Top
Anesthesia and Pain Medicine,Indexed
Anesthesie & Reanimation,CAS 4区
ANESTHESIOLOGY,CAS 1区 Top
Anesthesiology and Perioperative Science,Indexed
Anesthesiology Research and Practice,CAS 3区
ANGELAKI-JOURNAL OF THE THEORETICAL HUMANITIES,CAS 4区
Angermion-Yearbook for Anglo-German Literary Criticism Intellectual History and Cultural Transfers-Jahrbuch fuer Britisch-Deutsche Kulturbeziehungen,CAS 4区
ANGEWANDTE CHEMIE-INTERNATIONAL EDITION,CAS 1区 Top
ANGIOGENESIS,CAS 1区 Top
Angiologia,CAS 4区
ANGIOLOGY,CAS 3区
ANGLE ORTHODONTIST,CAS 2区
ANGLIA-ZEITSCHRIFT FUR ENGLISCHE PHILOLOGIE,CAS 3区
Anil Aggrawals Internet Journal of Forensic Medicine and Toxicology,CAS 4区
Animal,CAS 1区 Top
ANIMAL BEHAVIOUR,CAS 2区
ANIMAL BIODIVERSITY AND CONSERVATION,CAS 4区
ANIMAL BIOLOGY,CAS 4区
Animal Bioscience,CAS 2区
ANIMAL BIOTECHNOLOGY,CAS 3区
Animal Biotelemetry,CAS 3区
Animal Cells and Systems,CAS 3区
ANIMAL COGNITION,CAS 2区
ANIMAL CONSERVATION,CAS 2区
Animal Diseases,Indexed
ANIMAL FEED SCIENCE AND TECHNOLOGY,CAS 2区
Animal Frontiers,CAS 2区
ANIMAL GENETICS,CAS 4区
ANIMAL HEALTH RESEARCH REVIEWS,CAS 2区
Animal Microbiome,CAS 2区
Animal Models and Experimental Medicine,CAS 2区
Animal Nutrition,CAS 1区 Top
Animal Production Science,CAS 4区
Animal Reproduction,CAS 4区
ANIMAL REPRODUCTION SCIENCE,CAS 2区
Animals,CAS 2区
ANIMAL SCIENCE JOURNAL,CAS 3区
ANIMAL SCIENCE PAPERS AND REPORTS,CAS 4区
Animal Taxonomy and Ecology,Indexed
ANIMAL WELFARE,CAS 3区
Animation-An Interdisciplinary Journal,CAS 2区 Top
Ankara Avrupa Calismalari Dergisi-Ankara Review of European Studies,CAS 4区
Ankara Universitesi Egitim Bilimleri Fakultesi Ozel Egitim Dergisi-Ankara University Faculty of Educational Sciences Journal of Special Education,CAS 4区
Ankara Universitesi Veteriner Fakultesi Dergisi,CAS 4区
ANNALEN DER PHYSIK,CAS 3区
Annales-Anali za Istrske in Mediteranske Studije-Series Historia et Sociologia,CAS 4区
ANNALES BOTANICI FENNICI,CAS 4区
ANNALES DE BIOLOGIE CLINIQUE,CAS 4区
ANNALES DE BRETAGNE ET DES PAYS DE L OUEST,CAS 4区
ANNALES DE CHIMIE-SCIENCE DES MATERIAUX,CAS 4区
Annales de Chirurgie Plastique Esthetique,CAS 4区
ANNALES DE DERMATOLOGIE ET DE VENEREOLOGIE,CAS 3区
ANNALES DE LA SOCIETE ENTOMOLOGIQUE DE FRANCE,CAS 3区
ANNALES DE L INSTITUT FOURIER,CAS 3区
ANNALES DE L INSTITUT HENRI POINCARE-ANALYSE NON LINEAIRE,CAS 2区
Annales de l Institut Henri Poincare D,CAS 2区
ANNALES DE L INSTITUT HENRI POINCARE-PROBABILITES ET STATISTIQUES,CAS 3区
ANNALES D ENDOCRINOLOGIE,CAS 3区
ANNALES DE PALEONTOLOGIE,CAS 4区
ANNALES DE PATHOLOGIE,CAS 4区
Annales Fennici Mathematici,CAS 3区
Annales Francaises de Medecine d Urgence,CAS 4区
ANNALES GEOPHYSICAE,CAS 3区
ANNALES HENRI POINCARE,CAS 3区
ANNALES HISTORIQUES DE LA REVOLUTION FRANCAISE,CAS 4区
Annales Instituti Archaeologici,CAS 4区
Annales Mathematicae et Informaticae,CAS 4区
Annales Mathematicae Silesianae,CAS 4区
Annales Mathematiques du Quebec,CAS 4区
ANNALES MEDICO-PSYCHOLOGIQUES,CAS 4区
Annales Pharmaceutiques Francaises,CAS 4区
Annales Polonici Mathematici,CAS 4区
ANNALES SCIENTIFIQUES DE L ECOLE NORMALE SUPERIEURE,CAS 1区 Top
ANNALES SOCIETATIS GEOLOGORUM POLONIAE,CAS 4区
Annales Universitatis Paedagogicae Cracoviensis-Studia Mathematica,CAS 4区
ANNALES ZOOLOGICI,CAS 3区
ANNALES ZOOLOGICI FENNICI,CAS 4区
ANNALI DELLA SCUOLA NORMALE SUPERIORE DI PISA-CLASSE DI SCIENZE,CAS 2区
Annali dell Istituto storico italo-germanico in Trento,Indexed
ANNALI DELL ISTITUTO SUPERIORE DI SANITA,CAS 4区
Annali di Botanica,CAS 4区
Annali di Igiene Medicina Preventiva e di Comunita,CAS 4区
ANNALI DI MATEMATICA PURA ED APPLICATA,CAS 3区
Annali di Storia delle Universita Italiane,CAS 4区
Annali Italiani di Chirurgia,CAS 4区
Annals Abbasi Shaheed Hospital & Karachi Medical & Dental College,CAS 4区
ANNALS ACADEMY OF MEDICINE SINGAPORE,CAS 4区
Annals in Social Responsibility,Indexed
Annals of Actuarial Science,CAS 3区
Annals of African Medicine,CAS 4区
ANNALS OF AGRICULTURAL AND ENVIRONMENTAL MEDICINE,CAS 4区
ANNALS OF AGRICULTURAL SCIENCES,CAS 2区
ANNALS OF ALLERGY ASTHMA & IMMUNOLOGY,CAS 2区
ANNALS OF ANATOMY-ANATOMISCHER ANZEIGER,CAS 3区
Annals of Animal Science,CAS 4区
Annals of Anthropological Practice,CAS 4区
ANNALS OF APPLIED BIOLOGY,CAS 3区
ANNALS OF APPLIED PROBABILITY,CAS 2区
Annals of Applied Sport Science,CAS 4区
Annals of Applied Statistics,CAS 4区
ANNALS OF BEHAVIORAL MEDICINE,CAS 2区
ANNALS OF BIOMEDICAL ENGINEERING,CAS 3区
Annals of Blood,Indexed
ANNALS OF BOTANY,CAS 2区 Top
Annals of Breast Surgery,Indexed
Annals of Cardiac Anaesthesia,CAS 4区
Annals of Cardiothoracic Surgery,CAS 2区
ANNALS OF CARNEGIE MUSEUM,CAS 4区
Annals of Clinical and Analytical Medicine,CAS 4区
ANNALS OF CLINICAL AND LABORATORY SCIENCE,CAS 4区
Annals of Clinical and Translational Neurology,CAS 2区
ANNALS OF CLINICAL BIOCHEMISTRY,CAS 4区
Annals of Clinical Microbiology and Antimicrobials,CAS 2区
Annals of Clinical Psychiatry,SSCI/SCIE/SCI
Annals of Coloproctology,CAS 3区
Annals of Combinatorics,CAS 3区
Annals of Corporate Governance,Indexed
Annals of Dermatology,CAS 4区
Annals of Diagnostic Pathology,CAS 4区
ANNALS OF DYSLEXIA,CAS 3区
Annals of Economics and Finance,CAS 4区
ANNALS OF EMERGENCY MEDICINE,CAS 1区 Top
ANNALS OF EPIDEMIOLOGY,CAS 3区
Annals of Esophagus,Indexed
Annals of Eye Science,Indexed
ANNALS OF FAMILY MEDICINE,CAS 2区
Annals of Finance,CAS 4区
Annals of Financial Economics,CAS 4区
Annals of Forest Research,CAS 4区
ANNALS OF FOREST SCIENCE,CAS 3区
Annals of Functional Analysis,CAS 3区
Annals of Gastroenterological Surgery,CAS 3区
Annals of Gastroenterology,CAS 4区
Annals of General Psychiatry,SSCI/SCIE/SCI
ANNALS OF GEOPHYSICS,CAS 4区
Annals of Geriatric Medicine and Research,CAS 4区
Annals of GIS,CAS 3区
ANNALS OF GLACIOLOGY,CAS 4区
ANNALS OF GLOBAL ANALYSIS AND GEOMETRY,CAS 4区
Annals of Global Health,CAS 3区
ANNALS OF HEMATOLOGY,CAS 3区
Annals of Hepato-Biliary-Pancreatic Surgery,CAS 4区
Annals of Hepatology,CAS 3区
ANNALS OF HUMAN BIOLOGY,SSCI/SCIE/SCI
ANNALS OF HUMAN GENETICS,CAS 4区
Annals of Indian Academy of Neurology,CAS 4区
Annals of Indian Psychiatry,CAS 4区
Annals of Intensive Care,CAS 1区 Top
ANNALS OF INTERNAL MEDICINE,CAS 1区 Top
Annals of Joint,CAS 4区
Annals of King Edward Medical University Lahore Pakistan,CAS 4区
Annals of K-Theory,CAS 3区
Annals of Laboratory Medicine,CAS 2区
Annals of Laparoscopic and Endoscopic Surgery,CAS 4区
Annals of Leisure Research,CAS 3区
Annals of Library and Information Studies,CAS 4区
Annals of Mathematical Sciences and Applications,CAS 4区
ANNALS OF MATHEMATICS,CAS 1区 Top
ANNALS OF MATHEMATICS AND ARTIFICIAL INTELLIGENCE,CAS 4区
ANNALS OF MEDICINE,CAS 2区
Annals of Medicine and Surgery,CAS 4区
ANNALS OF MICROBIOLOGY,CAS 3区
ANNALS OF NEUROLOGY,CAS 1区 Top
Annals of Neurosciences,CAS 4区
ANNALS OF NONINVASIVE ELECTROCARDIOLOGY,CAS 4区
ANNALS OF NUCLEAR ENERGY,CAS 3区
ANNALS OF NUCLEAR MEDICINE,CAS 4区
ANNALS OF NUTRITION AND METABOLISM,CAS 4区
Annals of Occupational and Environmental Medicine,CAS 4区
ANNALS OF ONCOLOGY,CAS 1区 Top
ANNALS OF OPERATIONS RESEARCH,CAS 4区
ANNALS OF OTOLOGY RHINOLOGY AND LARYNGOLOGY,CAS 4区
Annals of PDE,CAS 1区 Top
Annals of Pediatric Cardiology,CAS 4区
Annals of Pediatric Endocrinology & Metabolism,CAS 3区
Annals of Pediatric Surgery,CAS 4区
ANNALS OF PHARMACOTHERAPY,CAS 4区
Annals of Physical and Rehabilitation Medicine,CAS 2区
Annals of Physics,CAS 3区
Annals of Phytomedicine-An International Journal,CAS 4区
ANNALS OF PLASTIC SURGERY,CAS 4区
ANNALS OF PROBABILITY,CAS 1区 Top
Annals of Public and Cooperative Economics,CAS 3区
ANNALS OF PURE AND APPLIED LOGIC,CAS 2区
ANNALS OF REGIONAL SCIENCE,CAS 3区
Annals of Rehabilitation Medicine-ARM,CAS 4区
ANNALS OF SAUDI MEDICINE,CAS 4区
ANNALS OF SCIENCE,SSCI/SCIE/SCI/AHCI
ANNALS OF STATISTICS,CAS 1区 Top
ANNALS OF SURGERY,CAS 1区 Top
ANNALS OF SURGICAL ONCOLOGY,CAS 2区
Annals of Surgical Treatment and Research,CAS 4区
Annals of Telecommunications,CAS 4区
ANNALS OF THE AMERICAN ACADEMY OF POLITICAL AND SOCIAL SCIENCE,CAS 3区
Annals of the American Association of Geographers,CAS 2区 Top
Annals of the American Thoracic Society,CAS 2区 Top
ANNALS OF THE ENTOMOLOGICAL SOCIETY OF AMERICA,CAS 2区
Annals of the Faculty of Law in Belgrade,Indexed
ANNALS OF THE INSTITUTE OF STATISTICAL MATHEMATICS,CAS 4区
Annals of the International Communication Association,Indexed
ANNALS OF THE MISSOURI BOTANICAL GARDEN,CAS 3区
ANNALS OF THE NEW YORK ACADEMY OF SCIENCES,CAS 2区
ANNALS OF THE RHEUMATIC DISEASES,CAS 1区 Top
ANNALS OF THE ROYAL COLLEGE OF SURGEONS OF ENGLAND,CAS 4区
"Annals of the University Dunarea de Jos of Galati, Fascicle VI-Food Technology",CAS 4区
Annals of the University of Craiova-Mathematics and Computer Science Series,CAS 4区
Annals of Thoracic and Cardiovascular Surgery,CAS 4区
Annals of Thoracic Medicine,CAS 4区
ANNALS OF THORACIC SURGERY,CAS 2区
ANNALS OF TOURISM RESEARCH,CAS 1区 Top
Annals of Tourism Research Empirical Insights,CAS 3区
Annals of Transplantation,CAS 4区
Annals of Vascular Diseases,CAS 4区
ANNALS OF VASCULAR SURGERY,CAS 4区
Annals of Work Exposures and Health,CAS 4区
Annee du Maghreb,CAS 4区
ANNEE PSYCHOLOGIQUE,CAS 4区
Annual of the British School at Athens,CAS 2区
Annual Plant Reviews Online,CAS 4区
Annual Review of Analytical Chemistry,CAS 2区
Annual Review of Animal Biosciences,CAS 1区 Top
Annual Review of Anthropology,CAS 1区 Top
Annual Review of Applied Linguistics,SSCI/SCI/AHCI
Annual Review of Astronomy and Astrophysics,CAS 1区 Top
Annual Review of Biochemistry,CAS 1区 Top
Annual Review of Biomedical Data Science,CAS 2区
Annual Review of Biomedical Engineering,CAS 1区 Top
Annual Review of Biophysics,CAS 1区 Top
Annual Review of Cancer Biology,CAS 2区
Annual Review of Cell and Developmental Biology,CAS 1区 Top
Annual Review of Chemical and Biomolecular Engineering,CAS 1区 Top
Annual Review of Clinical Psychology,CAS 1区 Top
Annual Review of Condensed Matter Physics,CAS 2区
Annual Review of Control Robotics and Autonomous Systems,CAS 1区 Top
Annual Review of Criminology,CAS 1区 Top
Annual Review of CyberTherapy and Telemedicine,CAS 4区
Annual Review of Developmental Psychology,Indexed
Annual Review of Earth and Planetary Sciences,CAS 1区 Top
Annual Review of Ecology Evolution and Systematics,CAS 1区 Top
Annual Review of Economics,CAS 1区 Top
Annual Review of Entomology,CAS 1区 Top
Annual Review of Environment and Resources,CAS 1区 Top
Annual Review of Financial Economics,CAS 2区
Annual Review of Fluid Mechanics,CAS 1区 Top
Annual Review of Food Science and Technology,CAS 1区 Top
Annual Review of Genetics,CAS 1区 Top
Annual Review of Genomics and Human Genetics,CAS 1区 Top
Annual Review of Immunology,CAS 1区 Top
Annual Review of Law and Social Science,CAS 2区
Annual Review of Linguistics,SSCI/SCI/AHCI
Annual Review of Marine Science,CAS 1区 Top
Annual Review of Materials Research,CAS 1区 Top
Annual Review of Medicine,CAS 1区 Top
Annual Review of Microbiology,CAS 1区 Top
Annual Review of Neuroscience,CAS 1区 Top
Annual Review of Nuclear and Particle Science,CAS 2区
Annual Review of Nutrition,CAS 1区 Top
Annual Review of Organizational Psychology and Organizational Behavior,CAS 1区 Top
Annual Review of Pathology-Mechanisms of Disease,CAS 1区 Top
Annual Review of Pharmacology and Toxicology,CAS 1区 Top
Annual Review of Physical Chemistry,CAS 1区 Top
Annual Review of Physiology,CAS 1区 Top
Annual Review of Phytopathology,SSCI/SCIE/SCI
Annual Review of Plant Biology,CAS 1区 Top
Annual Review of Political Science,CAS 1区 Top
Annual Review of Psychology,CAS 1区 Top
Annual Review of Public Health,SSCI/SCIE/SCI
Annual Review of Resource Economics,SSCI/SCIE/SCI
Annual Review of Sociology,CAS 1区 Top
Annual Review of Statistics and Its Application,CAS 1区 Top
Annual Review of Virology,CAS 1区 Top
Annual Review of Vision Science,CAS 2区
ANNUAL REVIEWS IN CONTROL,CAS 2区
Anos 90,CAS 4区
ANQ-A QUARTERLY JOURNAL OF SHORT ARTICLES NOTES AND REVIEWS,CAS 4区
Ansiedad y Estres-Anxiety and Stress,CAS 4区
ANTARCTIC SCIENCE,CAS 4区
Antares-Letras e Humanidades,CAS 4区
Anthropocene,CAS 2区
Anthropocene Coasts,CAS 4区
Anthropocene Review,SSCI/SCIE/SCI
Anthropological Forum,CAS 2区
Anthropological Journal of European Cultures,CAS 4区
Anthropological Measurements of Philosophical Research,CAS 3区
Anthropological Notebooks,CAS 4区
ANTHROPOLOGICAL QUARTERLY,CAS 4区
ANTHROPOLOGICAL SCIENCE,CAS 4区
Anthropological Theory,CAS 2区
ANTHROPOLOGIE,CAS 4区
Anthropologie et Sante-Revue Internationale Francophone d Anthropologie de la Sante,CAS 4区
Anthropologie-International Journal of Human Diversity and Evolution,CAS 4区
ANTHROPOLOGISCHER ANZEIGER,CAS 4区
Anthropology & Aging,CAS 4区
ANTHROPOLOGY & EDUCATION QUARTERLY,CAS 3区
Anthropology in Action-Journal for Applied Anthropology in Policy and Practice,CAS 4区
Anthropology & Medicine,CAS 4区
ANTHROPOLOGY OF CONSCIOUSNESS,CAS 4区
Anthropology of Work Review,CAS 4区
Anthropology Southern Africa,CAS 4区
Anthropology Today,CAS 3区
ANTHROPOS,CAS 4区
ANTHROPOZOOLOGICA,SSCI/SCI/AHCI
ANTHROZOOS,SSCI/SCIE/SCI
Antibiotics-Basel,CAS 3区
Antibodies,CAS 4区
Antibody Therapeutics,Indexed
Anti-Cancer Agents in Medicinal Chemistry,CAS 4区
ANTI-CANCER DRUGS,CAS 4区
ANTICANCER RESEARCH,CAS 4区
Antichthon,CAS 3区
ANTI-CORROSION METHODS AND MATERIALS,CAS 3区
Antiguedad y Cristianismo,Indexed
ANTIKE UND ABENDLAND,CAS 4区
ANTIMICROBIAL AGENTS AND CHEMOTHERAPY,CAS 2区
Antimicrobial Resistance and Infection Control,CAS 2区
Antimicrobial Stewardship & Healthcare Epidemiology,Indexed
Antioxidants,CAS 2区
ANTIOXIDANTS & REDOX SIGNALING,CAS 2区 Top
Antiphon-A Journal for Liturgical Renewal,CAS 4区
ANTIPODE,CAS 1区 Top
Antipodes-A Global Journal of Australian/New Zealand Literature,CAS 4区
Antiquaries Journal,CAS 4区
ANTIQUITY,SSCI/SCI/AHCI
ANTIQVORVM PHILOSOPHIA-An International journal,CAS 4区
Antiteses,CAS 4区
Anti-Trafficking Review,CAS 3区
ANTIVIRAL RESEARCH,CAS 2区
ANTIVIRAL THERAPY,CAS 4区
ANTONIE VAN LEEUWENHOEK INTERNATIONAL JOURNAL OF GENERAL AND MOLECULAR MICROBIOLOGY,CAS 3区
Antropologia e Teatro-Rivista di Studi,CAS 4区
Antropologia Portuguesa,CAS 4区
Anuari de Filologia-Estudis de Linguistica,CAS 4区
Anuari de Filologia-Literatures Contemporanies,Indexed
Anuari de Filologia-Llengues i Literaturas Modernas,CAS 4区
Anuario Calderoniano,CAS 4区
Anuario Colombiano de Derecho Internacional-ACDI,CAS 4区
Anuario Colombiano de Historia Social y de la Cultura,CAS 4区
Anuario de Estudios Americanos,CAS 2区
Anuario de Estudios Medievales,CAS 3区
Anuario de Filosofia del Derecho,CAS 4区
Anuario de Historia de la Iglesia,CAS 4区
Anuario de Historia Regional y de las Fronteras,CAS 4区
Anuario de la Escuela de Historia Virtual,CAS 4区
Anuario de Psicologia,CAS 4区
Anuario De Psicologia Juridica,CAS 4区
Anuario Espanol de Derecho Internacional Privado,CAS 4区
Anuario Filosofico,CAS 4区
Anuario Iberoamericano de Derecho Internacional Penal,CAS 4区
Anuario IEHS,CAS 4区
Anuario Lope de Vega-Texto Literatura Cultura,CAS 3区
Anuario Mexicano de Derecho Internacional,CAS 4区
Anuario Musical,CAS 4区
Anuario Turismo y Sociedad,CAS 4区
ANXIETY STRESS AND COPING,CAS 3区
ANZIAM JOURNAL,CAS 4区
ANZ JOURNAL OF SURGERY,CAS 4区
AoB Plants,CAS 3区
AOQU,Indexed
AORN JOURNAL,SSCI/SCIE/SCI
Aotearoa New Zealand Social Work,CAS 4区
Apeiron-A Journal for Ancient Philosophy and Science,CAS 3区
APERTURE,CAS 4区
APHASIOLOGY,SSCI/SCIE/SCI
APIDOLOGIE,CAS 3区
APL Bioengineering,CAS 3区
APL Materials,CAS 3区
APL Photonics,CAS 2区 Top
APMIS,CAS 4区
APOLLO-The International Art Magazine,CAS 4区
APOPTOSIS,CAS 2区
Aportes-Revista de Historia Contemporanea,CAS 4区
Aposta-Revista de Ciencias Sociales,CAS 4区
APOS Trends in Orthodontics,CAS 4区
Appalachian Heritage-A Literary Quarterly of the Southern Appalachians,CAS 4区
APPALACHIAN JOURNAL,Indexed
Appeal,CAS 4区
APPETITE,CAS 2区
APPLICABLE ALGEBRA IN ENGINEERING COMMUNICATION AND COMPUTING,CAS 3区
APPLICABLE ANALYSIS,CAS 4区
Applicable Analysis and Discrete Mathematics,CAS 3区
Application of Clinical Genetics,CAS 3区
Applications and Applied Mathematics-An International Journal,CAS 4区
Applications in Energy and Combustion Science,CAS 3区
Applications in Engineering Science,CAS 4区
Applications in Plant Sciences,CAS 3区
Applications of Mathematics,CAS 4区
APPLIED ACOUSTICS,CAS 2区
APPLIED AND COMPUTATIONAL HARMONIC ANALYSIS,CAS 2区 Top
Applied and Computational Mathematics,CAS 2区
APPLIED AND ENVIRONMENTAL MICROBIOLOGY,CAS 2区
Applied and Environmental Soil Science,CAS 4区
APPLIED ANIMAL BEHAVIOUR SCIENCE,CAS 2区
Applied Animal Science,CAS 4区
APPLIED ARTIFICIAL INTELLIGENCE,CAS 4区
APPLIED BIOCHEMISTRY AND BIOTECHNOLOGY,CAS 3区
APPLIED BIOCHEMISTRY AND MICROBIOLOGY,CAS 4区
Applied Biological Chemistry,CAS 3区
Applied Biological Research,CAS 4区
Applied Bionics and Biomechanics,CAS 4区
Applied Biosafety,CAS 4区
APPLIED CATALYSIS A-GENERAL,CAS 2区
Applied Catalysis B-Environment and Energy,CAS 1区 Top
Applied Catalysis O: Open,Indexed
APPLIED CATEGORICAL STRUCTURES,CAS 3区
Applied Chemistry for Engineering,CAS 4区
APPLIED CLAY SCIENCE,CAS 2区
Applied Clinical Informatics,CAS 3区
APPLIED COGNITIVE PSYCHOLOGY,CAS 3区
APPLIED COMPOSITE MATERIALS,CAS 3区
APPLIED COMPUTATIONAL ELECTROMAGNETICS SOCIETY JOURNAL,CAS 4区
Applied Computational Intelligence and Soft Computing,CAS 4区
Applied Computer Systems,CAS 4区
Applied Computing and Geosciences,CAS 3区
Applied Computing and Informatics,CAS 4区
Applied Computing Review,CAS 4区
Applied Corpus Linguistics,Indexed
Applied Developmental Science,CAS 3区
Applied Earth Science-Transactions of the Institutions of Mining and Metallurgy,CAS 4区
APPLIED ECOLOGY AND ENVIRONMENTAL RESEARCH,CAS 4区
Applied Economic Analysis,CAS 3区
Applied Economic Perspectives and Policy,SSCI/SCIE/SCI
APPLIED ECONOMICS,CAS 4区
APPLIED ECONOMICS LETTERS,CAS 4区
APPLIED ENERGY,CAS 1区 Top
APPLIED ENGINEERING IN AGRICULTURE,CAS 4区
APPLIED ENTOMOLOGY AND ZOOLOGY,CAS 4区
APPLIED ERGONOMICS,SSCI/SCIE/SCI
Applied Food Biotechnology,CAS 4区
Applied Food Research,CAS 3区
Applied Fruit Science,Indexed
Applied General Topology,CAS 4区
APPLIED GEOCHEMISTRY,CAS 3区
APPLIED GEOGRAPHY,CAS 2区 Top
Applied Geomatics,CAS 4区
Applied Geophysics,CAS 4区
Applied Health Economics and Health Policy,SSCI/SCIE/SCI
APPLIED IMMUNOHISTOCHEMISTRY & MOLECULAR MORPHOLOGY,CAS 4区
APPLIED INTELLIGENCE,CAS 3区
APPLIED LINGUISTICS,CAS 1区 Top
Applied Linguistics Review,SSCI/SCI/AHCI
APPLIED MAGNETIC RESONANCE,CAS 4区
Applied Materials Today,CAS 2区
AppliedMath,Indexed
APPLIED MATHEMATICAL MODELLING,CAS 2区
Applied Mathematics-A Journal of Chinese Universities Series B,CAS 4区
APPLIED MATHEMATICS AND COMPUTATION,CAS 2区
APPLIED MATHEMATICS AND MECHANICS-ENGLISH EDITION,CAS 2区
APPLIED MATHEMATICS AND OPTIMIZATION,CAS 2区
Applied Mathematics E-Notes,CAS 4区
Applied Mathematics in Science and Engineering,CAS 4区
Applied Mathematics Letters,CAS 2区
APPLIED MEASUREMENT IN EDUCATION,CAS 4区
Applied Mechanics,Indexed
Applied Mechanics Reviews,CAS 1区 Top
APPLIED MICROBIOLOGY AND BIOTECHNOLOGY,CAS 3区
Applied Mobilities,CAS 4区
Applied Network Science,CAS 4区
Applied Neuropsychology-Adult,CAS 4区
Applied Neuropsychology-Child,CAS 4区
Applied Numerical Mathematics,CAS 2区
APPLIED NURSING RESEARCH,SSCI/SCIE/SCI
APPLIED OCEAN RESEARCH,CAS 2区
Applied Ontology,CAS 3区
APPLIED OPTICS,CAS 4区
APPLIED ORGANOMETALLIC CHEMISTRY,CAS 2区
APPLIED PHYSICS A-MATERIALS SCIENCE & PROCESSING,CAS 4区
APPLIED PHYSICS B-LASERS AND OPTICS,CAS 4区
Applied Physics Express,CAS 3区
APPLIED PHYSICS LETTERS,CAS 2区
Applied Physics Reviews,CAS 2区 Top
Applied Physiology Nutrition and Metabolism,CAS 4区
APPLIED PSYCHOLINGUISTICS,CAS 2区 Top
APPLIED PSYCHOLOGICAL MEASUREMENT,CAS 4区
APPLIED PSYCHOLOGY-AN INTERNATIONAL REVIEW-PSYCHOLOGIE APPLIQUEE-REVUE INTERNATIONALE,CAS 2区
Applied Psychology-Health and Well Being,CAS 2区
APPLIED PSYCHOPHYSIOLOGY AND BIOFEEDBACK,CAS 3区
Applied Radiation and Isotopes,CAS 3区
Applied Radiology,CAS 4区
Applied Research in Quality of Life,CAS 3区
APPLIED RHEOLOGY,CAS 3区
Applied Science and Convergence Technology,CAS 4区
Applied Sciences-Basel,CAS 4区
APPLIED SOFT COMPUTING,CAS 2区 Top
APPLIED SOIL ECOLOGY,CAS 2区
Applied Spatial Analysis and Policy,CAS 4区
APPLIED SPECTROSCOPY,CAS 3区
APPLIED SPECTROSCOPY REVIEWS,CAS 2区
APPLIED STOCHASTIC MODELS IN BUSINESS AND INDUSTRY,CAS 4区
APPLIED SURFACE SCIENCE,CAS 2区
Applied Surface Science Advances,CAS 3区
Applied System Innovation,CAS 4区
Applied Theatre Research,CAS 3区
APPLIED THERMAL ENGINEERING,CAS 2区 Top
APPLIED VEGETATION SCIENCE,CAS 3区
Applied Water Science,CAS 3区
Approaching Religion,CAS 3区
APSIPA Transactions on Signal and Information Processing,CAS 3区
Apuntes del CENES,CAS 4区
Apuntes-Revista de Ciencias Sociales,CAS 4区
Apuntes Universitarios,CAS 4区
Apunts Educacion Fisica y Deportes,CAS 4区
Apunts Sports Medicine,CAS 4区
AQUACULTURAL ENGINEERING,CAS 2区
AQUACULTURE,CAS 2区 Top
AQUACULTURE ECONOMICS & MANAGEMENT,CAS 2区
Aquaculture Environment Interactions,CAS 2区
"Aquaculture, Fish and Fisheries",CAS 4区
AQUACULTURE INTERNATIONAL,CAS 3区
AQUACULTURE NUTRITION,CAS 2区
Aquaculture Reports,CAS 2区
AQUACULTURE RESEARCH,CAS 4区
Aquatic Biology,CAS 4区
AQUATIC BOTANY,CAS 4区
AQUATIC CONSERVATION-MARINE AND FRESHWATER ECOSYSTEMS,CAS 3区
AQUATIC ECOLOGY,CAS 4区
AQUATIC ECOSYSTEM HEALTH & MANAGEMENT,CAS 4区
AQUATIC GEOCHEMISTRY,CAS 4区
AQUATIC INSECTS,CAS 4区
Aquatic Invasions,CAS 3区
AQUATIC LIVING RESOURCES,CAS 4区
AQUATIC MAMMALS,CAS 4区
AQUATIC MICROBIAL ECOLOGY,CAS 4区
AQUATIC SCIENCES,CAS 3区
Aquatic Sciences and Engineering,CAS 4区
AQUATIC TOXICOLOGY,CAS 3区
AQUA-Water Infrastructure Ecosystems and Society,CAS 4区
ARABIAN ARCHAEOLOGY AND EPIGRAPHY,CAS 3区
ARABIAN JOURNAL FOR SCIENCE AND ENGINEERING,CAS 4区
Arabian Journal of Chemistry,CAS 2区
Arabian Journal of Mathematics,CAS 4区
Arabica,CAS 3区
Arabic Sciences and Philosophy,CAS 4区
Arab Journal of Gastroenterology,CAS 4区
Arab Journal of Urology,CAS 4区
Arab Law Quarterly,CAS 4区
Arab Studies Quarterly,CAS 4区
Arab World English Journal,CAS 4区
Aramaic Studies,CAS 3区
Araucaria-Revista Iberoamericana de Filosofia Politica y Humanidades,CAS 4区
ARBOR-CIENCIA PENSAMIENTO Y CULTURA,CAS 4区
ARCADIA,CAS 4区
ARCHAEOFAUNA,CAS 4区
Archaeologia Austriaca,CAS 4区
Archaeologia Baltica,CAS 4区
Archaeologia Maritima Mediterranea-An International Journal on Underwater Archaeology,CAS 4区
Archaeological and Anthropological Sciences,SSCI/SCIE/SCI/AHCI
Archaeological Dialogues,CAS 2区
Archaeological Journal,CAS 2区
Archaeological Prospection,SCIE/SCI/AHCI
Archaeological Reports,Indexed
Archaeological Reports-London,CAS 4区
Archaeological Research in Asia,CAS 3区
Archaeologies-Journal of the World Archaeological Congress,CAS 4区
ARCHAEOLOGY,CAS 4区
Archaeology Ethnology and Anthropology of Eurasia,CAS 4区
ARCHAEOLOGY IN OCEANIA,SSCI/SCI/AHCI
Archaeology International,CAS 4区
ARCHAEOMETRY,SCIE/SCI/AHCI
Archai-Revista de Estudos Sobre as Origens do Pensamento Ocidental,CAS 4区
Archaologisches Korrespondenzblatt,Indexed
Archeologia e Calcolatori,CAS 4区
Archeologicke Rozhledy,CAS 4区
Archeomatica-Tecnologie per i Beni Culturali,CAS 4区
ArcheoSciences-Revue d Archeometrie,SCIE/SCI/AHCI
Archipel-Etudes interdisciplinaires sur le monde insulindien,CAS 4区
ArcHistoR-Architecture History Restoration,CAS 4区
Architect,CAS 4区
ARCHITECTURAL DESIGN,CAS 4区
Architectural Engineering and Design Management,CAS 3区
Architectural Histories,CAS 3区
ARCHITECTURAL HISTORY,CAS 4区
ARCHITECTURAL RECORD,CAS 4区
Architectural Science Review,CAS 4区
Architectural Theory Review,CAS 4区
Architecture and Culture,CAS 3区
Architecture Civil Engineering Environment,CAS 4区
Architecture_MPS,CAS 4区
Architecture-Switzerland,Indexed
Architektura & Urbanizmus,CAS 3区
ARCHIVAL SCIENCE,CAS 3区
ARCHIV DER MATHEMATIK,CAS 4区
ARCHIV DER PHARMAZIE,CAS 3区
ARCHIVE FOR HISTORY OF EXACT SCIENCES,SCIE/SCI/AHCI
ARCHIVE FOR MATHEMATICAL LOGIC,CAS 4区
ARCHIVE FOR RATIONAL MECHANICS AND ANALYSIS,CAS 1区 Top
Archive for the Psychology of Religion-Archiv fur Religionspsychologie,SSCI/SCI/AHCI
ARCHIVE OF APPLIED MECHANICS,CAS 3区
Archive of Clinical Cases,CAS 4区
Archive of Mechanical Engineering,CAS 4区
Archives and Manuscripts,CAS 3区
Archives and Records-The Journal of the Archives and Records Association,CAS 3区
Archives Animal Breeding,CAS 3区
ARCHIVES DE PEDIATRIE,CAS 4区
Archives des Maladies Professionnelles et de l Environnement,CAS 4区
ARCHIVES EUROPEENNES DE SOCIOLOGIE,CAS 3区
Archives for Technical Sciences,CAS 4区
Archives of Academic Emergency Medicine,CAS 4区
Archives of Acoustics,CAS 4区
Archives of Aesthetic Plastic Surgery,CAS 4区
Archives of Agronomy and Soil Science,CAS 4区
ARCHIVES OF AMERICAN ART JOURNAL,CAS 4区
ARCHIVES OF ANIMAL NUTRITION,CAS 3区
ARCHIVES OF ASIAN ART,CAS 2区
ARCHIVES OF BIOCHEMISTRY AND BIOPHYSICS,CAS 3区
Archives of Biological Sciences,CAS 4区
Archives of Bone and Joint Surgery-ABJS,CAS 4区
Archives of Budo,CAS 4区
Archives of Budo-Journal of Innovative Agonology,Indexed
Archives of Budo Science of Martial Arts and Extreme Sports,CAS 4区
Archives of Cardiovascular Diseases,CAS 4区
Archives of Civil and Mechanical Engineering,CAS 2区
Archives of Civil Engineering,CAS 4区
Archives of Clinical Infectious Diseases,CAS 4区
ARCHIVES OF CLINICAL NEUROPSYCHOLOGY,SSCI/SCIE/SCI
ARCHIVES OF COMPUTATIONAL METHODS IN ENGINEERING,CAS 1区 Top
Archives of Control Sciences,CAS 4区
ARCHIVES OF DERMATOLOGICAL RESEARCH,CAS 4区
ARCHIVES OF DISEASE IN CHILDHOOD,CAS 3区
Archives of Disease in Childhood-Education and Practice Edition,CAS 4区
Archives of Disease in Childhood-Fetal and Neonatal Edition,CAS 2区
Archives of Electrical Engineering,CAS 4区
Archives of Endocrinology Metabolism,CAS 4区
ARCHIVES OF ENVIRONMENTAL CONTAMINATION AND TOXICOLOGY,CAS 4区
Archives of Environmental & Occupational Health,CAS 4区
Archives of Environmental Protection,CAS 4区
Archives of Epilepsy,CAS 4区
Archives of Foundry Engineering,CAS 4区
ARCHIVES OF GERONTOLOGY AND GERIATRICS,CAS 3区
ARCHIVES OF GYNECOLOGY AND OBSTETRICS,CAS 4区
Archives of Hellenic Medicine,CAS 4区
ARCHIVES OF INSECT BIOCHEMISTRY AND PHYSIOLOGY,CAS 4区
Archives of Iranian Medicine,CAS 4区
ARCHIVES OF MECHANICS,CAS 4区
ARCHIVES OF MEDICAL RESEARCH,CAS 4区
Archives of Medical Science,CAS 4区
ARCHIVES OF METALLURGY AND MATERIALS,CAS 4区
ARCHIVES OF MICROBIOLOGY,CAS 4区
Archives of Mining Sciences,CAS 4区
ARCHIVES OF NATURAL HISTORY,SSCI/SCIE/SCI/AHCI
Archives of Neuroscience,CAS 4区
ARCHIVES OF ORAL BIOLOGY,CAS 4区
Archives of Orofacial Science,CAS 4区
ARCHIVES OF ORTHOPAEDIC AND TRAUMA SURGERY,CAS 3区
Archives of Osteoporosis,CAS 3区
ARCHIVES OF PATHOLOGY & LABORATORY MEDICINE,CAS 3区
Archives of Pediatric Infectious Diseases,CAS 4区
ARCHIVES OF PHARMACAL RESEARCH,CAS 2区
ARCHIVES OF PHYSICAL MEDICINE AND REHABILITATION,CAS 2区
ARCHIVES OF PHYSIOLOGY AND BIOCHEMISTRY,CAS 4区
Archives of Physiotherapy,CAS 3区
ARCHIVES OF PHYTOPATHOLOGY AND PLANT PROTECTION,CAS 4区
Archives of Plastic Surgery-APS,CAS 4区
ARCHIVES OF PSYCHIATRIC NURSING,SSCI/SCIE/SCI
Archives of Psychiatry and Psychotherapy,CAS 4区
Archives of Public Health,SSCI/SCIE/SCI
Archives of Rehabilitation,CAS 4区
Archives of Rehabilitation Research and Clinical Translation,CAS 4区
Archives of Rheumatology,CAS 4区
ARCHIVES OF SEXUAL BEHAVIOR,CAS 2区
ARCHIVES OF SUICIDE RESEARCH,CAS 3区
Archives of Thermodynamics,CAS 4区
ARCHIVES OF TOXICOLOGY,CAS 2区
Archives of Trauma Research,CAS 4区
ARCHIVES OF VIROLOGY,CAS 4区
Archives of Womens Mental Health,CAS 3区
ARCHIV FUR DAS STUDIUM DER NEUEREN SPRACHEN UND LITERATUREN,CAS 4区
ARCHIV FUR GESCHICHTE DER PHILOSOPHIE,CAS 2区
ARCHIV FUR MOLLUSKENKUNDE,CAS 4区
ARCHIV FUR MUSIKWISSENSCHAFT,CAS 4区
Archiv fur Papyrusforschung und Verwandte Gebiete,CAS 4区
Archiv fur Rechts- und Sozialphilosophie,CAS 4区
ARCHIV FUR REFORMATIONSGESCHICHTE-ARCHIVE FOR REFORMATION HISTORY,CAS 4区
Archiv fur Religionsgeschichte,CAS 4区
Archivio Italiano di Urologia e Andrologia,CAS 4区
ARCHIVIO STORICO ITALIANO,CAS 3区
Archivo Espanol de Arqueologia,CAS 4区
ARCHIVO ESPANOL DE ARTE,CAS 4区
Archiv Orientalni,CAS 4区
Archivos Argentinos de Pediatria,CAS 4区
ARCHIVOS DE BRONCONEUMOLOGIA,CAS 3区
ARCHIVOS DE CARDIOLOGIA DE MEXICO,CAS 4区
Archivos de Medicina,CAS 4区
ARCHIVOS ESPANOLES DE UROLOGIA,CAS 4区
ARCHIVOS LATINOAMERICANOS DE NUTRICION,CAS 4区
Archivum,CAS 4区
ARCHIVUM IMMUNOLOGIAE ET THERAPIAE EXPERIMENTALIS,CAS 4区
Archivum Mathematicum,CAS 4区
Archiwa Biblioteki i Muzea Koscielne,CAS 4区
Archnet-IJAR International Journal of Architectural Research,CAS 2区
ARCTIC,CAS 4区
ARCTIC ANTARCTIC AND ALPINE RESEARCH,CAS 4区
ARCTIC ANTHROPOLOGY,Indexed
Arctic Science,CAS 4区
ARDEA,CAS 4区
Ardeola-International Journal of Ornithology,CAS 3区
ArDIn-Arte Diseno e Ingenieria,CAS 4区
AREA,CAS 3区
Area Abierta,CAS 4区
Area Development and Policy,CAS 3区
Areas-Revista Internacional de Ciencias Sociales,CAS 4区
Arenal-Revista de Historia de las Mujeres,CAS 4区
ARETHUSA,CAS 2区
Argentinian Journal of Applied Linguistics,CAS 4区
Argumenta,Indexed
Argumenta Oeconomica,CAS 4区
Argumentation,SSCI/SCI/AHCI
Argumentation and Advocacy,CAS 3区
Argumentation et Analyse du Discours,CAS 4区
Argument & Computation,CAS 3区
Argumentos de Razon Tecnica,CAS 4区
Argumentos-Revista de Filosofia,CAS 4区
Arheologia,CAS 4区
Arheoloski Vestnik,CAS 4区
Arhiv za Higijenu Rada i Toksikologiju-Archives of Industrial Hygiene and Toxicology,CAS 4区
Arid Ecosystems,CAS 4区
ARID LAND RESEARCH AND MANAGEMENT,CAS 3区
ARIEL-A REVIEW OF INTERNATIONAL ENGLISH LITERATURE,CAS 3区
Aries-Journal for the Study of Western Esotericism,CAS 3区
ARION-A JOURNAL OF HUMANITIES AND THE CLASSICS,CAS 4区
Aristonothos-Scritti per il Mediterraneo Antico,CAS 4区
Arizona Quarterly,CAS 4区
ARKANSAS HISTORICAL QUARTERLY,CAS 4区
ARKIV FOR MATEMATIK,CAS 3区
ARKIVOC,CAS 4区
ARMED FORCES & SOCIETY,CAS 3区
Armenian Journal of Mathematics,CAS 4区
Arms & Armour,CAS 4区
ARO-The Scientific Journal of Koya University,CAS 4区
ARP Rheumatology,CAS 4区
ARQ,CAS 4区
arq-Architectural Research Quarterly,CAS 4区
Arqueologia,CAS 4区
Arqueologia de la Arquitectura,CAS 4区
Arqueologia Iberoamericana,CAS 4区
Arqueologia y Territorio Medieval,CAS 4区
Arquitecturas del Sur,CAS 4区
Arquitetura Revista,CAS 4区
ARQUIVO BRASILEIRO DE MEDICINA VETERINARIA E ZOOTECNIA,CAS 4区
Arquivo Maaravi-Revista Digital de Estudos Judaicos da UFMG,CAS 4区
Arquivos Brasileiros de Cardiologia,CAS 4区
ARQUIVOS BRASILEIROS DE OFTALMOLOGIA,CAS 4区
ARQUIVOS BRASILEROS DE PSICOLOGIA,CAS 4区
ARQUIVOS DE NEURO-PSIQUIATRIA,CAS 4区
Arrancada,CAS 4区
Array,CAS 4区
Arrhythmia & Electrophysiology Review,CAS 3区
Ars Adriatica,CAS 3区
Ars Bilduma,CAS 4区
Ars Brevis,CAS 4区
Ars & Humanitas: Journal of Arts and Humanities,CAS 4区
Ars Judaica-The Bar Ilan Journal of Jewish Art,CAS 3区
ARS Mathematica Contemporanea,CAS 4区
ARS Orientalis,CAS 3区
Ars Pharmaceutica,CAS 4区
Art and Interpretation,Indexed
ART BULLETIN,CAS 1区 Top
ArtCultura-Revista de Historia Cultura e Arte,CAS 3区
Art Design & Communication in Higher Education,CAS 4区
Art Documentation,CAS 3区
Arte Individuo y Sociedad,CAS 3区
Arterial Hypertension,CAS 4区
ARTERIOSCLEROSIS THROMBOSIS AND VASCULAR BIOLOGY,CAS 1区 Top
Artery Research,CAS 4区
Arteterapia-Papeles de Arteterapia y Educacion Artistica para la Inclusion Social,CAS 4区
Arte y Ciudad-Revista de Investigacion,CAS 4区
Arte y Politicas de Identidad,CAS 4区
ARTFORUM INTERNATIONAL,CAS 4区
ART HISTORY,CAS 2区 Top
ARTHRITIS CARE & RESEARCH,CAS 2区
ARTHRITIS RESEARCH & THERAPY,CAS 2区 Top
Arthritis & Rheumatology,CAS 1区 Top
Arthroplasty,CAS 3区
Arthroplasty Today,CAS 4区
ARTHROPODA SELECTA,CAS 4区
Arthropod-Plant Interactions,CAS 3区
ARTHROPOD STRUCTURE & DEVELOPMENT,CAS 2区
Arthropod Systematics & Phylogeny,CAS 2区
Arthroscopy Techniques,CAS 4区
ARTHROSCOPY-THE JOURNAL OF ARTHROSCOPIC AND RELATED SURGERY,CAS 2区 Top
ARTHROSKOPIE,CAS 4区
Arthuriana,CAS 2区
Arthur Miller Journal,CAS 3区
ARTIBUS ASIAE,CAS 3区
Artibus et Historiae,CAS 2区
Artifara-Revista de Lenguas y Literaturas Ibericas y Latinoamericanas,CAS 4区
Artificial Cells Nanomedicine and Biotechnology,CAS 2区
ARTIFICIAL INTELLIGENCE,CAS 2区
Artificial Intelligence and Law,SSCI/SCIE/SCI
Artificial Intelligence in Agriculture,CAS 1区 Top
Artificial Intelligence in Geosciences,CAS 4区
Artificial Intelligence in Medicine,CAS 2区 Top
Artificial Intelligence in the Life Sciences,Indexed
ARTIFICIAL INTELLIGENCE REVIEW,CAS 1区 Top
Artificial Intelligence Surgery,Indexed
ARTIFICIAL LIFE,CAS 4区
Artificial Life and Robotics,CAS 4区
ARTIFICIAL ORGANS,CAS 4区
Artificial Satellites-Journal of Planetary Geodesy,CAS 4区
Arti Musices,CAS 3区
ART IN AMERICA,CAS 4区
ART JOURNAL,CAS 3区
ARTMargins,CAS 3区
Artnodes,CAS 4区
Art & Perception,CAS 1区 Top
Arts,CAS 3区
Art-Sanat,CAS 4区
Arts and Humanities in Higher Education,CAS 4区
Arts and the Market,CAS 4区
Arts & Health,CAS 3区
ARTS IN PSYCHOTHERAPY,CAS 4区
ARTS OF ASIA,CAS 4区
Art Style,CAS 4区
Art Therapy,CAS 4区
ARYA Atherosclerosis,CAS 4区
ARYS-Antiguedad Religiones y Sociedades,CAS 4区
ASAIO JOURNAL,CAS 3区
ASCE-ASME Journal of Risk and Uncertainty in Engineering Systems Part A-Civil Engineering,CAS 3区
ASCE-ASME Journal of Risk and Uncertainty in Engineering Systems Part B-Mechanical Engineering,CAS 4区
Aschkenas-Zeitschrift fuer Geschichte und Kultur der Juden,CAS 4区
Asclepio-Revista de Historia de la Medicina y de la Ciencia,CAS 4区
ASHRAE JOURNAL,CAS 4区
Asia and the Global Economy,Indexed
Asia Europe Journal,CAS 3区
Asia Marketing Journal,Indexed
Asian Academy of Management Journal,CAS 4区
Asian Academy of Management Journal of Accounting and Finance,CAS 4区
Asian Affairs,CAS 3区
Asian American Journal of Psychology,CAS 2区
Asian and African Studies,CAS 3区
Asian and Pacific Migration Journal,CAS 3区
Asian Bioethics Review,CAS 3区
Asian Biomedicine,CAS 4区
Asian Biotechnology and Development Review,CAS 4区
Asian Business & Management,CAS 4区
ASIAN CARDIOVASCULAR & THORACIC ANNALS,Indexed
Asian Case Research Journal,CAS 4区
Asian Cinema,CAS 3区
Asian Development Review,CAS 4区
Asian Diasporic Visual Cultures and the Americas,CAS 4区
Asian Economic Journal,CAS 4区
Asian Economic Papers,CAS 3区
Asian Economic Policy Review,CAS 3区
Asian Education and Development Studies,CAS 4区
Asian Englishes,CAS 2区
Asian Ethnicity,CAS 3区
Asian Ethnology,Indexed
ASIANetwork Exchange-A Journal for Asian Studies in the Liberal Arts,CAS 4区
Asian-European Journal of Mathematics,CAS 4区
Asian Geographer,CAS 3区
Asian Herpetological Research,CAS 3区
Asian Journal of Accounting and Governance,CAS 4区
Asian Journal of Agriculture and Biology,CAS 4区
Asian Journal of Agriculture and Development,CAS 4区
ASIAN JOURNAL OF ANDROLOGY,CAS 2区
Asian Journal of Applied Economics,CAS 4区
Asian Journal of Atmospheric Environment,CAS 4区
Asian Journal of Business and Accounting,CAS 4区
Asian Journal of Business Ethics,CAS 3区
Asian Journal of Communication,CAS 3区
Asian Journal of Comparative Politics,CAS 3区
ASIAN JOURNAL OF CONTROL,CAS 4区
Asian Journal of Criminology,CAS 3区
Asian Journal of Endoscopic Surgery,CAS 4区
Asian Journal of International Law,CAS 4区
Asian Journal of Law and Economics,CAS 4区
Asian Journal of Law and Society,CAS 4区
Asian Journal of Management Cases,CAS 4区
Asian Journal of Mathematics,CAS 4区
Asian Journal of Middle Eastern and Islamic Studies,CAS 4区
Asian Journal of Organic Chemistry,CAS 3区
Asian Journal of Pharmaceutical Research and Health Care,CAS 4区
Asian Journal of Pharmaceutical Sciences,CAS 1区 Top
Asian Journal of Pharmaceutics,CAS 4区
Asian Journal of Political Science,CAS 4区
Asian Journal of Psychiatry,CAS 3区
Asian Journal of Shipping and Logistics,CAS 3区
Asian Journal of Social Health and Behavior,CAS 2区
ASIAN JOURNAL OF SOCIAL PSYCHOLOGY,CAS 3区
Asian Journal of Social Science,CAS 4区
Asian Journal of Surgery,CAS 3区
Asian Journal of Technology Innovation,CAS 4区
Asian Journal of Transfusion Science,CAS 4区
Asian Journal of Urology,CAS 3区
Asian Journal of Water Environment and Pollution,CAS 4区
ASIAN JOURNAL OF WOMENS STUDIES,CAS 4区
Asian Journal of WTO & International Health Law and Policy,CAS 4区
Asian Languages and Linguistics,Indexed
ASIAN MUSIC,CAS 2区
Asian Myrmecology,CAS 3区
Asian Nursing Research,SSCI/SCIE/SCI
Asian Oncology Nursing,CAS 4区
Asian-Pacific Economic Literature,CAS 4区
ASIAN PACIFIC JOURNAL OF ALLERGY AND IMMUNOLOGY,CAS 4区
Asian Pacific Journal of Reproduction,CAS 4区
Asian-Pacific Journal of Second and Foreign Language Education,CAS 3区
Asian Pacific Journal of Tropical Biomedicine,CAS 4区
Asian Pacific Journal of Tropical Medicine,CAS 4区
Asian Perspective,CAS 3区
Asian Perspectives-The Journal of Archaeology for Asia and the Pacific,CAS 4区
ASIAN PHILOSOPHY,CAS 3区
Asian Politics & Policy,CAS 4区
Asian Population Studies,CAS 3区
Asian Review of Accounting,CAS 4区
Asian Review of World Histories,CAS 4区
Asian Social Work and Policy Review,CAS 4区
Asian Spine Journal,CAS 3区
Asian Studies-Azijske Studije,CAS 4区
Asian Studies Review,SSCI/SCI/AHCI
ASIAN SURVEY,CAS 3区
ASIAN THEATRE JOURNAL,CAS 2区
Asian Transport Studies,Indexed
Asian Women,CAS 4区
Asia Pacific Allergy,CAS 4区
Asia Pacific Business Review,CAS 4区
Asia-Pacific Economic History Review,CAS 4区
Asia-Pacific Education Researcher,CAS 2区
Asia Pacific Education Review,CAS 3区
Asia-Pacific Financial Markets,CAS 4区
Asia-Pacific Journal-Japan Focus,CAS 4区
Asia-Pacific Journal of Accounting & Economics,CAS 4区
Asia Pacific Journal of Anthropology,CAS 3区
Asia-Pacific Journal of Atmospheric Sciences,CAS 4区
Asia-Pacific Journal of Business Administration,CAS 3区
Asia-Pacific Journal of Chemical Engineering,CAS 4区
ASIA PACIFIC JOURNAL OF CLINICAL NUTRITION,CAS 4区
Asia-Pacific Journal of Clinical Oncology,CAS 4区
Asia Pacific Journal of Counselling and Psychotherapy,CAS 4区
Asia Pacific Journal of Education,CAS 4区
Asia Pacific Journal of Environmental Law,CAS 4区
Asia-Pacific Journal of Financial Studies,CAS 4区
Asia Pacific Journal of Health Management,CAS 4区
Asia Pacific Journal of Human Resources,CAS 3区
Asia Pacific Journal of Innovation and Entrepreneurship,CAS 3区
Asia Pacific Journal of Management,CAS 3区
Asia Pacific Journal of Marketing and Logistics,CAS 3区
Asia-Pacific Journal of Ocean Law and Policy,CAS 4区
Asia-Pacific Journal of Oncology Nursing,SSCI/SCIE/SCI
ASIA-PACIFIC JOURNAL OF OPERATIONAL RESEARCH,CAS 4区
Asia-Pacific Journal of Ophthalmology,CAS 2区
Asia Pacific Journal of Public Administration,CAS 4区
Asia-Pacific Journal of Public Health,SSCI/SCIE/SCI
Asia-Pacific Journal of Regional Science,CAS 4区
ASIA PACIFIC JOURNAL OF SOCIAL WORK AND DEVELOPMENT,CAS 4区
Asia-Pacific Journal of Sport Medicine Arthroscopy Rehabilitation and Technology,CAS 4区
Asia-Pacific Journal of Teacher Education,CAS 4区
Asia Pacific Journal of Tourism Research,CAS 3区
Asia-Pacific Language Variation,CAS 4区
Asia Pacific Law Review,CAS 3区
Asia-Pacific Management Accounting Journal,CAS 4区
Asia Pacific Management Review,CAS 2区
Asia-Pacific Psychiatry,SSCI/SCIE/SCI
Asia-Pacific Review,CAS 4区
Asia Pacific Scholar,CAS 4区
Asia-Pacific Science Education,CAS 4区
Asia Pacific Translation and Intercultural Studies,CAS 3区
Asia Pacific Viewpoint,CAS 3区
Asia Policy,Indexed
Asiascape-Digital Asia,CAS 3区
Asia & the Pacific Policy Studies,CAS 4区
Asiatic-IIUM Journal of English Language and Literature,CAS 4区
Aslib Journal of Information Management,SSCI/SCIE/SCI
ASME Journal of Heat and Mass Transfer,CAS 4区
ASME Open Journal of Engineering,Indexed
ASN Neuro,CAS 4区
Aspasia,CAS 4区
ASR Chiang Mai University Journal of Social Sciences and Humanities,CAS 4区
ASSAY AND DRUG DEVELOPMENT TECHNOLOGIES,CAS 4区
Assessing Writing,CAS 1区 Top
ASSESSMENT,CAS 2区
Assessment & Evaluation in Higher Education,CAS 2区 Top
ASSESSMENT FOR EFFECTIVE INTERVENTION,CAS 4区
Assessment in Education-Principles Policy & Practice,CAS 2区
Assistenza Infermieristica e Ricerca,SSCI/SCIE/SCI
ASSISTIVE TECHNOLOGY,CAS 4区
AStA-Advances in Statistical Analysis,CAS 4区
Asterion-Philosophie Histoire des Idees Pensee Politique,CAS 4区
ASTERISQUE,CAS 4区
Asthma Allergy Immunology,CAS 4区
Astin Bulletin-The Journal of the International Actuarial Association,SSCI/SCIE/SCI
ASTROBIOLOGY,CAS 2区
Astrodynamics,CAS 2区
Astrolabio-Nueva Epoca,CAS 4区
ASTRONOMICAL JOURNAL,CAS 2区
Astronomical Techniques and Instruments,Indexed
ASTRONOMISCHE NACHRICHTEN,CAS 4区
ASTRONOMY AND ASTROPHYSICS REVIEW,CAS 1区 Top
Astronomy and Computing,CAS 4区
ASTRONOMY & ASTROPHYSICS,CAS 2区
ASTRONOMY & GEOPHYSICS,CAS 4区
ASTRONOMY LETTERS-A JOURNAL OF ASTRONOMY AND SPACE ASTROPHYSICS,CAS 4区
ASTRONOMY REPORTS,CAS 4区
ASTROPARTICLE PHYSICS,CAS 3区
Astrophysical Bulletin,CAS 4区
ASTROPHYSICAL JOURNAL,CAS 2区
Astrophysical Journal Letters,CAS 1区 Top
ASTROPHYSICAL JOURNAL SUPPLEMENT SERIES,CAS 2区 Top
ASTROPHYSICS,CAS 4区
ASTROPHYSICS AND SPACE SCIENCE,CAS 4区
ASYMPTOTIC ANALYSIS,CAS 4区
ATA Journal of Legal Tax Research,Indexed
Atalanta-Revista de las Letras Barrocas,CAS 3区
Atalante-Revista de Estudios Cinematograficos,CAS 4区
AT-Automatisierungstechnik,CAS 4区
Atelie Geografico,CAS 4区
Atelier,CAS 4区
Atelier du Centre de Recherches Historiques,CAS 4区
Ateliers de l Ethique-The Ethics Forum,CAS 4区
Atenas,CAS 4区
Atencion Primaria,CAS 4区
Atenea,CAS 4区
ATHENAEUM-STUDI PERIODICI DI LETTERATURA E STORIA DELL ANTICHITA,CAS 4区
Athenea Digital,CAS 4区
ATHEROSCLEROSIS,CAS 2区 Top
Atherosclerosis Plus,CAS 4区
ATLA-ALTERNATIVES TO LABORATORY ANIMALS,CAS 4区
ATLANTIC ECONOMIC JOURNAL,CAS 4区
ATLANTIC GEOLOGY,CAS 4区
Atlantic Journal of Communication,CAS 4区
Atlantic Law Journal,CAS 4区
Atlantic Studies-Global Currents,CAS 3区
Atlantis-Critical Studies in Gender Culture & Social Justice,CAS 4区
Atlantis-Journal of the Spanish Association of Anglo-American Studies,SSCI/SCI/AHCI
ATMOSFERA,CAS 4区
Atmosphere,CAS 4区
Atmosphere-Korea,CAS 4区
ATMOSPHERE-OCEAN,CAS 4区
Atmospheric and Oceanic Optics,CAS 4区
Atmospheric and Oceanic Science Letters,CAS 2区
ATMOSPHERIC CHEMISTRY AND PHYSICS,CAS 1区 Top
ATMOSPHERIC ENVIRONMENT,CAS 3区
Atmospheric Environment-X,CAS 3区
Atmospheric Measurement Techniques,CAS 3区
Atmospheric Pollution Research,CAS 3区
Atmospheric Research,CAS 2区
Atmospheric Science Letters,CAS 4区
ATOMIC DATA AND NUCLEAR DATA TABLES,CAS 2区
ATOMIC ENERGY,CAS 4区
ATOMIC SPECTROSCOPY,CAS 2区
ATOM INDONESIA,CAS 4区
ATOMIZATION AND SPRAYS,CAS 4区
Atoms,CAS 3区
AtoZ-Novas Praticas em Informacao e Conhecimento,CAS 4区
ATP Magazine,CAS 4区
ATS Scholar,CAS 4区
ATTACHMENT & HUMAN DEVELOPMENT,CAS 2区
Attention Perception & Psychophysics,SSCI/SCIE/SCI
Atti Accademia Peloritana dei Pericolanti-Classe di Scienze Fisiche Matematiche e Naturali,CAS 4区
ATW-INTERNATIONAL JOURNAL FOR NUCLEAR POWER,CAS 4区
A + U-ARCHITECTURE AND URBANISM,CAS 4区
AUC Geographica,CAS 4区
Audiology and Neurotology,CAS 4区
Audiology Research,CAS 3区
AUDITING-A JOURNAL OF PRACTICE & THEORY,CAS 3区
Auditory and Vestibular Research,CAS 4区
Aufklarung-Revista de Filosofia,CAS 4区
Augenheilkunde Up2date,CAS 4区
Augmentative and Alternative Communication,SSCI/SCIE/SCI
Augustinian Studies,CAS 4区
Aula Abierta,CAS 4区
Aula de Encuentro,CAS 4区
Aula Orientalis,CAS 4区
AURIS NASUS LARYNX,CAS 4区
AusArt,CAS 4区
Auster,CAS 4区
Australasian Accounting Business and Finance Journal,CAS 4区
Australasian Agribusiness Review,CAS 4区
Australasian Catholic Record,CAS 4区
Australasian Dispute Resolution Journal,CAS 4区
Australasian Drama Studies,CAS 4区
Australasian Emergency Care,SSCI/SCIE/SCI
Australasian Journal of Combinatorics,CAS 4区
AUSTRALASIAN JOURNAL OF DERMATOLOGY,CAS 4区
Australasian Journal of Early Childhood,CAS 4区
Australasian Journal of Educational Technology,CAS 3区
Australasian Journal of Environmental Management,CAS 4区
Australasian Journal of Information Systems,CAS 4区
Australasian Journal of Logic,CAS 3区
AUSTRALASIAN JOURNAL OF PHILOSOPHY,CAS 1区 Top
Australasian Journal of Regional Studies,Indexed
Australasian Journal of Special and Inclusive Education,CAS 4区
Australasian Journal of Water Resources,CAS 3区
AUSTRALASIAN JOURNAL ON AGEING,SSCI/SCIE/SCI
Australasian Marketing Journal,CAS 4区
Australasian Orthodontic Journal,CAS 4区
AUSTRALASIAN PARLIAMENTARY REVIEW,CAS 4区
Australasian Plant Disease Notes,CAS 4区
AUSTRALASIAN PLANT PATHOLOGY,CAS 4区
Australasian Psychiatry,SSCI/SCIE/SCI
Australasian Review of African Studies,Indexed
Austral Comunicacion,CAS 4区
AUSTRAL ECOLOGY,CAS 4区
Austral Entomology,CAS 3区
Australian Accounting Review,CAS 3区
Australian and New Zealand Journal of Art,CAS 3区
Australian and New Zealand Journal of Family Therapy,CAS 4区
AUSTRALIAN AND NEW ZEALAND JOURNAL OF PSYCHIATRY,SSCI/SCIE/SCI
AUSTRALIAN AND NEW ZEALAND JOURNAL OF PUBLIC HEALTH,SSCI/SCIE/SCI
AUSTRALIAN ARCHAEOLOGY,SSCI/SCI/AHCI
AUSTRALIAN BUSINESS LAW REVIEW,CAS 4区
Australian Community Psychologist,Indexed
Australian Critical Care,SSCI/SCIE/SCI
AUSTRALIAN DENTAL JOURNAL,CAS 3区
AUSTRALIAN ECONOMIC PAPERS,CAS 4区
Australian Economic Review,CAS 4区
AUSTRALIAN EDUCATIONAL RESEARCHER,CAS 3区
Australian Endodontic Journal,CAS 4区
AUSTRALIAN FARM BUSINESS MANAGEMENT JOURNAL,Indexed
Australian Feminist Law Journal,CAS 3区
AUSTRALIAN FEMINIST STUDIES,CAS 3区
AUSTRALIAN FORESTRY,CAS 4区
AUSTRALIAN GEOGRAPHER,CAS 3区
Australian Geomechanics Journal,CAS 4区
Australian Health Review,SSCI/SCIE/SCI
AUSTRALIAN HISTORICAL STUDIES,CAS 3区
Australian Humanities Review,CAS 4区
Australian Intellectual Property Journal,CAS 4区
Australian Journalism Review,CAS 3区
Australian Journal of Administrative Law,CAS 3区
Australian Journal of Adult Learning,CAS 4区
Australian Journal of Advanced Nursing,SSCI/SCIE/SCI
AUSTRALIAN JOURNAL OF AGRICULTURAL AND RESOURCE ECONOMICS,SSCI/SCIE/SCI
Australian Journal of Anthropology,CAS 3区
AUSTRALIAN JOURNAL OF BOTANY,CAS 4区
Australian Journal of Career Development,CAS 4区
AUSTRALIAN JOURNAL OF CHEMISTRY,CAS 4区
Australian Journal of Civil Engineering,CAS 4区
Australian Journal of Competition and Consumer Law,CAS 4区
AUSTRALIAN JOURNAL OF EARTH SCIENCES,CAS 4区
AUSTRALIAN JOURNAL OF EDUCATION,CAS 4区
Australian Journal of Emergency Management,CAS 4区
AUSTRALIAN JOURNAL OF ENGLISH EDUCATION,Indexed
Australian Journal of Environmental Education,CAS 4区
Australian Journal of Forensic Sciences,CAS 4区
AUSTRALIAN JOURNAL OF FRENCH STUDIES,CAS 4区
Australian Journal of General Practice,CAS 4区
AUSTRALIAN JOURNAL OF GRAPE AND WINE RESEARCH,CAS 3区
Australian Journal of Indigenous Education,CAS 4区
AUSTRALIAN JOURNAL OF INTERNATIONAL AFFAIRS,CAS 2区
Australian Journal of Language and Literacy,CAS 4区
Australian Journal of Learning Difficulties,CAS 4区
Australian Journal of Linguistics,SSCI/SCI/AHCI
AUSTRALIAN JOURNAL OF MANAGEMENT,CAS 4区
Australian Journal of Mechanical Engineering,CAS 4区
Australian Journal of Otolaryngology,CAS 4区
AUSTRALIAN JOURNAL OF POLITICAL SCIENCE,CAS 3区
AUSTRALIAN JOURNAL OF POLITICS AND HISTORY,SSCI/SCI/AHCI
Australian Journal of Primary Health,SSCI/SCIE/SCI
AUSTRALIAN JOURNAL OF PSYCHOLOGY,CAS 3区
AUSTRALIAN JOURNAL OF PUBLIC ADMINISTRATION,CAS 4区
Australian Journal of Rural Health,SSCI/SCIE/SCI
AUSTRALIAN JOURNAL OF SOCIAL ISSUES,CAS 3区
Australian Journal of Structural Engineering,CAS 4区
Australian Journal of Teacher Education,CAS 4区
AUSTRALIAN JOURNAL OF ZOOLOGY,CAS 4区
AUSTRALIAN LAW JOURNAL,CAS 4区
AUSTRALIAN LITERARY STUDIES,CAS 4区
AUSTRALIAN MAMMALOGY,CAS 4区
AUSTRALIAN & NEW ZEALAND JOURNAL OF OBSTETRICS & GYNAECOLOGY,CAS 4区
AUSTRALIAN & NEW ZEALAND JOURNAL OF STATISTICS,CAS 4区
Australian Occupational Therapy Journal,CAS 4区
Australian Planner,Indexed
Australian Prescriber,CAS 2区
AUSTRALIAN PSYCHOLOGIST,CAS 3区
Australian Review of Applied Linguistics,CAS 3区
Australian Social Work,CAS 4区
AUSTRALIAN SYSTEMATIC BOTANY,CAS 3区
AUSTRALIAN TAX REVIEW,CAS 4区
Australian Universities Review,CAS 4区
AUSTRALIAN VETERINARY JOURNAL,CAS 3区
AUSTRAL JOURNAL OF VETERINARY SCIENCES,CAS 4区
Austrian History Yearbook,SSCI/SCI/AHCI
Austrian Journal of Clinical Endocrinology and Metabolism,CAS 4区
Austrian Journal of Earth Sciences,CAS 4区
Austrian Journal of Forest Science,CAS 4区
Austrian Journal of Political Science,CAS 4区
Austrian Journal of Statistics,CAS 4区
Austrian Studies,CAS 4区
AUT AUT,CAS 4区
Autex Research Journal,CAS 4区
AUTISM,CAS 1区 Top
Autism & Developmental Language Impairments,CAS 2区
Autism in Adulthood,CAS 1区 Top
Autism Research,SSCI/SCIE/SCI
AUTOIMMUNITY,CAS 3区
AUTOIMMUNITY REVIEWS,CAS 1区 Top
Automated Software Engineering,CAS 4区
AUTOMATICA,CAS 2区
AUTOMATIC CONTROL AND COMPUTER SCIENCES,CAS 4区
AUTOMATIC DOCUMENTATION AND MATHEMATICAL LINGUISTICS,CAS 4区
Automatika,CAS 4区
Automation,Indexed
AUTOMATION AND REMOTE CONTROL,CAS 4区
AUTOMATION IN CONSTRUCTION,CAS 1区 Top
Automotive Innovation,CAS 2区
AUTONOMIC NEUROSCIENCE-BASIC & CLINICAL,CAS 3区
AUTONOMOUS AGENTS AND MULTI-AGENT SYSTEMS,CAS 3区
AUTONOMOUS ROBOTS,CAS 3区
Autophagy,CAS 1区 Top
Avances,CAS 4区
Avances de Investigacion en Educacion Matematica,CAS 4区
Avances del Cesor,CAS 4区
Avances en Biomedicina,CAS 4区
Avances en Ciencias e Ingenieria,CAS 4区
Avances en Psicologia Latinoamericana,CAS 4区
Avant,CAS 4区
AVANT SCENE OPERA,CAS 4区
Avian Biology Research,CAS 4区
Avian Conservation and Ecology,CAS 4区
AVIAN DISEASES,CAS 4区
AVIAN PATHOLOGY,CAS 3区
Avian Research,CAS 1区 Top
Aviation,CAS 4区
Avicenna,CAS 3区
Avicenna Journal of Phytomedicine,CAS 4区
AVS Quantum Science,CAS 3区
AWWA Water Science,CAS 4区
Axioms,CAS 3区
Ayer,SSCI/SCI/AHCI
Azafea-Revista de Filosofia,Indexed
Azania-Archaeological Research in Africa,CAS 2区
Azerbaijan Journal of Mathematics,CAS 4区
Babel-Litteratures Plurielles,CAS 4区
Babel-Revue Internationale de la Traduction-International Journal of Translation,SSCI/SCI/AHCI
BACH,CAS 3区
Baghdad Science Journal,CAS 4区
Bagh-e Nazar,CAS 4区
Bahrain Medical Bulletin,CAS 4区
Bajo Palabra-Journal of Philosophy,CAS 4区
Balcanica,CAS 4区
BALGARSKO E-SPISANIE ZA ARHEOLOGIA-BULGARIAN E-JOURNAL OF ARCHAEOLOGY,Indexed
Bali Medical Journal,CAS 4区
Balint-Journal,CAS 4区
Balkan Arastrma Enstitusu Dergisi-Journal of Balkan Research Institute-JBRI,CAS 4区
Balkanistic Forum,CAS 4区
BALKANISTIC WORLDS,Indexed
Balkan Journal of Medical Genetics,CAS 4区
Balkan Journal of Philosophy,CAS 4区
Balkan Medical Journal,CAS 4区
Balneo and PRM Research Journal,CAS 4区
Baltica,CAS 4区
BALTIC FORESTRY,CAS 4区
Baltic Journal of Art History,CAS 3区
Baltic Journal of Economics,CAS 3区
Baltic Journal of Economic Studies,CAS 4区
Baltic Journal of English Language Literature and Culture,CAS 3区
Baltic Journal of Health and Physical Activity,CAS 4区
Baltic Journal of Management,CAS 4区
Baltic Journal of Modern Computing,CAS 4区
Baltic Journal of Road and Bridge Engineering,CAS 4区
Baltic Region,CAS 4区
Bamboo and Silk,CAS 4区
Banach Journal of Mathematical Analysis,CAS 2区
Bandung,Indexed
BANGLADESH JOURNAL OF BOTANY,CAS 4区
Bangladesh Journal of Medical Science,CAS 4区
Bangladesh Journal of Otorhinolaryngology,CAS 4区
Bangladesh Journal of Pharmacology,CAS 4区
Bangladesh Journal of Plant Taxonomy,CAS 4区
Banks and Bank Systems,Indexed
Barataria-Revista Castellano-Manchega de Ciencias Sociales,CAS 4区
Bariatric Surgical Practice and Patient Care,SSCI/SCIE/SCI
BASIC AND APPLIED ECOLOGY,CAS 2区
BASIC AND APPLIED SOCIAL PSYCHOLOGY,CAS 4区
Basic and Clinical Andrology,CAS 3区
Basic and Clinical Neuroscience,CAS 4区
BASIC & CLINICAL PHARMACOLOGY & TOXICOLOGY,CAS 4区
Basic Income Studies,CAS 4区
BASIC RESEARCH IN CARDIOLOGY,CAS 1区 Top
Basiliade-Revista de Filosofia,Indexed
BASIN RESEARCH,CAS 2区
Batteries-Basel,CAS 4区
Batteries & Supercaps,CAS 4区
Battery Energy,CAS 3区
Bauingenieur,CAS 4区
Bauphysik,CAS 4区
Bautechnik,CAS 4区
Bayesian Analysis,CAS 1区 Top
BBA Advances,Indexed
BDJ Open,CAS 2区
Behavioral and Brain Functions,CAS 2区
BEHAVIORAL AND BRAIN SCIENCES,SSCI/SCIE/SCI
BEHAVIORAL DISORDERS,CAS 3区
BEHAVIORAL ECOLOGY,CAS 2区
BEHAVIORAL ECOLOGY AND SOCIOBIOLOGY,CAS 2区
BEHAVIORAL INTERVENTIONS,CAS 4区
BEHAVIORAL MEDICINE,SSCI/SCIE/SCI
BEHAVIORAL NEUROSCIENCE,CAS 4区
Behavioral Psychology-Psicologia Conductual,CAS 4区
Behavioral Research in Accounting,CAS 4区
Behavioral Sciences,CAS 3区
Behavioral Sciences of Terrorism and Political Aggression,CAS 3区
BEHAVIORAL SCIENCES & THE LAW,CAS 4区
Behavioral Sleep Medicine,CAS 4区
Behavior Analysis in Practice,CAS 3区
Behavior and Social Issues,CAS 3区
BEHAVIOR GENETICS,SSCI/SCIE/SCI
BEHAVIOR MODIFICATION,CAS 3区
Behavior Research Methods,CAS 2区
BEHAVIOR THERAPY,CAS 2区 Top
BEHAVIOUR,CAS 4区
BEHAVIOURAL AND COGNITIVE PSYCHOTHERAPY,CAS 3区
BEHAVIOURAL BRAIN RESEARCH,CAS 3区
BEHAVIOURAL NEUROLOGY,CAS 4区
BEHAVIOURAL PHARMACOLOGY,CAS 4区
Behavioural Processes,SSCI/SCIE/SCI
Behavioural Public Policy,CAS 2区
BEHAVIOUR & INFORMATION TECHNOLOGY,SSCI/SCIE/SCI
BEHAVIOUR RESEARCH AND THERAPY,CAS 1区 Top
Beilstein Journal of Nanotechnology,CAS 4区
Beilstein Journal of Organic Chemistry,CAS 4区
Beitrage zur Algebra und Geometrie-Contributions to Algebra and Geometry,CAS 4区
BEITRAGE ZUR GESCHICHTE DER DEUTSCHEN SPRACHE UND LITERATUR,CAS 3区
B E Journal of Economic Analysis & Policy,CAS 4区
B E Journal of Macroeconomics,CAS 4区
B E Journal of Theoretical Economics,CAS 4区
BELGIAN JOURNAL OF ZOOLOGY,CAS 4区
Belitung Nursing Journal,CAS 4区
Belleten,CAS 4区
Belphegor,CAS 4区
Benchmarking-An International Journal,CAS 3区
Beneficial Microbes,CAS 4区
Beni-Suef University Journal of Basic and Applied Sciences,CAS 4区
Ben Jonson Journal,CAS 3区
B-ENT,CAS 4区
Bereavement-Journal of Grief and Responses to Death,CAS 3区
BERICHTE UBER LANDWIRTSCHAFT,CAS 4区
Berichte zur Wissenschaftsgeschichte,SSCI/SCIE/SCI/AHCI
Berkeley Review of Education,CAS 4区
BERLINER JOURNAL FUR SOZIOLOGIE,CAS 4区
BERLINER UND MUNCHENER TIERARZTLICHE WOCHENSCHRIFT,CAS 4区
BERNOULLI,CAS 2区
Best Practice & Research-Clinical Anaesthesiology,CAS 2区
BEST PRACTICE & RESEARCH CLINICAL ENDOCRINOLOGY & METABOLISM,CAS 2区
Best Practice & Research Clinical Gastroenterology,CAS 2区
BEST PRACTICE & RESEARCH CLINICAL HAEMATOLOGY,CAS 4区
BEST PRACTICE & RESEARCH CLINICAL OBSTETRICS & GYNAECOLOGY,CAS 2区
BEST PRACTICE & RESEARCH IN CLINICAL RHEUMATOLOGY,CAS 2区
Beton- und Stahlbetonbau,CAS 4区
BETRIEBSWIRTSCHAFTLICHE FORSCHUNG UND PRAXIS,CAS 4区
BEVERAGE PLANT RESEARCH,Indexed
Beverages,CAS 3区
Bewegungstherapie und Gesundheitssport,CAS 4区
Beyond Behavior,CAS 4区
Beytulhikme-An International Journal of Philosophy,CAS 4区
Bezmialem Science,CAS 4区
Bible Translator,CAS 4区
BIBLICA,CAS 3区
Biblical Annals,CAS 3区
Biblical Interpretation-A Journal of Contemporary Approaches,CAS 3区
Biblical Theology Bulletin,CAS 4区
Biblio 3W-Barcelona,CAS 4区
Bibliofilia,CAS 3区
Biblios-Revista de Bibliotecologia y Ciencias de la Informacion,CAS 4区
Bibliotecas-Anales de Investigacion,CAS 4区
Bibliotecas-Revista de la Escuela de Bibliotecologia Documentacion e Informacion,CAS 4区
Bibliothek Forschung und Praxis,CAS 4区
BIBLIOTHEQUE D HUMANISME ET RENAISSANCE,CAS 3区
BIBLISCHE ZEITSCHRIFT,CAS 3区
Biblos-Revista da Faculdade de Letras da Universidade de Coimbra,CAS 4区
BiD-Textos Universitaris de Biblioteconomia i Documentacio,CAS 4区
Big Data,CAS 4区
Big Data and Cognitive Computing,CAS 3区
Big Data Mining and Analytics,CAS 1区 Top
Big Data Research,CAS 3区
Big Data & Society,CAS 1区 Top
Big Earth Data,CAS 1区 Top
BIJDRAGEN TOT DE TAAL- LAND- EN VOLKENKUNDE,SSCI/SCI/AHCI
Bilig,CAS 4区
Bilimname,CAS 4区
Bilingualism-Language and Cognition,CAS 2区
Bilingual Research Journal,CAS 2区
BIOACOUSTICS-THE INTERNATIONAL JOURNAL OF ANIMAL SOUND AND ITS RECORDING,CAS 4区
Bioactive Carbohydrates and Dietary Fibre,Indexed
Bioactive Materials,CAS 1区 Top
Bioagro,CAS 4区
Bio-Algorithms and Med-Systems,CAS 4区
Bioanalysis,CAS 4区
Bioarchaeology International,Indexed
Bio-based and Applied Economics,CAS 4区
Biocatalysis and Agricultural Biotechnology,CAS 3区
BIOCATALYSIS AND BIOTRANSFORMATION,CAS 4区
BIOCELL,CAS 4区
Biochar,CAS 1区 Top
Biochemia Medica,CAS 4区
BIOCHEMICAL AND BIOPHYSICAL RESEARCH COMMUNICATIONS,CAS 4区
Biochemical Engineering Journal,CAS 3区
BIOCHEMICAL GENETICS,CAS 4区
BIOCHEMICAL JOURNAL,CAS 3区
BIOCHEMICAL PHARMACOLOGY,CAS 2区
BIOCHEMICAL SOCIETY TRANSACTIONS,CAS 2区
BIOCHEMICAL SYSTEMATICS AND ECOLOGY,CAS 4区
BIOCHEMISTRY,CAS 3区
Biochemistry and Biophysics Reports,CAS 4区
Biochemistry and Cell Biology,CAS 4区
BIOCHEMISTRY AND MOLECULAR BIOLOGY EDUCATION,CAS 4区
BIOCHEMISTRY-MOSCOW,CAS 4区
Biochemistry Moscow Supplement Series A-Membrane and Cell Biology,CAS 4区
Biochemistry Moscow-Supplement Series B-Biomedical Chemistry,CAS 4区
Biochemistry Research International,CAS 3区
BIOCHIMICA ET BIOPHYSICA ACTA-BIOENERGETICS,CAS 3区
BIOCHIMICA ET BIOPHYSICA ACTA-BIOMEMBRANES,CAS 3区
BIOCHIMICA ET BIOPHYSICA ACTA-GENERAL SUBJECTS,CAS 3区
Biochimica et Biophysica Acta-Gene Regulatory Mechanisms,CAS 3区
BIOCHIMICA ET BIOPHYSICA ACTA-MOLECULAR AND CELL BIOLOGY OF LIPIDS,CAS 2区
BIOCHIMICA ET BIOPHYSICA ACTA-MOLECULAR BASIS OF DISEASE,CAS 2区
BIOCHIMICA ET BIOPHYSICA ACTA-MOLECULAR CELL RESEARCH,CAS 3区
BIOCHIMICA ET BIOPHYSICA ACTA-PROTEINS AND PROTEOMICS,CAS 4区
BIOCHIMICA ET BIOPHYSICA ACTA-REVIEWS ON CANCER,CAS 2区 Top
BIOCHIMIE,CAS 3区
BioChip Journal,CAS 2区
BIOCONJUGATE CHEMISTRY,CAS 2区
BIOCONTROL,CAS 2区
BIOCONTROL SCIENCE AND TECHNOLOGY,CAS 3区
Biocybernetics and Biomedical Engineering,CAS 2区
BioData Mining,CAS 3区
BIODEGRADATION,CAS 4区
Biodemography and Social Biology,CAS 4区
Bio-Design and Manufacturing,CAS 1区 Top
BioDesign Research,Indexed
BIODIVERSITY AND CONSERVATION,CAS 2区
Biodiversity Data Journal,CAS 4区
Biodiversity Informatics,CAS 3区
BIODRUGS,CAS 2区
Bioelectricity,CAS 4区
BIOELECTROCHEMISTRY,CAS 2区
BIOELECTROMAGNETICS,CAS 3区
BioEnergy Research,CAS 4区
Bioengineered,CAS 4区
Bioengineering-Basel,CAS 3区
Bioengineering & Translational Medicine,CAS 2区
BIOESSAYS,CAS 3区
BIOETHICS,SSCI/SCIE/SCI
Biofabrication,CAS 2区
BIOFACTORS,CAS 3区
Biofilm,CAS 2区
BIOFOULING,CAS 3区
Biofuel Research Journal-BRJ,CAS 1区 Top
Biofuels Bioproducts & Biorefining-Biofpr,CAS 4区
Biofuels-UK,CAS 4区
BIOGEOCHEMICAL ADVANCES,Indexed
BIOGEOCHEMISTRY,CAS 2区
Biogeosciences,CAS 2区
BIOGERONTOLOGY,CAS 3区
BIOGRAPHY-AN INTERDISCIPLINARY QUARTERLY,CAS 4区
BioImpacts,CAS 4区
BIOINFORMATICS,CAS 3区
Bioinformatics Advances,CAS 4区
Bioinformatics and Biology Insights,CAS 4区
BIOINORGANIC CHEMISTRY AND APPLICATIONS,CAS 4区
Bioinspiration & Biomimetics,CAS 3区
Bioinspired Biomimetic and Nanobiomaterials,CAS 4区
Biointerphases,CAS 4区
BioInvasions Records,CAS 3区
BioLaw Journal-Rivista di Biodiritto,CAS 4区
Biolinguistics,Indexed
BIOLOGIA,CAS 4区
Biologia Futura,CAS 4区
BIOLOGIA PLANTARUM,CAS 4区
BIOLOGICAL AGRICULTURE & HORTICULTURE,CAS 4区
BIOLOGICAL BULLETIN,CAS 3区
BIOLOGICAL CHEMISTRY,CAS 4区
BIOLOGICAL CONSERVATION,CAS 1区 Top
BIOLOGICAL CONTROL,CAS 2区 Top
BIOLOGICAL CYBERNETICS,CAS 4区
BIOLOGICAL INVASIONS,CAS 2区
BIOLOGICAL JOURNAL OF THE LINNEAN SOCIETY,CAS 3区
BIOLOGICAL & PHARMACEUTICAL BULLETIN,CAS 4区
BIOLOGICAL PROCEDURES ONLINE,CAS 3区
Biological Psychiatry,CAS 1区 Top
Biological Psychiatry-Cognitive Neuroscience and Neuroimaging,CAS 2区
Biological Psychiatry: Global Open Science,CAS 2区
BIOLOGICAL PSYCHOLOGY,SSCI/SCIE/SCI
BIOLOGICAL RESEARCH,CAS 2区
Biological Research for Nursing,CAS 4区
BIOLOGICAL REVIEWS,CAS 1区 Top
BIOLOGICAL RHYTHM RESEARCH,CAS 4区
BIOLOGICALS,CAS 4区
Biological Theory,CAS 2区
BIOLOGICAL TRACE ELEMENT RESEARCH,CAS 3区
BIOLOGICHESKIE MEMBRANY,CAS 4区
Biologics-Targets & Therapy,CAS 3区
BIOLOGY AND ENVIRONMENT-PROCEEDINGS OF THE ROYAL IRISH ACADEMY,CAS 4区
BIOLOGY AND FERTILITY OF SOILS,CAS 2区
Biology-Basel,CAS 2区
BIOLOGY BULLETIN,CAS 4区
Biology Direct,CAS 2区
Biology Letters,CAS 2区
Biology Methods & Protocols,CAS 4区
BIOLOGY OF REPRODUCTION,CAS 2区
Biology of Sex Differences,CAS 2区
BIOLOGY OF SPORT,CAS 2区
BIOLOGY OF THE CELL,CAS 4区
Biology Open,CAS 4区
BIOLOGY & PHILOSOPHY,SSCI/SCIE/SCI/AHCI
BIOMACROMOLECULES,CAS 1区 Top
Biomarker Insights,CAS 3区
Biomarker Research,CAS 2区
BIOMARKERS,CAS 4区
Biomarkers in Medicine,CAS 4区
BIOMASS & BIOENERGY,CAS 2区
Biomass Conversion and Biorefinery,CAS 4区
BIOMATERIALS,CAS 1区 Top
Biomaterials Advances,CAS 2区 Top
Biomaterials Research,CAS 2区
Biomaterials Science,CAS 3区
BIOMECHANICS,Indexed
Biomechanics and Modeling in Mechanobiology,CAS 3区
Biomedica,CAS 4区
Biomedical and Biotechnology Research Journal,CAS 4区
BIOMEDICAL AND ENVIRONMENTAL SCIENCES,CAS 4区
BIOMEDICAL CHROMATOGRAPHY,CAS 4区
BIOMEDICAL ENGINEERING,Indexed
Biomedical Engineering and Computational Biology,Indexed
BIOMEDICAL ENGINEERING-APPLICATIONS BASIS COMMUNICATIONS,CAS 4区
Biomedical Engineering-Biomedizinische Technik,CAS 4区
Biomedical Engineering Letters,CAS 4区
BIOMEDICAL ENGINEERING-MEDITSINSKAYA TEKNIKA,CAS 4区
Biomedical Engineering Online,CAS 4区
Biomedical Human Kinetics,CAS 4区
Biomedical Journal,CAS 3区
Biomedical Materials,CAS 4区
BIO-MEDICAL MATERIALS AND ENGINEERING,CAS 4区
BIOMEDICAL MICRODEVICES,CAS 4区
Biomedical Optics Express,CAS 3区
BIOMEDICAL PAPERS-OLOMOUC,CAS 4区
Biomedical Physics & Engineering Express,CAS 4区
Biomedical Reports,CAS 4区
Biomedical Research and Therapy,CAS 4区
BIOMEDICAL RESEARCH-TOKYO,CAS 4区
Biomedical Signal Processing and Control,CAS 2区
BIOMEDICINE & PHARMACOTHERAPY,CAS 2区
Biomedicines,CAS 3区
BioMedicine-Taiwan,CAS 4区
Biomed Research International,CAS 4区
BIOMETALS,CAS 3区
BIOMETRICAL JOURNAL,CAS 3区
BIOMETRICS,CAS 3区
BIOMETRIKA,CAS 1区 Top
Biomicrofluidics,CAS 4区
Biomimetic Intelligence and Robotics,CAS 4区
Biomimetics,CAS 3区
Biomolecular Concepts,Indexed
Biomolecular NMR Assignments,CAS 4区
Biomolecules,CAS 2区
Biomolecules and Biomedicine,CAS 4区
Biomolecules & Therapeutics,CAS 4区
BioNanoScience,CAS 4区
BIOORGANIC CHEMISTRY,CAS 2区
BIOORGANIC & MEDICINAL CHEMISTRY,CAS 3区
BIOORGANIC & MEDICINAL CHEMISTRY LETTERS,CAS 4区
BIOPHARMACEUTICS & DRUG DISPOSITION,CAS 4区
BIOPHARM INTERNATIONAL,CAS 4区
Biophysica,Indexed
BIOPHYSICAL CHEMISTRY,CAS 3区
BIOPHYSICAL JOURNAL,CAS 3区
Biophysical Reports,CAS 4区
Biophysical Reviews,CAS 4区
Biophysics and Physicobiology,CAS 4区
Biophysics Reviews,CAS 4区
BIOPOLYMERS,CAS 4区
Biopreservation and Biobanking,CAS 4区
BIOPROCESS AND BIOSYSTEMS ENGINEERING,CAS 3区
Bio-protocol,CAS 4区
BioPsychoSocial Medicine,CAS 4区
BIOPSYCHOSOCIAL SCIENCE AND MEDICINE,Indexed
BIOREMEDIATION JOURNAL,CAS 4区
BioResources,CAS 4区
Bioresources and Bioprocessing,CAS 3区
BIORESOURCE TECHNOLOGY,CAS 1区 Top
Bioresource Technology Reports,Indexed
BIORHEOLOGY,Indexed
Biosafety and Health,CAS 4区
BIOSCIENCE,CAS 1区 Top
BIOSCIENCE BIOTECHNOLOGY AND BIOCHEMISTRY,CAS 4区
Bioscience Journal,CAS 4区
Bioscience of Microbiota Food and Health,CAS 4区
BIOSCIENCE REPORTS,CAS 3区
BioScience Trends,CAS 3区
Bioscope-South Asian Screen Studies,CAS 4区
Biosemiotics,SSCI/SCIE/SCI/AHCI
Biosensors-Basel,CAS 3区
BIOSENSORS & BIOELECTRONICS,CAS 1区 Top
BioSocieties,CAS 4区
BIOSTATISTICS,CAS 3区
Biosurface and Biotribology,CAS 4区
BIOSYSTEMS,CAS 4区
Biosystems Diversity,CAS 4区
BIOSYSTEMS ENGINEERING,CAS 2区 Top
BIOTA NEOTROPICA,CAS 4区
BioTech,CAS 4区
BIOTECHNIC & HISTOCHEMISTRY,CAS 4区
BIOTECHNIQUES,CAS 4区
BIOTECHNOLOGIE AGRONOMIE SOCIETE ET ENVIRONNEMENT,CAS 4区
BIOTECHNOLOGY ADVANCES,CAS 1区 Top
BIOTECHNOLOGY AND APPLIED BIOCHEMISTRY,CAS 4区
BIOTECHNOLOGY AND BIOENGINEERING,CAS 3区
BIOTECHNOLOGY AND BIOPROCESS ENGINEERING,CAS 4区
Biotechnology and Genetic Engineering Reviews,CAS 3区
BIOTECHNOLOGY & BIOTECHNOLOGICAL EQUIPMENT,CAS 4区
Biotechnology for Biofuels and Bioproducts,CAS 2区
Biotechnology Journal,CAS 3区
BIOTECHNOLOGY LAW REPORT,CAS 4区
BIOTECHNOLOGY LETTERS,CAS 4区
BIOTECHNOLOGY PROGRESS,CAS 4区
Biotecnia,CAS 4区
BIOTROPICA,CAS 3区
BIPOLAR DISORDERS,CAS 2区
BIRD CONSERVATION INTERNATIONAL,CAS 3区
Birds,CAS 4区
BIRD STUDY,CAS 4区
Birth Defects Research,CAS 4区
BIRTH-ISSUES IN PERINATAL CARE,SSCI/SCIE/SCI
Bitacora Urbano Territorial,CAS 4区
BIT NUMERICAL MATHEMATICS,CAS 3区
Biuletyn Wydzialu Farmaceutycznego Warszawskiego Uniwersytetu Medycznego,CAS 4区
Biznes Informatika-Business Informatics,CAS 4区
BJA Education,CAS 4区
BJGP Open,CAS 4区
BJOG-AN INTERNATIONAL JOURNAL OF OBSTETRICS AND GYNAECOLOGY,CAS 2区 Top
BJPsych Advances,CAS 4区
BJPsych Bulletin,CAS 4区
BJPsych International,CAS 4区
BJPsych Open,SSCI/SCIE/SCI
BJR Case Reports,CAS 4区
BJR Open,Indexed
BJS-British Journal of Surgery,Indexed
BJS Open,CAS 3区
BJUI Compass,CAS 4区
BJU INTERNATIONAL,CAS 2区
Black Camera,CAS 4区
BLACK SCHOLAR,CAS 4区
BLACK THEOLOGY,CAS 3区
Bladder Cancer,CAS 4区
Blockchain-Research and Applications,CAS 2区
BLOOD,CAS 1区 Top
Blood Advances,CAS 1区 Top
Blood and Lymphatic Cancer-Targets and Therapy,CAS 2区
Blood Cancer Discovery,CAS 1区 Top
Blood Cancer Journal,CAS 1区 Top
BLOOD CELLS MOLECULES AND DISEASES,CAS 4区
BLOOD COAGULATION & FIBRINOLYSIS,CAS 4区
BLOOD PRESSURE,CAS 3区
BLOOD PRESSURE MONITORING,CAS 4区
BLOOD PURIFICATION,CAS 4区
Blood Research,CAS 4区
BLOOD REVIEWS,CAS 2区
Blood Science,CAS 4区
Blood Transfusion,CAS 3区
Blue-Green Systems,CAS 4区
BLUMEA,CAS 4区
BMB Reports,CAS 4区
BMC Anesthesiology,CAS 3区
BMC BIOINFORMATICS,CAS 4区
BMC BIOLOGY,CAS 2区 Top
BMC BIOTECHNOLOGY,CAS 2区
BMC CANCER,CAS 3区
BMC Cardiovascular Disorders,CAS 3区
BMC Chemistry,CAS 2区
BMC Complementary Medicine and Therapies,CAS 3区
BMC Ecology and Evolution,CAS 3区
BMC EMERGENCY MEDICINE,CAS 3区
BMC Endocrine Disorders,CAS 3区
BMC GASTROENTEROLOGY,CAS 3区
BMC Genomic Data,CAS 4区
BMC GENOMICS,CAS 2区
BMC Geriatrics,SSCI/SCIE/SCI
BMC HEALTH SERVICES RESEARCH,CAS 2区
BMC IMMUNOLOGY,CAS 4区
BMC INFECTIOUS DISEASES,CAS 3区
BMC Medical Education,SSCI/SCIE/SCI
BMC Medical Ethics,SSCI/SCIE/SCI
BMC Medical Genomics,CAS 4区
BMC MEDICAL IMAGING,CAS 3区
BMC Medical Informatics and Decision Making,CAS 3区
BMC Medical Research Methodology,CAS 2区
BMC Medicine,CAS 1区 Top
BMC MICROBIOLOGY,CAS 2区
BMC Molecular and Cell Biology,CAS 3区
BMC MUSCULOSKELETAL DISORDERS,CAS 3区
BMC Nephrology,CAS 3区
BMC Neurology,CAS 3区
BMC NEUROSCIENCE,CAS 4区
BMC NURSING,SSCI/SCIE/SCI
BMC Nutrition,CAS 3区
BMC Ophthalmology,CAS 3区
BMC Oral Health,CAS 2区
BMC Palliative Care,SSCI/SCIE/SCI
BMC Pediatrics,CAS 3区
BMC Pharmacology & Toxicology,CAS 3区
BMC PLANT BIOLOGY,CAS 2区 Top
BMC Pregnancy and Childbirth,CAS 2区
BMC Primary Care,CAS 3区
BMC Psychiatry,CAS 2区
BMC Psychology,CAS 3区
BMC PUBLIC HEALTH,CAS 2区
BMC Pulmonary Medicine,CAS 3区
BMC Research Notes,CAS 4区
BMC Rheumatology,CAS 4区
BMC Sports Science Medicine and Rehabilitation,CAS 3区
BMC Surgery,CAS 3区
BMC Urology,CAS 4区
BMC Veterinary Research,CAS 2区
BMC Womens Health,SSCI/SCIE/SCI
BMC Zoology,CAS 3区
BME Frontiers,CAS 2区
BMEMat,Indexed
BMGN-The Low Countries Historical Review,SSCI/SCI/AHCI
BMJ-British Medical Journal,CAS 1区 Top
BMJ Case Reports,CAS 4区
BMJ CONNECTIONS SURGERY,Indexed
BMJ Evidence-Based Medicine,CAS 2区
BMJ Global Health,SSCI/SCIE/SCI
BMJ Health & Care Informatics,CAS 3区
BMJ Innovations,CAS 4区
BMJ Leader,CAS 4区
BMJ Medicine,CAS 1区 Top
BMJ Mental Health,CAS 1区 Top
BMJ Military Health,CAS 4区
BMJ Neurology Open,CAS 3区
"BMJ Nutrition, Prevention & Health",CAS 4区
BMJ Open,CAS 4区
BMJ Open Diabetes Research & Care,CAS 2区
BMJ Open Gastroenterology,CAS 3区
BMJ Open Ophthalmology,CAS 4区
BMJ Open Quality,CAS 4区
BMJ Open Respiratory Research,CAS 3区
BMJ Open Sport & Exercise Medicine,CAS 3区
BMJ Paediatrics Open,CAS 4区
BMJ Quality & Safety,SSCI/SCIE/SCI
BMJ Sexual & Reproductive Health,SSCI/SCIE/SCI
BMJ Supportive & Palliative Care,CAS 4区
BMJ Surgery Interventions & Health Technologies,CAS 4区
BMS-Bulletin of Sociological Methodology-Bulletin de Methodologie Sociologique,CAS 4区
Body Image,CAS 1区 Top
Body Movement and Dance in Psychotherapy,CAS 4区
Body & Society,CAS 4区
Bogoslovni Vestnik-Theological Quarterly-Ephemerides Theologicae,CAS 2区
Bogoslovska Smotra-Ephemerides Theologicae Zagrabienses,CAS 4区
BOIS ET FORETS DES TROPIQUES,CAS 4区
Boletim de Ciencias Geodesicas,CAS 4区
Boletim de Estudos Classicos,CAS 4区
BOLETIM DE INDUSTRIA ANIMAL,CAS 4区
Boletim do Arquivo da Universidade de Coimbra,CAS 4区
BOLETIM DO INSTITUTO DE PESCA,CAS 4区
Boletim Paranaense de Geociencias,CAS 4区
Boletim Sociedade Paranaense de Matematica,CAS 4区
Boletin Academico-Revista de Investigacion y Arquitectura Contemporanea,Indexed
Boletin Americanista,CAS 4区
Boletin Antropologico,CAS 4区
Boletin de Arte,CAS 4区
Boletin de Arte-UMA,CAS 3区
Boletin de Ciencias de la Tierra,CAS 4区
Boletin de Geologia,CAS 4区
Boletin de la Asociacion de Geografos Espanoles,CAS 4区
Boletin de la Asociacion Internacional de Derecho Cooperativo-International Association of Cooperative Law Journal,CAS 4区
Boletin del Archivo General de la Nacion,CAS 4区
BOLETIN DE LA REAL ACADEMIA ESPANOLA,CAS 4区
Boletin de la Sociedad Argentina de Botanica,CAS 4区
BOLETIN DE LA SOCIEDAD ESPANOLA DE CERAMICA Y VIDRIO,CAS 3区
Boletin de la Sociedad Geologica Mexicana,CAS 4区
BOLETIN DE LA SOCIEDAD MATEMATICA MEXICANA,CAS 4区
Boletin del grupo espanol del carbon,CAS 4区
Boletin de Literatura Oral,CAS 3区
Boletin del Museo Chileno de Arte Precolombino,CAS 2区
BOLETIN DE MATEMATICAS,Indexed
Boletin de Pediatria,CAS 4区
Boletin Geografico,CAS 4区
BOLETIN GEOLOGICO Y MINERO,CAS 4区
Boletin Goiano de Geografia,CAS 4区
Boletin Latinoamericano y del Caribe de Plantas Medicinales y Aromaticas,CAS 4区
Boletin Medico del Hospital Infantil de Mexico,CAS 4区
BOLLETTINO DELLA SOCIETA PALEONTOLOGICA ITALIANA,CAS 3区
BOLLETTINO DELLA UNIONE MATEMATICA ITALIANA,CAS 4区
Bollettino di Storia delle Scienze Matematiche,SCIE/SCI/AHCI
Bollettino Filosofico,CAS 4区
BONE,CAS 2区
Bone & Joint Journal,CAS 1区 Top
Bone & Joint Open,CAS 2区
Bone & Joint Research,CAS 1区 Top
BONE MARROW TRANSPLANTATION,CAS 2区
Bone Reports,CAS 4区
Bone Research,CAS 1区 Top
Bookbird-A Journal of International Childrens Literature,CAS 4区
BOOK COLLECTOR,CAS 4区
Book History,CAS 4区
Borderline Personality Disorder and Emotion Dysregulation,CAS 2区
Bordon-Revista de Pedagogia,CAS 4区
BOREAL ENVIRONMENT RESEARCH,CAS 4区
BOREAS,CAS 3区
Borsa Istanbul Review,CAS 2区
Bosniaca-Journal of the National and University Library of Bosnia and Herzegovina,CAS 4区
BOSQUE,CAS 4区
BOSTON UNIVERSITY LAW REVIEW,CAS 3区
BOTANICAL JOURNAL OF THE LINNEAN SOCIETY,CAS 2区
BOTANICAL REVIEW,CAS 2区
Botanical Sciences,CAS 4区
Botanical Studies,CAS 2区
BOTANICA MARINA,CAS 4区
Botanica Serbica,CAS 4区
Botany,CAS 4区
Botany Letters,CAS 4区
BOTHALIA,CAS 4区
Bottom Line,CAS 1区 Top
BOUNDARY 2-AN INTERNATIONAL JOURNAL OF LITERATURE AND CULTURE,SSCI/SCI/AHCI
BOUNDARY-LAYER METEOROLOGY,CAS 4区
Boundary Value Problems,CAS 4区
Boyhood Studies-An Interdisciplinary Journal,CAS 4区
BRAC-Barcelona Research Art Creation,CAS 4区
Brachytherapy,CAS 4区
Bradleya,CAS 4区
BRAGANTIA,CAS 4区
BRAIN,CAS 1区 Top
Brain and Behavior,CAS 3区
BRAIN AND COGNITION,SSCI/SCIE/SCI
BRAIN AND LANGUAGE,SSCI/SCIE/SCI
Brain and Spine,CAS 4区
BRAIN BEHAVIOR AND EVOLUTION,CAS 4区
BRAIN BEHAVIOR AND IMMUNITY,CAS 1区 Top
Brain Behavior & Immunity-Health,CAS 3区
BRAIN-Broad Research in Artificial Intelligence and Neuroscience,CAS 4区
Brain Circulation,CAS 4区
Brain Communications,CAS 2区
Brain-Computer Interfaces,CAS 4区
Brain Connectivity,CAS 4区
BRAIN & DEVELOPMENT,CAS 4区
Brain Hemorrhages,CAS 4区
Brain Imaging and Behavior,CAS 4区
Brain Impairment,CAS 4区
Brain Informatics,Indexed
BRAIN INJURY,SSCI/SCIE/SCI
BRAIN MECHANISMS,Indexed
BRAIN PATHOLOGY,CAS 2区
BRAIN RESEARCH,CAS 4区
BRAIN RESEARCH BULLETIN,CAS 3区
Brain Sciences,CAS 3区
Brain Stimulation,CAS 1区 Top
Brain Structure & Function,CAS 3区
BRAIN TOPOGRAPHY,CAS 3区
Brain Tumor Pathology,CAS 3区
Bratislava Law Review,CAS 4区
Bratislava Medical Journal,Indexed
Bratislava Medical Journal-Bratislavske Lekarske Listy,CAS 4区
Brazilian Administration Review,Indexed
BRAZILIAN ARCHIVES OF BIOLOGY AND TECHNOLOGY,CAS 4区
Brazilian Journalism Research,CAS 4区
Brazilian Journal of Analytical Chemistry,CAS 4区
Brazilian Journal of Anesthesiology,CAS 4区
Brazilian Journal of Botany,CAS 4区
Brazilian Journal of Cardiovascular Surgery,CAS 4区
BRAZILIAN JOURNAL OF CHEMICAL ENGINEERING,CAS 4区
Brazilian Journal of Geology,CAS 4区
Brazilian Journal of Hygiene and Animal Sanity,CAS 4区
Brazilian Journal of Infectious Diseases,CAS 4区
BRAZILIAN JOURNAL OF MEDICAL AND BIOLOGICAL RESEARCH,CAS 4区
BRAZILIAN JOURNAL OF MICROBIOLOGY,CAS 4区
Brazilian Journal of Operations & Production Management,CAS 4区
Brazilian Journal of Otorhinolaryngology,CAS 4区
Brazilian Journal of Pharmaceutical Sciences,CAS 4区
Brazilian Journal of Physical Therapy,CAS 3区
BRAZILIAN JOURNAL OF PHYSICS,CAS 4区
Brazilian Journal of Poultry Science,CAS 4区
Brazilian Journal of Probability and Statistics,CAS 4区
Brazilian Journal of Psychiatry,SSCI/SCIE/SCI
Brazilian Neurosurgery-Arquivos Brasileiros de Neurocirurgia,CAS 4区
Brazilian Oral Research,CAS 4区
BREAST,CAS 2区
Breast Cancer,CAS 3区
Breast Cancer-Basic and Clinical Research,CAS 4区
BREAST CANCER RESEARCH,CAS 2区
BREAST CANCER RESEARCH AND TREATMENT,CAS 3区
Breast Cancer-Targets and Therapy,CAS 3区
Breast Care,CAS 4区
Breastfeeding Medicine,CAS 4区
Breast Journal,CAS 4区
Breathe,CAS 4区
BREEDING SCIENCE,CAS 4区
Bresil-s,CAS 4区
Brewing Science,CAS 4区
BRICS Law Journal,CAS 4区
Bridge Structures,CAS 4区
BRIEFINGS IN BIOINFORMATICS,CAS 2区
Briefings in Functional Genomics,CAS 4区
Brills Annual of Afroasiatic Languages and Linguistics,CAS 4区
Britain and the World,SSCI/SCI/AHCI
Britannia,CAS 4区
British Accounting Review,CAS 2区
British and American Studies,CAS 4区
British Catholic History,CAS 3区
British Columbia Medical Journal,CAS 4区
BRITISH DENTAL JOURNAL,CAS 4区
BRITISH EDUCATIONAL RESEARCH JOURNAL,CAS 2区
British Food Journal,CAS 3区
British Journal for the History of Mathematics,CAS 4区
British Journal for the History of Philosophy,CAS 1区 Top
BRITISH JOURNAL FOR THE HISTORY OF SCIENCE,SSCI/SCI/AHCI
BRITISH JOURNAL FOR THE PHILOSOPHY OF SCIENCE,SSCI/SCIE/SCI/AHCI
British Journalism Review,CAS 4区
BRITISH JOURNAL OF AESTHETICS,CAS 1区 Top
British Journal of American Legal Studies,CAS 4区
BRITISH JOURNAL OF ANAESTHESIA,CAS 1区 Top
BRITISH JOURNAL OF BIOMEDICAL SCIENCE,CAS 4区
British Journal of Canadian Studies,CAS 4区
BRITISH JOURNAL OF CANCER,CAS 2区 Top
BRITISH JOURNAL OF CLINICAL PHARMACOLOGY,CAS 3区
BRITISH JOURNAL OF CLINICAL PSYCHOLOGY,CAS 3区
BRITISH JOURNAL OF CRIMINOLOGY,CAS 2区 Top
BRITISH JOURNAL OF DERMATOLOGY,CAS 1区 Top
BRITISH JOURNAL OF DEVELOPMENTAL PSYCHOLOGY,CAS 3区
British Journal of Diabetes,CAS 4区
BRITISH JOURNAL OF EDUCATIONAL PSYCHOLOGY,CAS 2区
BRITISH JOURNAL OF EDUCATIONAL STUDIES,CAS 3区
BRITISH JOURNAL OF EDUCATIONAL TECHNOLOGY,CAS 1区 Top
BRITISH JOURNAL OF GENERAL PRACTICE,CAS 2区
BRITISH JOURNAL OF GUIDANCE & COUNSELLING,CAS 4区
BRITISH JOURNAL OF HAEMATOLOGY,CAS 2区
BRITISH JOURNAL OF HEALTH PSYCHOLOGY,CAS 2区
BRITISH JOURNAL OF HOSPITAL MEDICINE,CAS 4区
BRITISH JOURNAL OF INDUSTRIAL RELATIONS,CAS 4区
British Journal of Learning Disabilities,CAS 4区
BRITISH JOURNAL OF MANAGEMENT,CAS 2区
BRITISH JOURNAL OF MATHEMATICAL & STATISTICAL PSYCHOLOGY,SSCI/SCIE/SCI
British Journal of Middle Eastern Studies,SSCI/SCI/AHCI
British Journal of Music Education,SSCI/SCI/AHCI
British Journal of Music Therapy,CAS 4区
BRITISH JOURNAL OF NEUROSURGERY,CAS 4区
BRITISH JOURNAL OF NUTRITION,CAS 3区
British Journal of Occupational Therapy,SSCI/SCIE/SCI
BRITISH JOURNAL OF OPHTHALMOLOGY,CAS 2区
BRITISH JOURNAL OF ORAL & MAXILLOFACIAL SURGERY,CAS 3区
British Journal of Pain,CAS 4区
BRITISH JOURNAL OF PHARMACOLOGY,CAS 2区
BRITISH JOURNAL OF POLITICAL SCIENCE,CAS 1区 Top
British Journal of Politics & International Relations,CAS 2区
BRITISH JOURNAL OF PSYCHIATRY,SSCI/SCIE/SCI
BRITISH JOURNAL OF PSYCHOLOGY,CAS 2区
British Journal of Psychotherapy,CAS 4区
BRITISH JOURNAL OF RADIOLOGY,CAS 4区
British Journal of Religious Education,SSCI/SCI/AHCI
BRITISH JOURNAL OF SOCIAL PSYCHOLOGY,CAS 1区 Top
BRITISH JOURNAL OF SOCIAL WORK,CAS 3区
BRITISH JOURNAL OF SOCIOLOGY,CAS 1区 Top
BRITISH JOURNAL OF SOCIOLOGY OF EDUCATION,CAS 3区
British Journal of Special Education,CAS 4区
BRITISH JOURNAL OF SPORTS MEDICINE,CAS 1区 Top
British Journal of Surgery,CAS 1区 Top
British Journal of Visual Impairment,CAS 4区
BRITISH MEDICAL BULLETIN,CAS 2区
British Politics,CAS 4区
BRITISH POULTRY SCIENCE,CAS 4区
BRITTONIA,CAS 4区
Brock Education-A Journal of Educational Research and Practice,CAS 4区
Brodogradnja,CAS 3区
Bronte Studies,CAS 3区
BROOKINGS PAPERS ON ECONOMIC ACTIVITY,CAS 4区
BRQ-Business Research Quarterly,CAS 3区
Brumal-Research Journal on the Fantastic,CAS 4区
Bruniana & Campanelliana,Indexed
Bruno Pini Mathematical Analysis Seminar,CAS 4区
Brussels Studies,CAS 4区
BRYOLOGIST,CAS 4区
BSGF-Earth Sciences Bulletin,CAS 3区
Buddhist-Christian Studies,CAS 4区
Buddhist Studies Review,Indexed
Buffalo Bulletin,CAS 4区
BUFFALO LAW REVIEW,CAS 4区
BUILDING ACOUSTICS,CAS 4区
BUILDING AND ENVIRONMENT,CAS 1区 Top
BUILDING RESEARCH AND INFORMATION,CAS 3区
Buildings,CAS 3区
Buildings & Cities,Indexed
Building Services Engineering Research & Technology,CAS 4区
Building Simulation,CAS 1区 Top
Buildings & Landscapes-Journal of the Vernacular Architecture Forum,CAS 3区
Built Environment Project and Asset Management,CAS 4区
Bulgarian Astronomical Journal,CAS 4区
BULGARIAN HISTORICAL REVIEW-REVUE BULGARE D HISTOIRE,CAS 4区
Bulgarian Journal of Agricultural Science,CAS 4区
Bulgarski Ezik i Literatura-Bulgarian Language and Literature,CAS 4区
Bulgarsko e-Spisanie za Arkheologiya-Bulgarian e-Journal of Archaeology,CAS 4区
BULLETIN DE L ACADEMIE NATIONALE DE MEDECINE,CAS 4区
Bulletin de la Societe Linneenne de Lyon,CAS 4区
BULLETIN DE LA SOCIETE MATHEMATIQUE DE FRANCE,CAS 4区
Bulletin de la Societe Prehistorique Francaise,CAS 4区
BULLETIN DES SCIENCES MATHEMATIQUES,CAS 3区
BULLETIN DU CANCER,CAS 4区
Bulletin du Centre de Recherche du Chateau de Versailles,Indexed
BULLETIN HISPANIQUE,CAS 4区
Bulletin KNOB,CAS 4区
Bulletin Mathematique de la Societe des Sciences Mathematiques de Roumanie,CAS 4区
BULLETIN MONUMENTAL,CAS 4区
Bulletin of Chemical Reaction Engineering and Catalysis,CAS 4区
Bulletin of Computational Applied Mathematics,CAS 4区
Bulletin of Contemporary Hispanic Studies,Indexed
Bulletin of Earthquake Engineering,CAS 2区
BULLETIN OF ECONOMIC RESEARCH,CAS 4区
Bulletin of Engineering Geology and the Environment,CAS 2区
BULLETIN OF ENTOMOLOGICAL RESEARCH,CAS 3区
BULLETIN OF ENVIRONMENTAL CONTAMINATION AND TOXICOLOGY,CAS 4区
BULLETIN OF EXPERIMENTAL BIOLOGY AND MEDICINE,CAS 4区
Bulletin of Geography-Physical Geography Series,CAS 4区
Bulletin of Geography-Socio-Economic Series,CAS 4区
Bulletin of Geophysics and Oceanography,CAS 4区
BULLETIN OF GEOSCIENCES,CAS 4区
Bulletin of Glaciological Research,Indexed
BULLETIN OF HISPANIC STUDIES,CAS 4区
BULLETIN OF INDONESIAN ECONOMIC STUDIES,CAS 2区
BULLETIN OF INSECTOLOGY,CAS 3区
Bulletin of Irkutsk State University-Series Mathematics,CAS 4区
Bulletin of Latin American Research,CAS 3区
BULLETIN OF MARINE SCIENCE,CAS 4区
BULLETIN OF MATERIALS SCIENCE,CAS 4区
Bulletin of Mathematical Analysis and Applications,CAS 4区
BULLETIN OF MATHEMATICAL BIOLOGY,CAS 4区
Bulletin of Mathematical Sciences,CAS 2区
Bulletin of Medieval Canon Law-New Series,CAS 4区
Bulletin of Russian State Medical University,CAS 4区
Bulletin of Spanish Studies,CAS 3区
BULLETIN OF SYMBOLIC LOGIC,CAS 3区
BULLETIN OF THE AMERICAN MATHEMATICAL SOCIETY,CAS 2区
BULLETIN OF THE AMERICAN METEOROLOGICAL SOCIETY,CAS 2区 Top
BULLETIN OF THE AMERICAN MUSEUM OF NATURAL HISTORY,CAS 2区
Bulletin of the American Society of Overseas Research,CAS 3区
BULLETIN OF THE AMERICAN SOCIETY OF PAPYROLOGISTS,CAS 4区
BULLETIN OF THE ATOMIC SCIENTISTS,CAS 4区
BULLETIN OF THE AUSTRALIAN MATHEMATICAL SOCIETY,CAS 4区
BULLETIN OF THE BELGIAN MATHEMATICAL SOCIETY-SIMON STEVIN,CAS 4区
BULLETIN OF THE BRAZILIAN MATHEMATICAL SOCIETY,CAS 3区
BULLETIN OF THE CHEMICAL SOCIETY OF ETHIOPIA,CAS 4区
BULLETIN OF THE CHEMICAL SOCIETY OF JAPAN,CAS 4区
BULLETIN OF THE COMEDIANTES,Indexed
BULLETIN OF THE COUNCIL FOR RESEARCH IN MUSIC EDUCATION,CAS 3区
Bulletin of the European Association for Theoretical Computer Science,CAS 4区
BULLETIN OF THE EUROPEAN ASSOCIATION OF FISH PATHOLOGISTS,CAS 4区
BULLETIN OF THE GEOLOGICAL SOCIETY OF DENMARK,CAS 4区
BULLETIN OF THE GEOLOGICAL SOCIETY OF FINLAND,CAS 4区
Bulletin of the German Historical Institute,CAS 4区
Bulletin of the History of Archaeology,CAS 1区 Top
BULLETIN OF THE HISTORY OF MEDICINE,SSCI/SCIE/SCI/AHCI
Bulletin of the Hospital for Joint Diseases,CAS 4区
BULLETIN OF THE INSTITUTE OF CLASSICAL STUDIES,CAS 4区
BULLETIN OF THE INSTITUTE OF HISTORY AND PHILOLOGY ACADEMIA SINICA,CAS 4区
Bulletin of the Institute of Mathematics Academia Sinica New Series,CAS 4区
Bulletin of the Iranian Mathematical Society,CAS 4区
Bulletin of the John Rylands Library,CAS 4区
Bulletin of the Karaganda University-Mathematics,CAS 4区
Bulletin of the Karaganda University-Mathematics Series,Indexed
BULLETIN OF THE KOREAN CHEMICAL SOCIETY,CAS 4区
Bulletin of the Korean Mathematical Society,CAS 4区
Bulletin of the Lebedev Physics Institute,CAS 4区
BULLETIN OF THE LONDON MATHEMATICAL SOCIETY,CAS 3区
Bulletin of the Malaysian Mathematical Sciences Society,CAS 3区
BULLETIN OF THE MENNINGER CLINIC,CAS 4区
Bulletin of the Mineral Research and Exploration,CAS 4区
Bulletin of the New Zealand Society for Earthquake Engineering,CAS 4区
Bulletin of the Peabody Museum of Natural History,CAS 1区 Top
Bulletin of the Polish Academy of Sciences-Technical Sciences,CAS 4区
Bulletin of the School of Oriental and African Studies,Indexed
BULLETIN OF THE SCHOOL OF ORIENTAL AND AFRICAN STUDIES-UNIVERSITY OF LONDON,CAS 3区
Bulletin of the Section of Logic,Indexed
BULLETIN OF THE SEISMOLOGICAL SOCIETY OF AMERICA,CAS 3区
Bulletin of the South Ural State University Series-Mathematical Modelling Programming & Computer Software,CAS 4区
Bulletin of the Technical Committee on Learning Technology,CAS 4区
Bulletin of the Tomsk Polytechnic University-Geo Assets Engineering,CAS 4区
Bulletin of the University of Karaganda-Physics,CAS 4区
BULLETIN OF THE WORLD HEALTH ORGANIZATION,CAS 2区
Bulletin of Tokyo Dental College,CAS 4区
Bulletin of University of Agricultural Sciences and Veterinary Medicine Cluj-Napoca-Food Science and Technology,CAS 4区
BULLETIN OF VOLCANOLOGY,CAS 2区
Bundesgesundheitsblatt-Gesundheitsforschung-Gesundheitsschutz,CAS 4区
BUNSEKI KAGAKU,CAS 4区
BURLINGTON MAGAZINE,CAS 2区
BURNS,CAS 3区
Burns & Trauma,CAS 2区
Business and Human Rights Journal,CAS 3区
Business and Politics,CAS 3区
Business and Professional Communication Quarterly,CAS 3区
BUSINESS AND SOCIETY REVIEW,CAS 4区
BUSINESS ETHICS QUARTERLY,CAS 1区 Top
Business Ethics the Environment & Responsibility,CAS 2区
BUSINESS HISTORY,CAS 3区
BUSINESS HISTORY REVIEW,CAS 2区
BUSINESS HORIZONS,CAS 3区
Business & Information Systems Engineering,CAS 3区
Business Management and Economics Engineering,CAS 4区
Business Process Management Journal,CAS 3区
BUSINESS & PROFESSIONAL ETHICS JOURNAL,CAS 4区
Business & Society,CAS 3区
Business Strategy and Development,CAS 3区
Business Strategy and the Environment,CAS 1区 Top
Business Systems Research Journal,CAS 4区
Bylye Gody,CAS 4区
Byulleten Sibirskoy Meditsiny,CAS 4区
BYU Studies Quarterly,CAS 4区
BYZANTINE AND MODERN GREEK STUDIES,CAS 3区
BYZANTINISCHE ZEITSCHRIFT,CAS 3区
Byzantinoslavica-Revue Internationale des Etudes Byzantines,CAS 3区
CA-A CANCER JOURNAL FOR CLINICIANS,CAS 1区 Top
CAAI Transactions on Intelligence Technology,CAS 1区 Top
Cabas,CAS 4区
CABI Agriculture & Bioscience,CAS 3区
Caderno Profissional de Marketing Unimep,CAS 4区
Cadernos Brasileiros de Terapia Ocupacional-Brazilian Journal of Occupational Therapy,CAS 4区
Cadernos de Dereito Actual,CAS 4区
Cadernos de Estudos Linguisticos,CAS 4区
Cadernos de Geografia,CAS 4区
Cadernos de Historia,CAS 4区
Cadernos de Letras da UFF,CAS 4区
Cadernos de Saude Publica,SSCI/SCIE/SCI
Cadernos de Traducao,CAS 4区
Cadernos Educacao Tecnologia e Sociedade,CAS 4区
Cadernos Gestao Publica e Cidadania,CAS 4区
Cadmo,CAS 4区
CAHIERS AGRICULTURES,CAS 4区
Cahiers Balkaniques,CAS 3区
CAHIERS DE BIOLOGIE MARINE,CAS 4区
Cahiers de Civilisation Espagnole Contemporaine-De 1808 Au Temps Present,CAS 4区
CAHIERS DE CIVILISATION MEDIEVALE,CAS 4区
Cahiers de Droit,CAS 4区
Cahiers de Narratologie,CAS 4区
CAHIERS DE NUTRITION ET DE DIETETIQUE,CAS 4区
Cahiers des Ameriques Latines,CAS 4区
Cahiers des Etudes Anciennes,CAS 4区
CAHIERS D ETUDES AFRICAINES,CAS 4区
Cahiers d Etudes du Religieux-Recherches Interdisciplinaires,CAS 4区
CAHIERS D HISTOIRE RUSSE EST-EUROPEENNE CAUCASIENNE ET CENTRASIATIQUE,Indexed
CAHIERS DU MONDE RUSSE,CAS 3区
CAHIERS ELISABETHAINS,CAS 3区
Cahiers Mondes Anciens,CAS 4区
CAHIERS VICTORIENS & EDOUARDIENS,CAS 4区
Caietele Echinox,CAS 4区
Cailiao Gongcheng-Journal of Materials Engineering,CAS 3区
CALCIFIED TISSUE INTERNATIONAL,CAS 3区
CALCOLO,CAS 3区
CALCULUS OF VARIATIONS AND PARTIAL DIFFERENTIAL EQUATIONS,CAS 1区 Top
CALDASIA,CAS 4区
CALICO Journal,CAS 4区
Calidad de Vida y Salud,CAS 4区
CALIFORNIA AGRICULTURE,CAS 4区
California Archaeology,CAS 4区
California Fish and Wildlife Journal,CAS 4区
CALIFORNIA HISTORY,CAS 4区
CALIFORNIA LAW REVIEW,CAS 2区
CALIFORNIA MANAGEMENT REVIEW,CAS 2区
Caligrama-Revista de Estudos Romanicos,CAS 4区
Caliope-Journal of the Society for Renaissance and Baroque Hispanic Poetry,CAS 3区
Calle 14-Revista de investigacion en el Campo del Arte,CAS 4区
CALPHAD-COMPUTER COUPLING OF PHASE DIAGRAMS AND THERMOCHEMISTRY,CAS 3区
Cambio-Rivista sulle Trasformazioni Sociali,CAS 4区
CAMBRIAN MEDIEVAL CELTIC STUDIES,CAS 3区
CAMBRIDGE ARCHAEOLOGICAL JOURNAL,CAS 1区 Top
Cambridge Classical Journal,CAS 2区
Cambridge International Law Journal,CAS 4区
Cambridge Journal of Anthropology,CAS 3区
CAMBRIDGE JOURNAL OF ECONOMICS,CAS 2区
Cambridge Journal of Education,CAS 3区
Cambridge Journal of Mathematics,CAS 1区 Top
Cambridge Journal of Postcolonial Literary Inquiry,CAS 3区
Cambridge Journal of Regions Economy and Society,CAS 1区 Top
Cambridge Law Journal,CAS 3区
Cambridge Opera Journal,CAS 2区
Cambridge Prisms-Global Mental Health,CAS 3区
CAMBRIDGE QUARTERLY,CAS 3区
CAMBRIDGE QUARTERLY OF HEALTHCARE ETHICS,SSCI/SCIE/SCI
Cambridge Review of International Affairs,CAS 3区
CAMERA OBSCURA,CAS 4区
Camino Real-Estudios de las Hispanidades Norteamericanas,CAS 4区
Campbell Systematic Reviews,CAS 3区
Campus Virtuales,CAS 4区
CANADIAN ASSOCIATION OF RADIOLOGISTS JOURNAL-JOURNAL DE L ASSOCIATION CANADIENNE DES RADIOLOGISTES,CAS 3区
CANADIAN ENTOMOLOGIST,CAS 4区
Canadian Ethnic Studies-Etudes Ethniques au Canada,CAS 4区
CANADIAN FAMILY PHYSICIAN,CAS 4区
Canadian Foreign Policy,CAS 4区
CANADIAN GEOGRAPHIES-GEOGRAPHIES CANADIENNES,CAS 4区
CANADIAN GEOTECHNICAL JOURNAL,CAS 3区
Canadian Geriatrics Journal,CAS 4区
CANADIAN HISTORICAL REVIEW,SSCI/SCI/AHCI
Canadian Journal American and Caribbean Studies,CAS 4区
Canadian Journal for the Scholarship of Teaching and Learning,CAS 4区
Canadian Journal for the Study of Adult Education,CAS 4区
Canadian Journal of Addiction,CAS 4区
CANADIAN JOURNAL OF ADMINISTRATIVE SCIENCES-REVUE CANADIENNE DES SCIENCES DE L ADMINISTRATION,CAS 4区
CANADIAN JOURNAL OF AFRICAN STUDIES,CAS 4区
CANADIAN JOURNAL OF AGRICULTURAL ECONOMICS-REVUE CANADIENNE D AGROECONOMIE,SSCI/SCIE/SCI
Canadian Journal of Anesthesia-Journal canadien d anesthesie,CAS 3区
CANADIAN JOURNAL OF ANIMAL SCIENCE,CAS 4区
Canadian Journal of Applied Linguistics,CAS 4区
CANADIAN JOURNAL OF BEHAVIOURAL SCIENCE-REVUE CANADIENNE DES SCIENCES DU COMPORTEMENT,CAS 4区
Canadian Journal of Bioethics-Revue Canadienne de Bioethique,CAS 4区
CANADIAN JOURNAL OF CARDIOLOGY,CAS 2区
Canadian Journal of Career Development,CAS 4区
CANADIAN JOURNAL OF CHEMICAL ENGINEERING,CAS 4区
Canadian Journal of Chemistry,CAS 4区
CANADIAN JOURNAL OF CIVIL ENGINEERING,CAS 4区
Canadian Journal of Communication,CAS 4区
CANADIAN JOURNAL OF CRIMINOLOGY AND CRIMINAL JUSTICE,CAS 4区
CANADIAN JOURNAL OF DEVELOPMENT STUDIES-REVUE CANADIENNE D ETUDES DU DEVELOPPEMENT,CAS 4区
Canadian Journal of Diabetes,CAS 4区
CANADIAN JOURNAL OF DIETETIC PRACTICE AND RESEARCH,CAS 4区
CANADIAN JOURNAL OF EARTH SCIENCES,CAS 4区
CANADIAN JOURNAL OF ECONOMICS-REVUE CANADIENNE D ECONOMIQUE,CAS 4区
Canadian Journal of Educational Administration and Policy,CAS 4区
Canadian Journal of Emergency Medicine,CAS 4区
CANADIAN JOURNAL OF EXPERIMENTAL PSYCHOLOGY-REVUE CANADIENNE DE PSYCHOLOGIE EXPERIMENTALE,CAS 4区
Canadian Journal of Family and Youth,CAS 4区
Canadian Journal of Film Studies-Revue Canadienne d Etudes Cinematographiques,CAS 4区
CANADIAN JOURNAL OF FISHERIES AND AQUATIC SCIENCES,CAS 3区
CANADIAN JOURNAL OF FOREST RESEARCH,CAS 3区
Canadian Journal of Gastroenterology and Hepatology,CAS 4区
Canadian Journal of Health History,CAS 4区
Canadian Journal of Higher Education,CAS 4区
Canadian Journal of History-Annales Canadiennes d Histoire,CAS 4区
CANADIAN JOURNAL OF HOSPITAL PHARMACY,CAS 4区
Canadian Journal of Human Sexuality,CAS 4区
Canadian Journal of Infectious Diseases & Medical Microbiology,CAS 4区
CANADIAN JOURNAL OF INFORMATION AND LIBRARY SCIENCE-REVUE CANADIENNE DES SCIENCES DE L INFORMATION ET DE BIBLIOTHECONOMIE,CAS 4区
Canadian Journal of Kidney Health and Disease,CAS 4区
Canadian Journal of Law and Jurisprudence,CAS 4区
Canadian Journal of Law and Society,CAS 4区
Canadian Journal of Law and Society-La Revue Canadienne Droit et Societe,Indexed
CANADIAN JOURNAL OF LINGUISTICS-REVUE CANADIENNE DE LINGUISTIQUE,CAS 3区
CANADIAN JOURNAL OF MATHEMATICS-JOURNAL CANADIEN DE MATHEMATIQUES,CAS 4区
CANADIAN JOURNAL OF MICROBIOLOGY,CAS 4区
Canadian Journal of Mineralogy and Petrology,CAS 4区
CANADIAN JOURNAL OF NEUROLOGICAL SCIENCES,CAS 4区
Canadian Journal of Nonprofit and Social Economy Research,CAS 4区
Canadian Journal of Nursing Research,CAS 4区
Canadian Journal of Occupational Therapy-Revue Canadienne d Ergotherapie,SSCI/SCIE/SCI
CANADIAN JOURNAL OF OPHTHALMOLOGY-JOURNAL CANADIEN D OPHTALMOLOGIE,CAS 4区
Canadian Journal of Pain-Revue Canadienne de la Douleur,CAS 3区
CANADIAN JOURNAL OF PHILOSOPHY,CAS 1区 Top
CANADIAN JOURNAL OF PHYSICS,CAS 4区
CANADIAN JOURNAL OF PHYSIOLOGY AND PHARMACOLOGY,CAS 4区
CANADIAN JOURNAL OF PLANT PATHOLOGY,CAS 4区
CANADIAN JOURNAL OF PLANT SCIENCE,CAS 4区
CANADIAN JOURNAL OF POLITICAL SCIENCE-REVUE CANADIENNE DE SCIENCE POLITIQUE,CAS 3区
Canadian Journal of Program Evaluation,CAS 4区
CANADIAN JOURNAL OF PSYCHIATRY-REVUE CANADIENNE DE PSYCHIATRIE,SSCI/SCIE/SCI
CANADIAN JOURNAL OF PUBLIC HEALTH-REVUE CANADIENNE DE SANTE PUBLIQUE,CAS 3区
CANADIAN JOURNAL OF REMOTE SENSING,CAS 4区
Canadian Journal of Respiratory Critical Care and Sleep Medicine,CAS 4区
Canadian Journal of Respiratory Therapy,CAS 4区
Canadian Journal of Rural Medicine,CAS 4区
Canadian Journal of School Psychology,CAS 4区
Canadian Journal of Science Mathematics and Technology Education,CAS 4区
CANADIAN JOURNAL OF SOCIOLOGY-CAHIERS CANADIENS DE SOCIOLOGIE,CAS 3区
CANADIAN JOURNAL OF SOIL SCIENCE,CAS 4区
Canadian Journal of Speech-Language Pathology and Audiology,CAS 4区
CANADIAN JOURNAL OF STATISTICS-REVUE CANADIENNE DE STATISTIQUE,CAS 4区
CANADIAN JOURNAL OF SURGERY,CAS 3区
Canadian Journal of Urology,CAS 4区
CANADIAN JOURNAL OF VETERINARY RESEARCH-REVUE CANADIENNE DE RECHERCHE VETERINAIRE,CAS 4区
Canadian Journal of Women and the Law,CAS 4区
CANADIAN JOURNAL OF ZOOLOGY,CAS 4区
Canadian Journal on Aging-La Revue Canadienne du Vieillissement,Indexed
CANADIAN JOURNAL ON AGING-REVUE CANADIENNE DU VIEILLISSEMENT,CAS 4区
CANADIAN LITERATURE,CAS 4区
Canadian Liver Journal,CAS 4区
CANADIAN MATHEMATICAL BULLETIN-BULLETIN CANADIEN DE MATHEMATIQUES,CAS 4区
CANADIAN MEDICAL ASSOCIATION JOURNAL,CAS 1区 Top
CANADIAN METALLURGICAL QUARTERLY,CAS 4区
CANADIAN MODERN LANGUAGE REVIEW-REVUE CANADIENNE DES LANGUES VIVANTES,CAS 4区
Canadian Pharmacists Journal,CAS 4区
Canadian Political Science Review,CAS 4区
CANADIAN PSYCHOLOGY-PSYCHOLOGIE CANADIENNE,CAS 4区
CANADIAN PUBLIC ADMINISTRATION-ADMINISTRATION PUBLIQUE DU CANADA,CAS 4区
CANADIAN PUBLIC POLICY-ANALYSE DE POLITIQUES,CAS 3区
Canadian Respiratory Journal,CAS 4区
CANADIAN REVIEW OF AMERICAN STUDIES,CAS 4区
CANADIAN REVIEW OF COMPARATIVE LITERATURE-REVUE CANADIENNE DE LITTERATURE COMPAREE,CAS 4区
Canadian Review of Sociology-Revue Canadienne de Sociologie,CAS 4区
Canadian Slavonic Papers,CAS 2区
Canadian Society of Forensic Science Journal,CAS 4区
Canadian Studies in Population,CAS 4区
CANADIAN THEATRE REVIEW,CAS 4区
CANADIAN VETERINARY JOURNAL-REVUE VETERINAIRE CANADIENNE,CAS 4区
Canadian Water Resources Journal,CAS 4区
Canadian Yearbook of International Law,CAS 4区
CANCER,CAS 1区 Top
CANCER AND METASTASIS REVIEWS,CAS 2区
Cancer Biology & Medicine,CAS 2区
CANCER BIOLOGY & THERAPY,CAS 2区
Cancer Biomarkers,CAS 4区
CANCER BIOTHERAPY AND RADIOPHARMACEUTICALS,CAS 4区
CANCER CAUSES & CONTROL,CAS 3区
CANCER CELL,CAS 1区 Top
Cancer Cell International,CAS 3区
CANCER CHEMOTHERAPY AND PHARMACOLOGY,CAS 4区
Cancer Communications,CAS 1区 Top
Cancer Control,CAS 4区
CANCER CYTOPATHOLOGY,CAS 3区
Cancer Discovery,CAS 1区 Top
Cancer Drug Resistance,CAS 4区
Cancer Epidemiology,CAS 3区
CANCER EPIDEMIOLOGY BIOMARKERS & PREVENTION,CAS 2区
CANCER GENE THERAPY,CAS 3区
Cancer Genetics,CAS 4区
Cancer Genomics & Proteomics,CAS 4区
CANCER IMAGING,CAS 2区
CANCER IMMUNOLOGY IMMUNOTHERAPY,CAS 3区
Cancer Immunology Research,CAS 1区 Top
Cancer Informatics,CAS 4区
Cancer Innovation,CAS 4区
CANCER INVESTIGATION,CAS 4区
CANCER JOURNAL,CAS 4区
CANCER LETTERS,CAS 1区 Top
Cancer Management and Research,CAS 4区
Cancer Medicine,CAS 3区
Cancer & Metabolism,CAS 2区
Cancer Nanotechnology,CAS 3区
CANCER NURSING,SSCI/SCIE/SCI
Cancer Pathogenesis and Therapy,CAS 4区
Cancer Prevention Research,CAS 3区
Cancer Radiotherapie,CAS 4区
Cancer Reports,CAS 4区
CANCER RESEARCH,CAS 1区 Top
Cancer Research and Treatment,CAS 2区
Cancer Research Communications,CAS 4区
Cancers,CAS 3区
CANCER SCIENCE,CAS 2区
Cancer Treatment and Research Communications,Indexed
CANCER TREATMENT REVIEWS,CAS 1区 Top
CANDOLLEA,CAS 4区
Cannabis and Cannabinoid Research,CAS 4区
CAPILLARITY,Indexed
Capital and Class,CAS 3区
Capitale Culturale-Studies on the Value of Cultural Heritage,CAS 4区
Capital Markets Law Journal,CAS 4区
CAPjournal,CAS 4区
Caplletra,CAS 4区
Caracol,CAS 4区
Caraka Tani-Journal of Sustainable Agriculture,Indexed
Caravelle,CAS 4区
Carbohydrate Polymers,CAS 1区 Top
Carbohydrate Polymer Technologies and Applications,CAS 2区
Carbohydrate Research,CAS 3区
CARBON,CAS 2区 Top
CARBON AND HYDROGEN,Indexed
CARBONATES AND EVAPORITES,CAS 4区
Carbon Balance and Management,CAS 2区
Carbon Capture Science & Technology,CAS 2区
Carbon Energy,CAS 1区 Top
Carbon Letters,CAS 3区
Carbon Management,SSCI/SCIE/SCI
Carbon Neutrality,Indexed
Carbon Neutralization,Indexed
Carbon Resources Conversion,CAS 2区
Carbon Trends,CAS 4区
CARCINOGENESIS,CAS 3区
Cardiac Failure Review,CAS 2区
Cardiogenetics,CAS 4区
CARDIOLOGY,CAS 4区
Cardiology and Therapy,CAS 3区
CARDIOLOGY CLINICS,CAS 3区
Cardiology Discovery,CAS 4区
Cardiology in Review,CAS 4区
CARDIOLOGY IN THE YOUNG,CAS 4区
Cardiology Journal,CAS 3区
Cardiology Research,CAS 4区
Cardiology Research and Practice,CAS 4区
Cardio-Oncology,CAS 3区
CardioRenal Medicine,CAS 3区
Cardiothoracic Surgeon,CAS 4区
CARDIOVASCULAR AND INTERVENTIONAL RADIOLOGY,CAS 3区
Cardiovascular Diabetology,CAS 1区 Top
Cardiovascular Diagnosis and Therapy,CAS 4区
Cardiovascular Digital Health Journal,CAS 4区
CARDIOVASCULAR DRUGS AND THERAPY,CAS 3区
Cardiovascular Endocrinology & Metabolism,CAS 4区
Cardiovascular Engineering and Technology,CAS 4区
Cardiovascular Innovations and Applications,CAS 4区
Cardiovascular Intervention and Therapeutics,CAS 3区
Cardiovascular Journal of Africa,CAS 4区
CARDIOVASCULAR PATHOLOGY,CAS 4区
CARDIOVASCULAR RESEARCH,CAS 1区 Top
Cardiovascular Revascularization Medicine,CAS 4区
Cardiovascular Therapeutics,CAS 3区
Cardiovascular Toxicology,CAS 4区
Cardiovascular Ultrasound,CAS 3区
Career Development and Transition for Exceptional Individuals,CAS 3区
Career Development International,CAS 3区
CAREER DEVELOPMENT QUARTERLY,CAS 3区
CARIBBEAN JOURNAL OF SCIENCE,CAS 4区
CARIES RESEARCH,CAS 2区
CARNETS DE GEOLOGIE,CAS 4区
CARNETS GEOL.,Indexed
Carpathian Journal of Earth and Environmental Sciences,CAS 4区
Carpathian Journal of Food Science and Technology,CAS 4区
Carpathian Journal of Mathematics,CAS 3区
Carpathian Mathematical Publications,CAS 4区
Cartagine-Studi e Ricerche,CAS 4区
Cartaphilus,CAS 4区
Carte Romanze,CAS 4区
Cartilage,CAS 4区
Cartographica,CAS 4区
CARTOGRAPHIC JOURNAL,CAS 4区
Cartography and Geographic Information Science,CAS 2区
Case Reports in Cardiology,CAS 4区
Case Reports in Dentistry,CAS 4区
Case Reports in Dermatology,CAS 4区
Case Reports in Endocrinology,CAS 4区
Case Reports in Gastroenterology,CAS 4区
Case Reports in Gastrointestinal Medicine,CAS 4区
Case Reports in Hematology,CAS 4区
Case Reports in Immunology,CAS 4区
Case Reports in Infectious Diseases,CAS 4区
Case Reports in Medicine,CAS 4区
Case Reports in Nephrology and Dialysis,CAS 4区
Case Reports in Neurological Medicine,CAS 4区
Case Reports in Neurology,CAS 4区
Case Reports in Obstetrics and Gynecology,CAS 4区
Case Reports in Oncological Medicine,CAS 4区
Case Reports in Oncology,CAS 4区
Case Reports in Ophthalmological Medicine,CAS 4区
Case Reports in Ophthalmology,CAS 4区
Case Reports in Orthopedics,CAS 4区
Case Reports in Otolaryngology,CAS 4区
Case Reports in Pathology,CAS 4区
Case Reports in Pediatrics,CAS 4区
Case Reports in Perinatal Medicine,CAS 4区
Case Reports in Plastic Surgery and Hand Surgery,CAS 4区
Case Reports in Surgery,CAS 4区
Case Reports in Womens Health,CAS 4区
Case Studies in Construction Materials,CAS 2区
CASE STUDIES IN SPORT AND PERFORMANCE PSYCHOLOGY,Indexed
Case Studies in the Environment,CAS 4区
Case Studies in Thermal Engineering,CAS 2区
Case Studies on Transport Policy,CAS 3区
Casopis za Ekonomiju i Trzisne Komunikacije,CAS 4区
Casopis za Suvremenu Povijest,CAS 4区
Caspian Journal of Internal Medicine,CAS 4区
CASTANEA,CAS 4区
Castilla-Estudios de Literatura,CAS 3区
Catalan Journal of Communication & Cultural Studies,CAS 4区
Catalan Journal of Linguistics,CAS 2区
Cataloging & Classification Quarterly,CAS 4区
CATALYSIS COMMUNICATIONS,CAS 3区
Catalysis in Industry,CAS 4区
CATALYSIS LETTERS,CAS 4区
CATALYSIS REVIEWS-SCIENCE AND ENGINEERING,CAS 2区
Catalysis Science & Technology,CAS 3区
CATALYSIS SURVEYS FROM ASIA,CAS 4区
CATALYSIS TODAY,CAS 2区
Catalysts,CAS 3区
Catedral Tomada-Revista de Critica Literaria Latinoamericana-Journal of Latin American Literary Criticism,CAS 3区
Categories and General Algebraic Structures with Applications,CAS 3区
CATENA,CAS 1区 Top
CATHETERIZATION AND CARDIOVASCULAR INTERVENTIONS,CAS 3区
CATHOLIC BIBLICAL QUARTERLY,CAS 3区
CATHOLIC HISTORICAL REVIEW,CAS 3区
Catholic Social Science Review,CAS 4区
CATHOLIC UNIVERSITY LAW REVIEW,CAS 4区
Catrina-The International Journal of Environmental Sciences,CAS 4区
CATTLE PRACTICE,CAS 4区
Caucasus Survey,CAS 4区
Cauce-Revista Internacional de Filologia Comunicacion y sus Didacticas,CAS 4区
Cauriensia-Revista Anual de Ciencias Eclesiasticas,CAS 4区
CBE-Life Sciences Education,CAS 2区 Top
CCF Transactions on High Performance Computing,CAS 4区
CCF Transactions on Pervasive Computing and Interaction,CAS 4区
CCS Chemistry,CAS 1区 Top
CEA CRITIC,CAS 4区
CEAS Space Journal,CAS 4区
Cedille-Revista de Estudios Franceses,CAS 4区
Celebrity Studies,SSCI/SCI/AHCI
CELEHIS-Revista del Centro de Letras Hispanoamericanas,CAS 4区
CELESTIAL MECHANICS & DYNAMICAL ASTRONOMY,CAS 3区
Celestinesca,CAS 2区
CELL,CAS 1区 Top
Cell Adhesion & Migration,CAS 3区
Cell and Bioscience,CAS 2区 Top
CELL AND TISSUE BANKING,CAS 4区
CELL AND TISSUE RESEARCH,CAS 3区
CELL BIOCHEMISTRY AND BIOPHYSICS,CAS 4区
CELL BIOCHEMISTRY AND FUNCTION,CAS 4区
CELL BIOLOGY AND TOXICOLOGY,CAS 3区
CELL BIOLOGY INTERNATIONAL,CAS 3区
CELL CALCIUM,CAS 2区
Cell Chemical Biology,CAS 1区 Top
Cell Communication and Signaling,CAS 2区 Top
CELL CYCLE,CAS 3区
CELL DEATH AND DIFFERENTIATION,CAS 1区 Top
Cell Death Discovery,CAS 2区 Top
Cell Death & Disease,CAS 1区 Top
Cell Discovery,CAS 1区 Top
Cell Division,CAS 3区
Cell Genomics,CAS 1区 Top
Cell Host & Microbe,CAS 1区 Top
CELL INSIGHT,Indexed
Cell Journal,CAS 4区
Cell Metabolism,SSCI/SCIE/SCI
CELL PROLIFERATION,CAS 1区 Top
Cell Regeneration,CAS 3区
Cell Reports,CAS 1区 Top
Cell Reports Medicine,CAS 1区 Top
Cell Reports Methods,CAS 3区
Cell Reports Physical Science,CAS 2区
CELL RESEARCH,SSCI/SCIE/SCI
Cells,CAS 2区
Cells & Development,CAS 4区
Cell Stem Cell,CAS 1区 Top
CELLS TISSUES ORGANS,CAS 4区
Cell Stress,CAS 4区
CELL STRESS & CHAPERONES,CAS 3区
CELL STRUCTURE AND FUNCTION,CAS 4区
Cell Surface,Indexed
Cell Systems,CAS 1区 Top
CELL TRANSPLANTATION,CAS 4区
Cellular and Molecular Bioengineering,CAS 4区
Cellular and Molecular Gastroenterology and Hepatology,CAS 1区 Top
CELLULAR AND MOLECULAR LIFE SCIENCES,CAS 2区 Top
CELLULAR AND MOLECULAR NEUROBIOLOGY,CAS 4区
CELLULAR IMMUNOLOGY,CAS 3区
CELLULAR MICROBIOLOGY,CAS 4区
CELLULAR & MOLECULAR BIOLOGY LETTERS,CAS 1区 Top
Cellular & Molecular Immunology,CAS 1区 Top
CELLULAR ONCOLOGY,CAS 2区
CELLULAR PHYSIOLOGY AND BIOCHEMISTRY,CAS 4区
CELLULAR POLYMERS,CAS 4区
Cellular Reprogramming,CAS 4区
CELLULAR SIGNALLING,CAS 2区
CELLULOSE,CAS 3区
CELLULOSE CHEMISTRY AND TECHNOLOGY,CAS 4区
CEMENT AND CONCRETE RESEARCH,CAS 1区 Top
CEMENT & CONCRETE COMPOSITES,CAS 1区 Top
Cement Wapno Beton,CAS 4区
CEN Case Reports,CAS 4区
CENTAURUS,SSCI/SCIE/SCI/AHCI
Central and Eastern European Migration Review,CAS 4区
Central Asian Survey,CAS 3区
CENTRAL ASIATIC JOURNAL,CAS 4区
Central Bank Review,CAS 3区
Central Europe,CAS 4区
Central European Business Review,CAS 4区
Central European Forestry Journal,CAS 4区
CENTRAL EUROPEAN HISTORY,SSCI/SCI/AHCI
Central European Journal of Communication,CAS 4区
Central European Journal of Economic Modelling and Econometrics,CAS 4区
Central European Journal of Energetic Materials,CAS 4区
Central European Journal of Immunology,CAS 4区
Central European Journal of Operations Research,CAS 4区
Central European Journal of Public Health,SSCI/SCIE/SCI
Central European Journal of Urology,CAS 4区
Central European Management Journal,CAS 4区
Central European Public Administration Review,CAS 4区
Cepal Review,CAS 4区
CEPHALALGIA,CAS 2区
CERAMICS-ART AND PERCEPTION,CAS 4区
Ceramics International,CAS 2区
CERAMICS-SILIKATY,CAS 4区
Ceramics-Switzerland,CAS 4区
Cercles-Revista d Historia Cultural,CAS 4区
CEREAL CHEMISTRY,CAS 4区
CEREAL RESEARCH COMMUNICATIONS,CAS 4区
CEREBELLUM,CAS 3区
Cerebral Circulation-Cognition and Behavior,CAS 4区
CEREBRAL CORTEX,CAS 3区
CEREBROVASCULAR DISEASES,CAS 4区
Cerebrovascular Diseases Extra,CAS 4区
Cerne,CAS 4区
CESifo Economic Studies,CAS 4区
CESKA A SLOVENSKA NEUROLOGIE A NEUROCHIRURGIE,CAS 4区
Ceska Gynekologie-Czech Gynaecology,CAS 4区
CESKA LITERATURA,CAS 4区
CESKOSLOVENSKA PSYCHOLOGIE,CAS 4区
CES Transactions on Electrical Machines and Systems,CAS 4区
CEYLON MEDICAL JOURNAL,CAS 4区
Chalcogenide Letters,CAS 4区
Challenges in Sustainability,CAS 4区
Champ Penal-Penal Field,CAS 4区
Change Over Time-An International Journal of Conservation and the Built Environment,CAS 3区
Changing English-Studies in Culture and Education,CAS 4区
Changing Societies & Personalities,CAS 4区
Channels,CAS 3区
CHAOS,CAS 3区
CHAOS SOLITONS & FRACTALS,CAS 1区 Top
CHASQUI-REVISTA DE LITERATURA LATINOAMERICANA,CAS 4区
Chasqui-Revista Latinoamericana de Comunicacion,CAS 4区
CHAUCER REVIEW,CAS 2区
Check List,CAS 4区
CHELONIAN CONSERVATION AND BIOLOGY,CAS 4区
Chem,CAS 1区 Top
CHEMBIOCHEM,CAS 4区
ChemBioEng Reviews,CAS 2区
Chem-Bio Informatics Journal,CAS 4区
Chem Catalysis,CAS 1区 Top
ChemCatChem,CAS 3区
ChemElectroChem,CAS 4区
ChemEngineering,CAS 4区
CHEMICAL AND BIOCHEMICAL ENGINEERING QUARTERLY,CAS 4区
Chemical and Biological Technologies in Agriculture,CAS 2区
CHEMICAL AND PETROLEUM ENGINEERING,CAS 4区
Chemical and Process Engineering-New Frontiers,CAS 4区
Chemical Biology & Drug Design,CAS 4区
Chemical Biology Letters,CAS 4区
Chemical & Biomedical Imaging,Indexed
Chemical Bulletin of Kazakh National University,CAS 4区
CHEMICAL COMMUNICATIONS,CAS 2区
Chemical Data Collections,Indexed
Chemical Engineering and Processing-Process Intensification,CAS 3区
CHEMICAL ENGINEERING COMMUNICATIONS,CAS 4区
Chemical Engineering Journal,CAS 1区 Top
Chemical Engineering Journal Advances,CAS 3区
CHEMICAL ENGINEERING RESEARCH & DESIGN,CAS 3区
CHEMICAL ENGINEERING SCIENCE,CAS 2区
CHEMICAL ENGINEERING & TECHNOLOGY,CAS 4区
CHEMICAL GEOLOGY,CAS 2区
Chemical Industry & Chemical Engineering Quarterly,CAS 4区
CHEMICAL JOURNAL OF CHINESE UNIVERSITIES-CHINESE,CAS 3区
Chemical Methodologies,CAS 3区
CHEMICAL PAPERS,CAS 4区
CHEMICAL & PHARMACEUTICAL BULLETIN,CAS 4区
CHEMICAL PHYSICS,CAS 3区
Chemical Physics Impact,CAS 3区
CHEMICAL PHYSICS LETTERS,CAS 3区
Chemical Physics Reviews,CAS 3区
Chemical Product and Process Modeling,CAS 4区
CHEMICAL RECORD,CAS 2区
CHEMICAL RESEARCH IN CHINESE UNIVERSITIES,CAS 3区
CHEMICAL RESEARCH IN TOXICOLOGY,CAS 3区
CHEMICAL REVIEWS,CAS 1区 Top
Chemical Science,CAS 1区 Top
CHEMICAL SENSES,CAS 4区
CHEMICAL SOCIETY REVIEWS,CAS 1区 Top
CHEMICKE LISTY,CAS 4区
CHEMICO-BIOLOGICAL INTERACTIONS,CAS 2区
CHEMIE INGENIEUR TECHNIK,CAS 4区
CHEMIE IN UNSERER ZEIT,CAS 4区
Chemija,CAS 4区
CHEMISTRY-A EUROPEAN JOURNAL,CAS 3区
Chemistry Africa-A Journal of the Tunisian Chemical Society,CAS 4区
Chemistry-An Asian Journal,CAS 3区
CHEMISTRY AND ECOLOGY,CAS 4区
CHEMISTRY AND PHYSICS OF LIPIDS,CAS 3区
CHEMISTRY AND TECHNOLOGY OF FUELS AND OILS,CAS 4区
CHEMISTRY & BIODIVERSITY,CAS 3区
Chemistry & Chemical Technology,CAS 4区
Chemistry-Didactics-Ecology-Metrology,CAS 4区
Chemistry Education Research and Practice,SSCI/SCIE/SCI
Chemistry for Sustainable Development,CAS 4区
CHEMISTRY & INDUSTRY,CAS 4区
Chemistry Journal of Moldova,CAS 4区
CHEMISTRY LETTERS,CAS 4区
ChemistryMethods,CAS 3区
Chemistry of Heterocyclic Compounds,CAS 4区
CHEMISTRY OF MATERIALS,CAS 2区
CHEMISTRY OF NATURAL COMPOUNDS,CAS 4区
ChemistryOpen,CAS 4区
ChemistrySelect,CAS 4区
Chemistry-Switzerland,CAS 3区
Chemistry Teacher International,CAS 4区
ChemKon,CAS 4区
ChemMedChem,CAS 4区
ChemNanoMat,CAS 4区
CHEMOECOLOGY,CAS 4区
CHEMOMETRICS AND INTELLIGENT LABORATORY SYSTEMS,CAS 2区
Chemosensors,CAS 3区
CHEMOTHERAPY,CAS 4区
ChemPhotoChem,CAS 4区
CHEMPHYSCHEM,CAS 3区
CHEMPHYSMATER,Indexed
ChemPlusChem,CAS 4区
ChemSusChem,CAS 2区
ChemSystemsChem,CAS 3区
ChemTexts,CAS 3区
CHEST,CAS 1区 Top
Chiang Mai Journal of Science,CAS 4区
CHICAGO REVIEW,CAS 4区
CHILD ABUSE & NEGLECT,CAS 2区 Top
Child Abuse Review,CAS 4区
Child and Adolescent Mental Health,SSCI/SCIE/SCI
CHILD AND ADOLESCENT PSYCHIATRIC CLINICS OF NORTH AMERICA,CAS 4区
Child and Adolescent Psychiatry and Mental Health,SSCI/SCIE/SCI
Child and Adolescent Social Work Journal,CAS 4区
CHILD CARE HEALTH AND DEVELOPMENT,SSCI/SCIE/SCI
Child Care in Practice,CAS 4区
CHILD DEVELOPMENT,CAS 1区 Top
Child Development Perspectives,CAS 1区 Top
CHILD & FAMILY BEHAVIOR THERAPY,CAS 4区
Child & Family Social Work,CAS 3区
CHILDHOOD-A GLOBAL JOURNAL OF CHILD RESEARCH,CAS 3区
Childhood and Philosophy,CAS 4区
Childhood in the Past,CAS 4区
Childhood Obesity,CAS 4区
Child Indicators Research,CAS 3区
Child Language Teaching & Therapy,SSCI/SCI/AHCI
CHILD MALTREATMENT,CAS 2区
CHILD NEUROPSYCHOLOGY,CAS 4区
CHILD PSYCHIATRY & HUMAN DEVELOPMENT,CAS 3区
CHILDREN AND YOUTH SERVICES REVIEW,CAS 3区
Children-Basel,CAS 4区
Children & Schools,CAS 4区
Childrens Geographies,CAS 3区
CHILDRENS HEALTH CARE,CAS 4区
Childrens Literature,CAS 4区
Childrens Literature Association Quarterly,CAS 4区
CHILDRENS LITERATURE IN EDUCATION,CAS 3区
Children & Society,CAS 4区
CHILDS NERVOUS SYSTEM,CAS 4区
CHILD WELFARE,CAS 4区
CHILD & YOUTH CARE FORUM,CAS 4区
Child & Youth Services,CAS 4区
Chilean Journal of Agricultural & Animal Sciences,CAS 4区
Chilean Journal of Agricultural Research,CAS 4区
Chilean Journal of Statistics,CAS 4区
CHIMIA,CAS 4区
China Agricultural Economic Review,SSCI/SCIE/SCI
China and Asia,CAS 4区
China and WTO Review,CAS 4区
China-An International Journal,CAS 4区
China CDC Weekly,SSCI/SCIE/SCI
China Communications,CAS 4区
China Economic Journal,CAS 3区
China Economic Quarterly International,CAS 2区
CHINA ECONOMIC REVIEW,CAS 2区 Top
China-EU Law Journal,Indexed
China Finance Review International,CAS 1区 Top
China Foundry,CAS 3区
China Geology,CAS 2区
China Information,CAS 2区
China International Strategy Review,Indexed
CHINA JOURNAL,CAS 2区
China Journal of Accounting Research,CAS 4区
China Journal of Social Work,Indexed
China Nonprofit Review,CAS 4区
CHINA OCEAN ENGINEERING,CAS 2区
China Perspectives,CAS 4区
China Petroleum Processing & Petrochemical Technology,CAS 4区
China Population and Development Studies,Indexed
CHINA QUARTERLY,CAS 3区
China Quarterly of International Strategic Studies,CAS 4区
China Report,CAS 4区
China Review-An Interdisciplinary Journal on Greater China,CAS 4区
China Surface Engineering,CAS 3区
China & World Economy,CAS 2区
CHINESE ANNALS OF MATHEMATICS SERIES B,CAS 4区
Chinese Archaeology,CAS 4区
CHINESE CHEMICAL LETTERS,CAS 1区 Top
Chinese Clinical Oncology,CAS 4区
CHINESE ECONOMY,CAS 4区
Chinese Geographical Science,CAS 2区
Chinese Herbal Medicines,CAS 2区
Chinese Historical Review,CAS 4区
Chinese Journal of Academic Radiology,CAS 4区
Chinese Journal of Aeronautics,CAS 1区 Top
CHINESE JOURNAL OF ANALYTICAL CHEMISTRY,CAS 3区
Chinese Journal of Applied Linguistics,CAS 4区
Chinese Journal of Cancer Research,CAS 2区
Chinese Journal of Catalysis,CAS 1区 Top
Chinese Journal of Chemical Engineering,CAS 3区
CHINESE JOURNAL OF CHEMICAL PHYSICS,CAS 3区
CHINESE JOURNAL OF CHEMISTRY,CAS 1区 Top
Chinese Journal of Chromatography,CAS 3区
Chinese Journal of Communication,CAS 2区
Chinese Journal of Comparative Law,CAS 4区
Chinese Journal of Dental Research,CAS 4区
Chinese Journal of Electrical Engineering,Indexed
CHINESE JOURNAL OF ELECTRONICS,CAS 3区
Chinese Journal of Environmental Law,CAS 4区
CHINESE JOURNAL OF GEOPHYSICS-CHINESE EDITION,CAS 2区
CHINESE JOURNAL OF INORGANIC CHEMISTRY,CAS 3区
Chinese Journal of Integrative Medicine,CAS 4区
Chinese Journal of International Law,CAS 2区
Chinese Journal of International Politics,CAS 1区 Top
CHINESE JOURNAL OF LASERS-ZHONGGUO JIGUANG,CAS 2区
Chinese Journal of Liquid Crystals and Displays,CAS 3区
Chinese Journal of Mechanical Engineering,CAS 3区
Chinese Journal of Natural Medicines,CAS 2区
CHINESE JOURNAL OF ORGANIC CHEMISTRY,CAS 3区
CHINESE JOURNAL OF PHYSICS,CAS 2区
CHINESE JOURNAL OF PHYSIOLOGY,CAS 4区
CHINESE JOURNAL OF POLYMER SCIENCE,CAS 2区
Chinese Journal of Population Resources and Environment,CAS 3区
Chinese Journal of Sociology,CAS 3区
CHINESE JOURNAL OF STRUCTURAL CHEMISTRY,CAS 3区
Chinese Journal of Traumatology,CAS 4区
Chinese Journal of Urban and Environmental Studies,CAS 4区
Chinese Language and Discourse,CAS 4区
Chinese Literature and Thought Today,CAS 4区
Chinese Management Studies,CAS 4区
CHINESE MEDICAL JOURNAL,CAS 2区
Chinese Medicine,CAS 2区
Chinese Medicine and Culture,CAS 4区
Chinese Optics,CAS 3区
Chinese Optics Letters,CAS 2区
Chinese Physics B,CAS 3区
Chinese Physics C,CAS 2区
CHINESE PHYSICS LETTERS,CAS 1区 Top
Chinese Political Science Review,CAS 1区 Top
Chinese Public Administration Review,CAS 4区
Chinese Science Bulletin-Chinese,CAS 1区 Top
Chinese Semiotic Studies,CAS 4区
Chinese Sociological Review,CAS 2区
Chinese Space Science and Technology,CAS 3区
CHINESE STUDIES IN HISTORY,CAS 4区
Chip,Indexed
CHIRALITY,CAS 3区
Chiropractic & Manual Therapies,CAS 3区
Chirurgia,CAS 4区
Chirurgia-Italy,CAS 4区
Chirurgie,CAS 4区
Choreographic Practices,CAS 3区
Christian Bioethics,CAS 4区
Christian Education Journal,CAS 4区
Christian Higher Education,CAS 4区
CHROMATOGRAPHIA,CAS 4区
Chromatography,CAS 4区
CHROMOSOMA,CAS 3区
CHROMOSOME RESEARCH,CAS 3区
Chronica Nova,CAS 4区
Chronic Diseases and Translational Medicine,Indexed
Chronic Illness,SSCI/SCIE/SCI
Chronic Obstructive Pulmonary Diseases-Journal of the COPD Foundation,CAS 3区
Chronic Respiratory Disease,CAS 3区
CHRONOBIOLOGY INTERNATIONAL,CAS 4区
Chungara-Revista de Antropologia Chilena,CAS 4区
Chung Wai Literary Quarterly,CAS 4区
CHURCH HISTORY,CAS 3区
Church History and Religious Culture,CAS 3区
Chuzhdoezikovo Obuchenie-Foreign Language Teaching,CAS 4区
CIAN-Revista de Historia de las Universidades,CAS 4区
CIC-Cuadernos de Informacion y Comunicacion,CAS 4区
Ciencia Amazonica,CAS 4区
Ciencia Animal Brasileira,Indexed
CIENCIA E AGROTECNOLOGIA,CAS 4区
Ciencia e Ingenieria,CAS 4区
Ciencia Ergo-Sum,CAS 4区
Ciencia e Tecnica Vitivinicola,CAS 4区
CIENCIA FLORESTAL,CAS 4区
Ciencia Juridica,CAS 4区
Ciencia Politica,CAS 4区
CIENCIA RURAL,CAS 4区
Ciencias Agronomicas,CAS 4区
Ciencia & Saude Coletiva,CAS 4区
CIENCIAS MARINAS,CAS 4区
CienciaUat,CAS 4区
Ciencia UNEMI,CAS 4区
Cimexus,CAS 4区
CIM Journal,Indexed
CIN-COMPUTERS INFORMATICS NURSING,SSCI/SCIE/SCI
CINEASTE,CAS 2区
Cine Documental,CAS 4区
CINEFORUM,CAS 4区
CINEJ Cinema Journal,CAS 3区
Cinema-Journal of Philosophy and the Moving Image,CAS 4区
Cinemas,CAS 4区
Cinemas d Amerique Latine,CAS 4区
Cinta de Moebio,CAS 4区
Circuit,CAS 4区
CIRCUITS SYSTEMS AND SIGNAL PROCESSING,CAS 3区
CIRCUIT WORLD,CAS 4区
CIRCULAR ECONOMY,Indexed
CIRCULATION,CAS 1区 Top
Circulation-Arrhythmia and Electrophysiology,CAS 1区 Top
Circulation-Cardiovascular Imaging,CAS 1区 Top
Circulation-Cardiovascular Interventions,CAS 1区 Top
Circulation-Cardiovascular Quality and Outcomes,CAS 1区 Top
Circulation-Genomic and Precision Medicine,CAS 2区
Circulation-Heart Failure,CAS 1区 Top
CIRCULATION JOURNAL,CAS 3区
CIRCULATION-POPULATION HEALTH AND OUTCOMES,Indexed
Circulation Reports,Indexed
CIRCULATION RESEARCH,CAS 1区 Top
Circulo de Linguistica Aplicada a la Comunicacion,SSCI/SCI/AHCI
CIRIEC-Espana Revista de Economia Publica Social y Cooperativa,CAS 4区
CIRP ANNALS-MANUFACTURING TECHNOLOGY,CAS 3区
CIRP Journal of Manufacturing Science and Technology,CAS 2区
Cirugia Cardiovascular,CAS 4区
CIRUGIA ESPANOLA,CAS 4区
Cirugia y Cirujanos,CAS 4区
CIS Iron and Steel Review,CAS 4区
CITHARA-ESSAYS IN THE JUDEO-CHRISTIAN TRADITION,CAS 3区
CITIES,CAS 1区 Top
Citizenship Studies,CAS 3区
City and Environment Interactions,CAS 3区
City & Community,CAS 3区
Cityscape,CAS 4区
City & Society,CAS 4区
Ciudades-Revista del Instituto Universitario de Urbanistica de la Universidad de Valladolid,CAS 4区
Ciudad Paz-Ando,CAS 4区
Ciudad y Territorio-Estudios Territoriales-CyTET,CAS 4区
Civil and Environmental Engineering,CAS 4区
Civil and Environmental Engineering Reports,CAS 4区
CivilEng,Indexed
CIVIL ENGINEERING,CAS 4区
CIVIL ENGINEERING AND ENVIRONMENTAL SYSTEMS,CAS 4区
Civil Engineering Infrastructures Journal-CEIJ,CAS 4区
Civil Engineering Journal-Stavebni Obzor,CAS 4区
Civil Engineering Journal-Tehran,CAS 2区
Civil Justice Quarterly,CAS 4区
Civil Szemle,CAS 4区
CIVIL WAR HISTORY,CAS 3区
Civil Wars,CAS 2区
CJC Open,CAS 4区
C-Journal of Carbon Research,CAS 4区
CLADISTICS,CAS 1区 Top
CLA JOURNAL-COLLEGE LANGUAGE ASSOCIATION,CAS 4区
Claridades-Revista de Filosofia,CAS 4区
CLASSICAL AND QUANTUM GRAVITY,CAS 3区
CLASSICAL ANTIQUITY,CAS 1区 Top
CLASSICAL JOURNAL,CAS 3区
CLASSICAL PHILOLOGY,CAS 2区
CLASSICAL QUARTERLY,CAS 3区
Classical Receptions Journal,CAS 3区
CLASSICAL REVIEW,Indexed
CLASSICAL WORLD,CAS 3区
Classroom Discourse,CAS 3区
CLAY MINERALS,CAS 4区
CLAYS AND CLAY MINERALS,CAS 4区
CLCWEB-Comparative Literature and Culture,CAS 3区
Clean Energy,CAS 4区
Cleaner and Responsible Consumption,CAS 4区
Cleaner Engineering and Technology,CAS 3区
Cleaner Environmental Systems,CAS 2区
Cleaner Logistics and Supply Chain,CAS 3区
Cleaner Materials,Indexed
Cleaner Waste Systems,Indexed
CLEAN-Soil Air Water,CAS 4区
Clean Technologies,CAS 4区
Clean Technologies and Environmental Policy,CAS 4区
Cleft Palate Craniofacial Journal,CAS 4区
CLEVELAND CLINIC JOURNAL OF MEDICINE,CAS 3区
CLIMACTERIC,CAS 4区
Climate,CAS 4区
Climate and Development,CAS 3区
Climate Change Economics,CAS 4区
CLIMATE DYNAMICS,CAS 2区
Climate Law,CAS 4区
Climate of the Past,CAS 2区
CLIMATE POLICY,CAS 2区
CLIMATE RESEARCH,CAS 4区
Climate Risk Management,SSCI/SCIE/SCI
Climate Services,SSCI/SCIE/SCI
CLIMATIC CHANGE,CAS 2区
CLINICA CHIMICA ACTA,CAS 3区
Clinica e Investigacion en Arteriosclerosis,CAS 4区
Clinica e Investigacion en Ginecologia y Obstetricia,CAS 4区
Clinical Advances in Hematology & Oncology,CAS 4区
Clinical Advances in Periodontics,CAS 4区
CLINICAL ANATOMY,CAS 4区
CLINICAL AND APPLIED THROMBOSIS-HEMOSTASIS,CAS 4区
CLINICAL AND EXPERIMENTAL ALLERGY,CAS 2区
Clinical and Experimental Dental Research,CAS 4区
CLINICAL AND EXPERIMENTAL DERMATOLOGY,CAS 4区
Clinical and Experimental Emergency Medicine,CAS 4区
Clinical and Experimental Gastroenterology,CAS 4区
Clinical and Experimental Health Sciences,CAS 4区
Clinical and Experimental Hepatology,CAS 4区
CLINICAL AND EXPERIMENTAL HYPERTENSION,CAS 4区
CLINICAL AND EXPERIMENTAL IMMUNOLOGY,CAS 4区
CLINICAL AND EXPERIMENTAL MEDICINE,CAS 4区
Clinical and Experimental Nephrology,CAS 4区
Clinical and Experimental Obstetrics & Gynecology,CAS 4区
CLINICAL AND EXPERIMENTAL OPHTHALMOLOGY,CAS 2区
Clinical and Experimental Optometry,CAS 4区
Clinical and Experimental Otorhinolaryngology,CAS 3区
Clinical and Experimental Pediatrics,CAS 3区
CLINICAL AND EXPERIMENTAL PHARMACOLOGY AND PHYSIOLOGY,CAS 4区
Clinical and Experimental Reproductive Medicine-CERM,CAS 4区
CLINICAL AND EXPERIMENTAL RHEUMATOLOGY,CAS 3区
Clinical and Experimental Vaccine Research,CAS 4区
Clinical and Investigative Medicine,CAS 4区
Clinical and Investigative Orthodontics,CAS 4区
Clinical and Molecular Hepatology,CAS 1区 Top
Clinical and Translational Allergy,CAS 2区
Clinical and Translational Discovery,Indexed
Clinical and Translational Gastroenterology,CAS 3区
Clinical and Translational Imaging,CAS 4区
Clinical and Translational Medicine,CAS 2区 Top
Clinical and Translational Neuroscience,Indexed
Clinical and Translational Radiation Oncology,CAS 3区
CLINICAL AUTONOMIC RESEARCH,CAS 3区
CLINICAL BIOCHEMISTRY,CAS 3区
CLINICAL BIOMECHANICS,CAS 4区
Clinical Breast Cancer,CAS 3区
CLINICAL CANCER RESEARCH,CAS 1区 Top
CLINICAL CARDIOLOGY,CAS 3区
Clinical Case Reports,CAS 4区
Clinical Case Studies,CAS 4区
CLINICAL CHEMISTRY,CAS 2区
CLINICAL CHEMISTRY AND LABORATORY MEDICINE,CAS 2区
CLINICAL CHILD AND FAMILY PSYCHOLOGY REVIEW,CAS 1区 Top
Clinical Child Psychology and Psychiatry,SSCI/SCIE/SCI
Clinical Colorectal Cancer,CAS 3区
Clinical Cosmetic and Investigational Dentistry,CAS 4区
Clinical Cosmetic and Investigational Dermatology,CAS 4区
Clinical Diabetology,CAS 4区
CLINICAL DRUG INVESTIGATION,CAS 3区
CLINICAL DYSMORPHOLOGY,CAS 4区
CLINICAL EEG AND NEUROSCIENCE,CAS 4区
CLINICAL ENDOCRINOLOGY,CAS 3区
Clinical Endoscopy,CAS 4区
Clinical Epidemiology,CAS 3区
Clinical Epidemiology and Global Health,CAS 4区
Clinical Epigenetics,CAS 2区
Clinical Epileptology,CAS 4区
CLINICAL & EXPERIMENTAL METASTASIS,CAS 3区
Clinical Gastroenterology and Hepatology,CAS 1区 Top
CLINICAL GENETICS,CAS 3区
Clinical Genitourinary Cancer,CAS 3区
Clinical Gerontologist,SSCI/SCIE/SCI
CLINICAL HEMORHEOLOGY AND MICROCIRCULATION,CAS 4区
Clinical Hypertension,CAS 4区
Clinical Imaging,CAS 4区
CLINICAL IMMUNOLOGY,CAS 3区
Clinical Implant Dentistry and Related Research,CAS 2区
CLINICAL INFECTIOUS DISEASES,CAS 2区 Top
Clinical Interventions in Aging,CAS 2区
Clinical Journal of Gastroenterology,CAS 4区
Clinical Journal of Oncology Nursing,SSCI/SCIE/SCI
CLINICAL JOURNAL OF PAIN,CAS 2区
CLINICAL JOURNAL OF SPORT MEDICINE,CAS 3区
Clinical Journal of the American Society of Nephrology,CAS 1区 Top
Clinical Kidney Journal,CAS 3区
Clinical Laboratory,CAS 4区
Clinical Lactation,CAS 4区
CLINICAL LINGUISTICS & PHONETICS,SSCI/SCIE/SCI
Clinical Lung Cancer,CAS 3区
Clinical Lymphoma Myeloma & Leukemia,CAS 4区
Clinical Management Issues,CAS 4区
CLINICAL MEDICINE,CAS 4区
Clinical Medicine Insights-Arthritis and Musculoskeletal Disorders,CAS 4区
Clinical Medicine Insights-Cardiology,CAS 4区
Clinical Medicine Insights-Case Reports,CAS 4区
Clinical Medicine Insights-Endocrinology and Diabetes,CAS 3区
Clinical Medicine Insights-Oncology,CAS 4区
Clinical Medicine Insights-Pediatrics,CAS 4区
Clinical Medicine & Research,CAS 4区
CLINICAL MICROBIOLOGY AND INFECTION,CAS 2区 Top
CLINICAL MICROBIOLOGY REVIEWS,CAS 1区 Top
CLINICAL NEPHROLOGY,CAS 4区
CLINICAL NEUROLOGY AND NEUROSURGERY,CAS 4区
CLINICAL NEUROPATHOLOGY,CAS 4区
CLINICAL NEUROPHARMACOLOGY,CAS 4区
CLINICAL NEUROPHYSIOLOGY,CAS 3区
Clinical Neurophysiology Practice,CAS 4区
Clinical Neuropsychiatry,CAS 4区
CLINICAL NEUROPSYCHOLOGIST,SSCI/SCIE/SCI
Clinical Neuroradiology,CAS 3区
CLINICAL NUCLEAR MEDICINE,CAS 3区
Clinical Nurse Specialist,SSCI/SCIE/SCI
Clinical Nursing Research,SSCI/SCIE/SCI
CLINICAL NUTRITION,CAS 1区 Top
Clinical Nutrition ESPEN,CAS 3区
Clinical Obesity,CAS 4区
CLINICAL OBSTETRICS AND GYNECOLOGY,CAS 4区
CLINICAL ONCOLOGY,CAS 3区
Clinical Ophthalmology,CAS 4区
Clinical Optometry,CAS 4区
CLINICAL ORAL IMPLANTS RESEARCH,CAS 1区 Top
Clinical Oral Investigations,CAS 2区
CLINICAL ORTHOPAEDICS AND RELATED RESEARCH,CAS 2区 Top
CLINICAL OTOLARYNGOLOGY,CAS 4区
Clinical Parkinsonism & Related Disorders,CAS 4区
Clinical Pathology,CAS 4区
Clinical Pediatric Endocrinology,CAS 4区
CLINICAL PEDIATRICS,CAS 4区
CLINICAL PHARMACOKINETICS,CAS 2区
Clinical Pharmacology-Advances and Applications,CAS 4区
Clinical Pharmacology in Drug Development,CAS 4区
CLINICAL PHARMACOLOGY & THERAPEUTICS,CAS 2区
CLINICAL PHYSIOLOGY AND FUNCTIONAL IMAGING,CAS 4区
Clinical Practice in Pediatric Psychology,CAS 4区
Clinical Proteomics,CAS 3区
Clinical Psychological Science,SSCI/SCIE/SCI
Clinical Psychologist,SSCI/SCIE/SCI
Clinical Psychology and Special Education,CAS 4区
Clinical Psychology in Europe,Indexed
CLINICAL PSYCHOLOGY & PSYCHOTHERAPY,CAS 3区
CLINICAL PSYCHOLOGY REVIEW,CAS 1区 Top
CLINICAL PSYCHOLOGY-SCIENCE AND PRACTICE,CAS 2区
Clinical Psychopharmacology and Neuroscience,CAS 4区
CLINICAL RADIOLOGY,CAS 4区
CLINICAL REHABILITATION,CAS 3区
Clinical Research in Cardiology,CAS 2区
Clinical Respiratory Journal,CAS 4区
CLINICAL REVIEWS IN ALLERGY & IMMUNOLOGY,CAS 1区 Top
Clinical Reviews in Bone and Mineral Metabolism,CAS 4区
CLINICAL RHEUMATOLOGY,CAS 3区
CLINICAL SCIENCE,CAS 2区
Clinical Simulation in Nursing,SSCI/SCIE/SCI
Clinical Social Work and Health Intervention,CAS 4区
CLINICAL SOCIAL WORK JOURNAL,CAS 3区
Clinical Spine Surgery,CAS 4区
CLINICAL SUPERVISOR,CAS 3区
Clinical Teacher,CAS 4区
CLINICAL THERAPEUTICS,CAS 4区
CLINICAL TOXICOLOGY,CAS 3区
Clinical & Translational Immunology,CAS 3区
Clinical & Translational Metabolism,Indexed
Clinical & Translational Oncology,CAS 4区
CLINICAL TRANSPLANTATION,CAS 4区
Clinical Trials,CAS 3区
Clinica y Salud,CAS 4区
ClinicoEconomics and Outcomes Research,CAS 4区
Clinics,CAS 4区
Clinics and Practice,CAS 4区
Clinics and Research in Hepatology and Gastroenterology,CAS 4区
CLINICS IN CHEST MEDICINE,CAS 3区
Clinics in Colon and Rectal Surgery,CAS 4区
CLINICS IN DERMATOLOGY,CAS 4区
CLINICS IN GERIATRIC MEDICINE,CAS 3区
CLINICS IN LABORATORY MEDICINE,CAS 4区
Clinics in Liver Disease,CAS 4区
Clinics in Orthopedic Surgery,CAS 3区
CLINICS IN PERINATOLOGY,CAS 2区
CLINICS IN PLASTIC SURGERY,CAS 3区
Clinics in Podiatric Medicine and Surgery,CAS 4区
Clinics in Shoulder and Elbow,CAS 3区
CLINICS IN SPORTS MEDICINE,CAS 4区
CLIO-A JOURNAL OF LITERATURE HISTORY AND THE PHILOSOPHY OF HISTORY,CAS 4区
Clio America,CAS 4区
Cliometrica,SSCI/SCI/AHCI
Clocks & Sleep,CAS 4区
Clothing and Textiles Research Journal,CAS 4区
Clothing Cultures,CAS 4区
Cluster Computing-The Journal of Networks Software Tools and Applications,CAS 3区
CMC-Computers Materials & Continua,CAS 4区
CMES-COMPUTER MODELING IN ENGINEERING & SCIENCES,CAS 4区
CNS DRUGS,CAS 1区 Top
CNS & Neurological Disorders-Drug Targets,CAS 4区
CNS Neuroscience & Therapeutics,CAS 2区
CNS SPECTRUMS,CAS 3区
Coaching-An International Journal of Theory Research and Practice,CAS 4区
COASTAL ENGINEERING,CAS 2区
COASTAL ENGINEERING JOURNAL,CAS 4区
COASTAL MANAGEMENT,SSCI/SCIE/SCI
Coatings,CAS 3区
CoatingsTech,Indexed
COCHLEAR IMPLANTS INTERNATIONAL,CAS 4区
Cochrane Database of Systematic Reviews,CAS 2区 Top
CoDAS,CAS 4区
CoDesign-International Journal of CoCreation in Design and the Arts,CAS 1区 Top
Codex Aquilarensis,CAS 4区
Codrul Cosminului,CAS 4区
Cogent Arts & Humanities,CAS 2区
Cogent Business & Management,CAS 4区
Cogent Economics & Finance,CAS 3区
Cogent Education,CAS 4区
Cogent Engineering,CAS 4区
Cogent Food & Agriculture,CAS 4区
Cogent Psychology,CAS 4区
Cogent Social Sciences,CAS 4区
CogniTextes,CAS 4区
Cognition,CAS 2区 Top
COGNITION AND INSTRUCTION,CAS 2区
COGNITION & EMOTION,CAS 3区
Cognition Technology & Work,SSCI/SCIE/SCI
COGNITIVE AFFECTIVE & BEHAVIORAL NEUROSCIENCE,CAS 3区
Cognitive and Behavioral Neurology,CAS 4区
COGNITIVE AND BEHAVIORAL PRACTICE,CAS 3区
Cognitive Behaviour Therapist,CAS 4区
COGNITIVE BEHAVIOUR THERAPY,CAS 2区
Cognitive Computation,CAS 3区
Cognitive Computation and Systems,CAS 4区
COGNITIVE DEVELOPMENT,CAS 3区
COGNITIVE LINGUISTICS,SSCI/SCI/AHCI
Cognitive Linguistic Studies,CAS 3区
Cognitive Neurodynamics,CAS 4区
Cognitive Neuropsychiatry,SSCI/SCIE/SCI
COGNITIVE NEUROPSYCHOLOGY,SSCI/SCIE/SCI
Cognitive Neuroscience,CAS 4区
Cognitive Processing,CAS 4区
COGNITIVE PSYCHOLOGY,SSCI/SCIE/SCI
Cognitive Research-Principles and Implications,CAS 2区
COGNITIVE SCIENCE,CAS 2区 Top
Cognitive Semantics,CAS 3区
Cognitive Studies-Etudes Cognitives,CAS 3区
Cognitive Systems Research,SSCI/SCIE/SCI
COGNITIVE THERAPY AND RESEARCH,CAS 3区
Co-herencia,CAS 4区
COKE AND CHEMISTRY,CAS 4区
COLD REGIONS SCIENCE AND TECHNOLOGY,CAS 2区
Cold Spring Harbor Perspectives in Biology,CAS 1区 Top
Cold Spring Harbor Perspectives in Medicine,CAS 2区
Cold War History,SSCI/SCI/AHCI
COLEOPTERISTS BULLETIN,CAS 4区
Collabra-Psychology,CAS 3区
Collagen and Leather,Indexed
Collectanea Christiana Orientalia,CAS 3区
Collectanea Mathematica,CAS 3区
Collection and Curation,CAS 4区
Collection Management,CAS 4区
Collectivus-Revista de Ciencias Sociales,CAS 4区
COLLEGE COMPOSITION AND COMMUNICATION,CAS 4区
COLLEGE ENGLISH,CAS 3区
COLLEGE LITERATURE,CAS 4区
COLLEGE & RESEARCH LIBRARIES,CAS 3区
College & Undergraduate Libraries,CAS 4区
Collegian,SSCI/SCIE/SCI
Collnet Journal of Scientometrics and Information Management,CAS 4区
Colloid and Interface Science Communications,CAS 3区
COLLOID AND POLYMER SCIENCE,CAS 3区
COLLOID JOURNAL,CAS 4区
Colloids and Interfaces,CAS 4区
COLLOIDS AND SURFACES A-PHYSICOCHEMICAL AND ENGINEERING ASPECTS,CAS 2区
COLLOIDS AND SURFACES B-BIOINTERFACES,CAS 2区
COLLOQUIA GERMANICA,CAS 4区
Colloquia Humanistica,CAS 4区
COLLOQUIUM MATHEMATICUM,CAS 4区
Colmena-Revista de la Universidad Autonoma del Estado de Mexico,CAS 4区
Colombia Internacional,CAS 4区
Colombia Medica,CAS 4区
Colombian Applied Linguistics Journal,CAS 4区
Colonial Latin American Review,CAS 3区
COLOPROCTOLOGY,CAS 4区
COLOQUIO-LETRAS,CAS 4区
COLORATION TECHNOLOGY,CAS 4区
Colorectal Cancer,Indexed
Colorectal Disease,CAS 2区
COLOR RESEARCH AND APPLICATION,CAS 3区
COLUMBIA JOURNAL OF LAW AND SOCIAL PROBLEMS,CAS 4区
COLUMBIA JOURNAL OF TRANSNATIONAL LAW,CAS 3区
COLUMBIA LAW REVIEW,CAS 1区 Top
COMBINATORIAL CHEMISTRY & HIGH THROUGHPUT SCREENING,CAS 4区
COMBINATORICA,CAS 2区
Combinatorics and Number Theory,Indexed
Combinatorics Probability and Computing,CAS 3区
Combustion and Flame,CAS 1区 Top
COMBUSTION EXPLOSION AND SHOCK WAVES,CAS 4区
COMBUSTION SCIENCE AND TECHNOLOGY,CAS 4区
COMBUSTION THEORY AND MODELLING,CAS 4区
Comechingonia,Indexed
Comedia Performance,CAS 2区
Comics Grid-Journal of Comics Scholarship,CAS 3区
COMITATUS-A JOURNAL OF MEDIEVAL AND RENAISSANCE STUDIES,CAS 3区
COMMENTARII MATHEMATICI HELVETICI,CAS 1区 Top
Commentationes Mathematicae Universitatis Carolinae,CAS 4区
COMMENTS ON INORGANIC CHEMISTRY,CAS 3区
Common Knowledge,CAS 4区
COMMON MARKET LAW REVIEW,CAS 3区
COMMONWEALTH & COMPARATIVE POLITICS,CAS 4区
Commonwealth Journal of Local Governance,CAS 4区
Communicable Diseases Intelligence,CAS 4区
Communicare-Journal for Communication Sciences in Southern Africa,CAS 4区
Communication and Critical-Cultural Studies,SSCI/SCI/AHCI
Communication and the Public,CAS 2区
Communication Culture & Critique,CAS 2区
Communication Disorders Quarterly,CAS 4区
COMMUNICATION EDUCATION,CAS 4区
Communication Law and Policy,CAS 4区
Communication Methods and Measures,CAS 1区 Top
COMMUNICATION MONOGRAPHS,CAS 2区
COMMUNICATION QUARTERLY,CAS 2区
Communication Reports,CAS 3区
COMMUNICATION RESEARCH,CAS 1区 Top
Communication Research and Practice,CAS 3区
Communication Research Reports,CAS 3区
COMMUNICATION REVIEW,CAS 2区
Communications Biology,CAS 1区 Top
Communications Chemistry,CAS 1区 Top
Communication Sciences and Disorders-CSD,CAS 4区
Communications Earth & Environment,CAS 1区 Top
Communications-European Journal of Communication Research,CAS 3区
Communications Faculty of Sciences University of Ankara-Series A1 Mathematics and Statistics,CAS 4区
Communications for Statistical Applications and Methods,CAS 4区
COMMUNICATIONS IN ALGEBRA,CAS 3区
COMMUNICATIONS IN ANALYSIS AND GEOMETRY,CAS 4区
Communications in Analysis and Mechanics,CAS 4区
Communications in Applied and Industrial Mathematics,CAS 4区
Communications in Applied Mathematics and Computational Science,CAS 4区
Communications in Combinatorics and Optimization,CAS 4区
Communications in Computational Physics,CAS 3区
COMMUNICATIONS IN CONTEMPORARY MATHEMATICS,CAS 2区
Communications in Information and Systems,CAS 4区
Communications in Information Literacy,CAS 4区
Communications in Mathematical Biology and Neuroscience,CAS 4区
COMMUNICATIONS IN MATHEMATICAL PHYSICS,CAS 2区 Top
Communications in Mathematical Sciences,CAS 4区
Communications in Mathematics and Applications,CAS 4区
Communications in Mathematics and Statistics,CAS 3区
Communications in Nonlinear Science and Numerical Simulation,CAS 2区
Communications in Number Theory and Physics,CAS 2区
COMMUNICATIONS IN PARTIAL DIFFERENTIAL EQUATIONS,CAS 2区
COMMUNICATIONS IN SOIL SCIENCE AND PLANT ANALYSIS,CAS 4区
COMMUNICATIONS IN STATISTICS-SIMULATION AND COMPUTATION,CAS 4区
COMMUNICATIONS IN STATISTICS-THEORY AND METHODS,CAS 4区
COMMUNICATIONS IN THEORETICAL PHYSICS,CAS 3区
Communications in Transportation Research,SSCI/SCIE/SCI
Communications Materials,CAS 2区
Communications Medicine,CAS 2区
Communication & Society-Spain,CAS 2区
COMMUNICATIONS OF THE ACM,CAS 3区
Communications of the Association for Information Systems,CAS 4区
Communications of the Korean Mathematical Society,CAS 4区
Communications on Analysis and Computation,Indexed
Communications on Applied Mathematics and Computation,CAS 4区
COMMUNICATIONS ON PURE AND APPLIED ANALYSIS,CAS 4区
COMMUNICATIONS ON PURE AND APPLIED MATHEMATICS,CAS 1区 Top
Communications Physics,CAS 1区 Top
Communication & Sport,CAS 1区 Top
Communication Studies,CAS 3区
Communication Teacher,CAS 4区
COMMUNICATION THEORY,CAS 1区 Top
Communication Today,CAS 4区
Communicatio-South African Journal for Communication Theory and Research,CAS 4区
Communio Viatorum,CAS 4区
Communiquer,CAS 4区
COMMUNIST AND POST-COMMUNIST STUDIES,CAS 3区
Communitas,CAS 4区
Community College Journal of Research and Practice,CAS 4区
Community College Review,CAS 4区
COMMUNITY DENTAL HEALTH,CAS 4区
COMMUNITY DENTISTRY AND ORAL EPIDEMIOLOGY,CAS 3区
Community Development,CAS 4区
COMMUNITY DEVELOPMENT JOURNAL,CAS 4区
COMMUNITY ECOLOGY,CAS 4区
Community Health Equity Research & Policy,CAS 4区
COMMUNITY MENTAL HEALTH JOURNAL,CAS 4区
Community Work & Family,CAS 4区
Company and Securities Law Journal,CAS 4区
Comparatist,CAS 4区
COMPARATIVE AMERICAN STUDIES,CAS 4区
Comparative and Continental Philosophy,CAS 4区
Comparative and International Law Journal of Southern Africa-CILSA,CAS 4区
COMPARATIVE BIOCHEMISTRY AND PHYSIOLOGY A-MOLECULAR & INTEGRATIVE PHYSIOLOGY,CAS 3区
COMPARATIVE BIOCHEMISTRY AND PHYSIOLOGY B-BIOCHEMISTRY & MOLECULAR BIOLOGY,CAS 4区
COMPARATIVE BIOCHEMISTRY AND PHYSIOLOGY C-TOXICOLOGY & PHARMACOLOGY,CAS 3区
Comparative Biochemistry and Physiology D-Genomics & Proteomics,CAS 3区
Comparative Cognition & Behavior Reviews,CAS 4区
Comparative Critical Studies,CAS 3区
Comparative Cytogenetics,CAS 4区
COMPARATIVE DRAMA,CAS 3区
Comparative Economic Research-Central and Eastern Europe,CAS 4区
Comparative Economic Studies,CAS 3区
COMPARATIVE EDUCATION,CAS 1区 Top
COMPARATIVE EDUCATION REVIEW,CAS 4区
Comparative European Politics,CAS 2区
Comparative Exercise Physiology,CAS 4区
COMPARATIVE IMMUNOLOGY MICROBIOLOGY AND INFECTIOUS DISEASES,CAS 3区
Comparative Immunology Reports,Indexed
Comparative Legal History,CAS 3区
COMPARATIVE LITERATURE,CAS 2区
Comparative Literature-East & West,CAS 2区
COMPARATIVE LITERATURE STUDIES,CAS 3区
COMPARATIVE MEDICINE,CAS 4区
Comparative Migration Studies,CAS 1区 Top
Comparative Parasitology,CAS 4区
Comparative Philosophy-An International Journal of Constructive Engagement of Distinct Approaches toward World Philosophy,CAS 3区
COMPARATIVE POLITICAL STUDIES,CAS 1区 Top
COMPARATIVE POLITICS,CAS 2区
Comparative Population Studies,CAS 4区
COMPARATIVE SOCIOLOGY,CAS 4区
Comparative Southeast European Studies,CAS 4区
COMPARATIVE STUDIES IN SOCIETY AND HISTORY,SSCI/SCI/AHCI
Comparative Studies of South Asia Africa and the Middle East,CAS 3区
Compare-A Journal of Comparative and International Education,CAS 3区
COMPEL-THE INTERNATIONAL JOURNAL FOR COMPUTATION AND MATHEMATICS IN ELECTRICAL AND ELECTRONIC ENGINEERING,CAS 4区
Competition & Change,CAS 2区
Competitiveness Review,CAS 4区
Complementary Medicine Research,CAS 4区
Complementary Therapies in Clinical Practice,CAS 3区
COMPLEMENTARY THERAPIES IN MEDICINE,CAS 3区
Complex Analysis and Operator Theory,CAS 4区
Complex & Intelligent Systems,CAS 3区
COMPLEXITY,CAS 4区
Complex Manifolds,CAS 4区
Complex Systems,CAS 4区
Complex Variables and Elliptic Equations,CAS 4区
Complutense Journal of English Studies,CAS 3区
Complutum,CAS 4区
COMPOSITE INTERFACES,CAS 4区
Composites and Advanced Materials,CAS 4区
Composites Communications,CAS 2区
Composites-Mechanics Computations Applications,CAS 4区
COMPOSITES PART A-APPLIED SCIENCE AND MANUFACTURING,CAS 2区 Top
COMPOSITES PART B-ENGINEERING,CAS 1区 Top
Composites Part C: Open Access,CAS 3区
Composites Research,CAS 4区
COMPOSITES SCIENCE AND TECHNOLOGY,CAS 2区 Top
Composites Theory and Practice,CAS 4区
COMPOSITE STRUCTURES,CAS 2区
COMPOSITIO MATHEMATICA,CAS 1区 Top
COMPOST SCIENCE & UTILIZATION,Indexed
Compounds,Indexed
Comprehensive Child and Adolescent Nursing-Building Evidence for Practice,CAS 4区
Comprehensive Physiology,CAS 2区
COMPREHENSIVE PLANT BIOLOGY,Indexed
COMPREHENSIVE PSYCHIATRY,SSCI/SCIE/SCI
Comprehensive Psychoneuroendocrinology,CAS 4区
COMPREHENSIVE REVIEWS IN FOOD SCIENCE AND FOOD SAFETY,SSCI/SCIE/SCI
Comptabilite Controle Audit,CAS 4区
COMPTES RENDUS BIOLOGIES,CAS 4区
COMPTES RENDUS CHIMIE,CAS 4区
COMPTES RENDUS DE L ACADEMIE BULGARE DES SCIENCES,CAS 4区
COMPTES RENDUS GEOSCIENCE,CAS 4区
COMPTES RENDUS MATHEMATIQUE,CAS 4区
COMPTES RENDUS MECANIQUE,CAS 4区
COMPTES RENDUS PALEVOL,CAS 4区
COMPTES RENDUS PHYSIQUE,CAS 4区
Computability-The Journal of the Association CiE,CAS 4区
Computacion y Sistemas,Indexed
Computation,CAS 4区
Computational and Mathematical Methods,CAS 4区
Computational and Mathematical Organization Theory,SSCI/SCIE/SCI
Computational and Structural Biotechnology Journal,CAS 3区
Computational and Theoretical Chemistry,CAS 3区
COMPUTATIONAL & APPLIED MATHEMATICS,CAS 3区
COMPUTATIONAL BIOLOGY AND CHEMISTRY,CAS 4区
COMPUTATIONAL COMPLEXITY,CAS 4区
Computational Condensed Matter,CAS 4区
Computational Economics,SSCI/SCIE/SCI
COMPUTATIONAL GEOMETRY-THEORY AND APPLICATIONS,CAS 4区
COMPUTATIONAL GEOSCIENCES,CAS 3区
COMPUTATIONAL INTELLIGENCE,CAS 4区
COMPUTATIONAL LINGUISTICS,SSCI/SCIE/SCI/AHCI
Computational Management Science,CAS 4区
COMPUTATIONAL MATERIALS SCIENCE,CAS 3区
COMPUTATIONAL MATHEMATICS AND MATHEMATICAL PHYSICS,CAS 4区
COMPUTATIONAL MECHANICS,CAS 2区
Computational Methods and Function Theory,CAS 4区
Computational Methods for Differential Equations,CAS 4区
Computational Methods in Applied Mathematics,CAS 4区
COMPUTATIONAL OPTIMIZATION AND APPLICATIONS,CAS 3区
Computational Particle Mechanics,CAS 3区
COMPUTATIONAL STATISTICS,CAS 4区
COMPUTATIONAL STATISTICS & DATA ANALYSIS,CAS 3区
Computational Thermal Sciences,CAS 4区
Computational Toxicology,CAS 4区
Computational Urban Science,CAS 4区
Computational Visual Media,CAS 2区
COMPUTER,CAS 4区
COMPUTER-AIDED CIVIL AND INFRASTRUCTURE ENGINEERING,CAS 1区 Top
COMPUTER-AIDED DESIGN,CAS 3区
COMPUTER AIDED GEOMETRIC DESIGN,CAS 4区
COMPUTER ANIMATION AND VIRTUAL WORLDS,CAS 4区
COMPUTER APPLICATIONS IN ENGINEERING EDUCATION,CAS 4区
Computer Assisted Language Learning,SSCI
Computer Assisted Surgery,CAS 4区
COMPUTER COMMUNICATIONS,CAS 3区
COMPUTER GRAPHICS FORUM,CAS 4区
COMPUTERIZED MEDICAL IMAGING AND GRAPHICS,CAS 2区
COMPUTER JOURNAL,CAS 4区
Computer Law & Security Review,CAS 3区
Computer Methods and Programs in Biomedicine,CAS 2区
COMPUTER METHODS IN APPLIED MECHANICS AND ENGINEERING,CAS 1区 Top
COMPUTER METHODS IN BIOMECHANICS AND BIOMEDICAL ENGINEERING,CAS 4区
Computer Methods in Biomechanics and Biomedical Engineering-Imaging and Visualization,CAS 4区
COMPUTER MUSIC JOURNAL,SCIE/SCI/AHCI
Computer Networks,CAS 3区
Computer Optics,CAS 4区
COMPUTER PHYSICS COMMUNICATIONS,CAS 2区
Computers,CAS 4区
Computers and Concrete,CAS 4区
Computers and Education Open,CAS 3区
COMPUTERS AND ELECTRONICS IN AGRICULTURE,CAS 1区 Top
COMPUTERS AND GEOTECHNICS,CAS 1区 Top
COMPUTERS & CHEMICAL ENGINEERING,CAS 2区
Computer Science-AGH,CAS 4区
Computer Science and Information Systems,CAS 4区
Computer Science Education,CAS 2区
Computer Science Journal of Moldova,CAS 4区
Computer Science Review,CAS 1区 Top
COMPUTERS & EDUCATION,CAS 1区 Top
COMPUTERS & ELECTRICAL ENGINEERING,CAS 3区
COMPUTERS ENVIRONMENT AND URBAN SYSTEMS,CAS 1区 Top
COMPUTERS & FLUIDS,CAS 3区
COMPUTERS & GEOSCIENCES,CAS 2区
COMPUTERS & GRAPHICS-UK,CAS 3区
COMPUTERS IN BIOLOGY AND MEDICINE,CAS 2区
Computers & Industrial Engineering,CAS 2区 Top
COMPUTERS IN HUMAN BEHAVIOR,CAS 1区 Top
Computers in Human Behavior Reports,CAS 2区
COMPUTERS IN INDUSTRY,CAS 1区 Top
COMPUTERS IN THE SCHOOLS,CAS 4区
COMPUTERS & MATHEMATICS WITH APPLICATIONS,CAS 2区
COMPUTERS & OPERATIONS RESEARCH,CAS 2区
COMPUTER SPEECH AND LANGUAGE,CAS 3区
COMPUTERS & SECURITY,CAS 2区
COMPUTERS & STRUCTURES,CAS 2区
COMPUTER STANDARDS & INTERFACES,CAS 2区
Computer Supported Cooperative Work-The Journal of Collaborative Computing and Work Practices,CAS 3区
COMPUTER VISION AND IMAGE UNDERSTANDING,CAS 3区
COMPUTING,CAS 4区
COMPUTING AND INFORMATICS,CAS 4区
COMPUTING IN SCIENCE & ENGINEERING,CAS 4区
Comunicacion y Hombre,CAS 4区
Comunicacion y Medios,CAS 4区
Comunicacion y Sociedad-Guadalajara,CAS 4区
Comunicacio-Revista de Recerca i d Analisi,CAS 4区
Comunicacoes,Indexed
Comunicazione Filosofica,CAS 4区
Comunidad y Salud,CAS 4区
Con A de Animacion,CAS 3区
Concentric-Literary and Cultural Studies,CAS 3区
Concentric-Studies in Linguistics,CAS 4区
CONCEPTS IN MAGNETIC RESONANCE PART A,CAS 4区
Concrete Operators,CAS 4区
CONCURRENCY AND COMPUTATION-PRACTICE & EXPERIENCE,CAS 4区
Condensed Matter,CAS 4区
Condensed Matter Physics,CAS 4区
Configurations,CAS 4区
Confins-Revue Franco-Bresilienne de Geographie-Revista Franco-Brasileira de Geografia,CAS 4区
Conflict and Health,SSCI/SCIE/SCI
CONFLICT MANAGEMENT AND PEACE SCIENCE,CAS 3区
Conflict Resolution Quarterly,CAS 4区
Conflict Security & Development,CAS 3区
Conflict Studies Quarterly,CAS 4区
CONFLUENCIA-REVISTA HISPANICA DE CULTURA Y LITERATURA,CAS 4区
Confluenze-Rivista di Studi Iberoamericani,CAS 4区
Conformal Geometry and Dynamics,CAS 4区
CONGENITAL ANOMALIES,CAS 4区
Congenital Heart Disease,CAS 4区
Congress & The Presidency-A Journal of Capital Studies,Indexed
Conhecimento & Diversidade,CAS 4区
Conimbriga-Revista de Arqueologia,CAS 3区
CONNAISSANCE DES ARTS,CAS 4区
Connecticut Insurance Law Journal,CAS 4区
CONNECTION SCIENCE,CAS 3区
Connectist-Istanbul University Journal of Communication Sciences,CAS 4区
CONNECTIVE TISSUE RESEARCH,CAS 3区
CONSCIOUSNESS AND COGNITION,CAS 3区
Conservar Patrimonio,CAS 4区
Conservation,Indexed
Conservation and Management of Archaeological Sites,CAS 4区
CONSERVATION BIOLOGY,CAS 1区 Top
CONSERVATION GENETICS,CAS 3区
Conservation Genetics Resources,CAS 4区
Conservation Letters,CAS 1区 Top
Conservation Physiology,CAS 3区
Conservation Science and Practice,CAS 3区
Conservation Science in Cultural Heritage,CAS 4区
Conservation & Society,CAS 4区
Constelaciones,CAS 4区
Constelaciones-Revista de Teoria Critica,CAS 4区
Constellations-An International Journal of Critical and Democratic Theory,CAS 3区
Constitutional Political Economy,CAS 3区
CONSTRAINTS,CAS 4区
Construction and Building Materials,CAS 1区 Top
Construction Economics and Building,CAS 4区
Construction History-International Journal of the Construction History Society,CAS 4区
Construction Innovation-England,CAS 3区
Construction Management and Economics,CAS 4区
Constructions and Frames,CAS 2区
CONSTRUCTIVE APPROXIMATION,CAS 3区
Constructive Mathematical Analysis,CAS 3区
Constructivist Foundations,CAS 3区
Consulting Psychology Journal-Practice and Research,CAS 4区
Consumption and Society,Indexed
Consumption Markets & Culture,CAS 4区
Contabilidade Gestao e Governanca,CAS 4区
Contabilidad y Negocios,CAS 4区
CONTACT DERMATITIS,CAS 1区 Top
Contact Lens & Anterior Eye,CAS 3区
Contaduria Universidad de Antioquia,CAS 4区
Contagion-Journal of Violence Mimesis and Culture,CAS 4区
Contemporanea,CAS 4区
Contemporanea-Revista de Sociologia da UFSCar,CAS 4区
CONTEMPORARY ACCOUNTING RESEARCH,CAS 3区
Contemporary Asia Arbitration Journal,CAS 4区
Contemporary British History,CAS 2区
Contemporary Buddhism,CAS 4区
Contemporary Clinical Dentistry,CAS 4区
Contemporary Clinical Trials,CAS 3区
Contemporary Clinical Trials Communications,CAS 4区
Contemporary Diagnostic Radiology,CAS 4区
CONTEMPORARY DRUG PROBLEMS,CAS 3区
CONTEMPORARY ECONOMIC POLICY,CAS 3区
Contemporary Economics,CAS 4区
CONTEMPORARY EDUCATIONAL PSYCHOLOGY,CAS 1区 Top
Contemporary Educational Technology,CAS 4区
Contemporary European History,SSCI/SCI/AHCI
Contemporary Europe-Sovremennaya Evropa,CAS 4区
CONTEMPORARY FAMILY THERAPY,CAS 4区
CONTEMPORARY FRENCH AND FRANCOPHONE STUDIES,CAS 4区
Contemporary French Civilization,Indexed
Contemporary Islam-Dynamics of Muslim Life,CAS 2区
Contemporary Issues in Early Childhood,CAS 4区
Contemporary Italian Politics,CAS 2区
CONTEMPORARY LITERATURE,CAS 4区
Contemporary Mathematics,CAS 4区
Contemporary Music Review,CAS 3区
Contemporary Nurse,SSCI/SCIE/SCI
CONTEMPORARY PACIFIC,CAS 4区
CONTEMPORARY PHYSICS,CAS 3区
Contemporary Political Theory,CAS 3区
Contemporary Politics,CAS 2区
Contemporary Pragmatism,CAS 4区
Contemporary Problems of Ecology,CAS 4区
CONTEMPORARY PSYCHOANALYSIS,CAS 3区
Contemporary Review of the Middle East,CAS 4区
Contemporary School Psychology,Indexed
Contemporary Security Policy,CAS 1区 Top
Contemporary Social Science,CAS 3区
CONTEMPORARY SOCIOLOGY-A JOURNAL OF REVIEWS,CAS 4区
Contemporary South Asia,SSCI/SCI/AHCI
Contemporary Southeast Asia,CAS 3区
CONTEMPORARY THEATRE REVIEW,CAS 3区
Contemporary Voice of Dalit,CAS 4区
Contemporary Womens Writing,CAS 3区
Contexto,CAS 4区
Contexto-Revista de la Facultad de Arquitectura Universidad Autonoma de Nuevo Leon,CAS 4区
Contexto-Revista do Programa de Pos-Graduacao em Letras,CAS 4区
Contextos Educativos-Revista de Educacion,CAS 4区
Con-textos Kantianos-International Journal of Philosophy,CAS 4区
Continence,Indexed
Continence Reports,Indexed
CONTINENTAL PHILOSOPHY REVIEW,CAS 2区
CONTINENTAL SHELF RESEARCH,CAS 3区
CONTINUITY AND CHANGE,CAS 2区
Continuum-Journal of Media & Cultural Studies,SSCI/SCI/AHCI
CONTINUUM MECHANICS AND THERMODYNAMICS,CAS 4区
CONTRACEPTION,CAS 2区
Contraception and Reproductive Medicine,CAS 3区
Contrastive Pragmatics,CAS 2区
Contributions of the Astronomical Observatory Skalnate Pleso,CAS 4区
Contributions to Discrete Mathematics,CAS 4区
Contributions to Geophysics and Geodesy,CAS 4区
CONTRIBUTIONS TO INDIAN SOCIOLOGY,CAS 4区
Contributions to Mathematics,Indexed
CONTRIBUTIONS TO MINERALOGY AND PETROLOGY,CAS 2区
CONTRIBUTIONS TO PLASMA PHYSICS,CAS 4区
Contributions to the History of Concepts,CAS 3区
CONTRIBUTIONS TO ZOOLOGY,CAS 2区
Control Engineering and Applied Informatics,CAS 4区
CONTROL ENGINEERING PRACTICE,CAS 2区
Control Theory and Technology,CAS 4区
Convergence-The International Journal of Research into New Media Technologies,CAS 2区
Convergencia-Revista de Ciencias Sociales,CAS 4区
Convivium,CAS 4区
Convivium-Exchanges and Interactions in the Arts of Medieval Europe Byzantium and the Mediterranean,CAS 3区
Convivium-Exchanges and Interactions in the Arts of the Premodern World-Seminarium Kondakovianum Series Nova,Indexed
Cooperation and Conflict,CAS 2区
Coordenadas-Revista de Historia Local y Regional,CAS 4区
COORDINATION CHEMISTRY REVIEWS,CAS 1区 Top
COPD-Journal of Chronic Obstructive Pulmonary Disease,CAS 4区
CORAL REEFS,CAS 2区
Cordis-Revista Eletronica de Historia Social da Cidade,CAS 4区
COR ET VASA,CAS 4区
Cormac McCarthy Journal,CAS 3区
CORNEA,CAS 4区
Cornell Hospitality Quarterly,CAS 4区
CORNELL INTERNATIONAL LAW JOURNAL,CAS 4区
CORNELL LAW REVIEW,CAS 3区
CORONARY ARTERY DISEASE,CAS 4区
Corpora,CAS 3区
Corporate Communications,CAS 3区
CORPORATE GOVERNANCE-AN INTERNATIONAL REVIEW,CAS 3区
Corporate Governance-The International Journal of Business in Society,CAS 2区
CORPORATE REPUTATION REVIEW,CAS 4区
Corporate Social Responsibility and Environmental Management,CAS 2区
Corpus Linguistics and Linguistic Theory,SSCI/SCI/AHCI
Corpus Pragmatics,CAS 2区
Correspondances en Metabolismes Hormones Diabetes et Nutrition,CAS 4区
CORROSION,CAS 4区
Corrosion and Materials Degradation,Indexed
Corrosion Communications,CAS 4区
CORROSION ENGINEERING SCIENCE AND TECHNOLOGY,CAS 4区
CORROSION REVIEWS,CAS 4区
CORROSION SCIENCE,CAS 1区 Top
Corrosion Science and Technology-Korea,CAS 4区
CorSalud,CAS 4区
CORTEX,SSCI/SCIE/SCI
Corvinus Journal of Sociology and Social Policy,CAS 4区
Cosmetics,CAS 4区
COSMIC RESEARCH,CAS 4区
Cosmopolitan Civil Societies-An Interdisciplinary Journal,CAS 4区
Cosmos and History-The Journal of Natural and Social Philosophy,CAS 4区
Cost Effectiveness and Resource Allocation,CAS 4区
Costume-The Journal of the Costume Society,CAS 3区
Counseling and Values,CAS 4区
COUNSELING PSYCHOLOGIST,CAS 3区
Counselling Psychology Quarterly,CAS 3区
Counselling & Psychotherapy Research,CAS 4区
COUNSELOR EDUCATION AND SUPERVISION,CAS 4区
CounterText-A Journal for the Study of the Post-Literary,CAS 4区
Couple and Family Psychology-Research and Practice,CAS 4区
Coupled Systems Mechanics,CAS 4区
COVID,Indexed
CPT-Pharmacometrics & Systems Pharmacology,CAS 3区
CPU-e Revista de Investigacion Educativa,CAS 4区
Craft Research,CAS 4区
Craniomaxillofacial Trauma & Reconstruction,CAS 4区
CRANIO-The Journal of Craniomandibular & Sleep Practice,CAS 4区
Creative Industries Journal,CAS 4区
Creative Nursing,CAS 4区
Creativity and Innovation Management,CAS 3区
CREATIVITY RESEARCH JOURNAL,CAS 2区
Crescent Journal of Medical and Biological Sciences,CAS 4区
CRETACEOUS RESEARCH,CAS 3区
Crime and Justice-A Review of Research,CAS 2区
CRIME & DELINQUENCY,CAS 3区
CRIME LAW AND SOCIAL CHANGE,CAS 4区
Crime Media Culture,CAS 2区
Crime Prevention & Community Safety,CAS 4区
Crime Science,CAS 2区
Criminal Behaviour and Mental Health,CAS 4区
CRIMINAL JUSTICE AND BEHAVIOR,CAS 2区
CRIMINAL JUSTICE STUDIES,CAS 3区
Criminal Law and Philosophy,CAS 3区
Criminal Law Forum,CAS 4区
CRIMINAL LAW JOURNAL,CAS 4区
Criminologie,CAS 4区
CRIMINOLOGY,CAS 1区 Top
Criminology & Criminal Justice,CAS 3区
Criminology & Public Policy,CAS 1区 Top
Crisis-The Journal of Crisis Intervention and Suicide Prevention,CAS 4区
CRISPR Journal,CAS 4区
Cristianesimo nella Storia,CAS 4区
CRITICA D ARTE,CAS 4区
Critical African Studies,CAS 2区
Critical and Radical Social Work,CAS 3区
Critical Arts-South-North Cultural and Media Studies,SSCI/SCI/AHCI
CRITICAL ASIAN STUDIES,CAS 3区
CRITICAL CARE,CAS 1区 Top
Critical Care and Resuscitation,CAS 4区
CRITICAL CARE CLINICS,CAS 3区
Critical Care Explorations,Indexed
CRITICAL CARE MEDICINE,CAS 1区 Top
Critical Care Nurse,SSCI/SCIE/SCI
Critical Care Nursing Clinics of North America,SSCI/SCIE/SCI
Critical Care Nursing Quarterly,CAS 4区
Critical Care Research and Practice,CAS 4区
Critical Criminology,CAS 3区
Critical Discourse Studies,CAS 2区 Top
Critical Education,CAS 4区
CRITICA LETTERARIA,CAS 4区
Critical Finance Review,CAS 4区
Critical Historical Studies,CAS 4区
Critical Horizons,CAS 3区
CRITICAL INQUIRY,SSCI/SCI/AHCI
Critical Perspectives on Accounting,CAS 1区 Top
Critical Perspectives on International Business,CAS 4区
Critical Philosophy of Race,CAS 2区
Critical Policy Studies,CAS 3区
Critical Public Health,CAS 3区
CRITICAL QUARTERLY,CAS 3区
Critical Research on Religion,CAS 3区
CRITICAL REVIEW,CAS 4区
Critical Review of International Social and Political Philosophy,CAS 3区
CRITICAL REVIEWS IN ANALYTICAL CHEMISTRY,CAS 3区
CRITICAL REVIEWS IN BIOCHEMISTRY AND MOLECULAR BIOLOGY,CAS 2区
CRITICAL REVIEWS IN BIOTECHNOLOGY,CAS 2区
CRITICAL REVIEWS IN CLINICAL LABORATORY SCIENCES,CAS 2区
CRITICAL REVIEWS IN ENVIRONMENTAL SCIENCE AND TECHNOLOGY,CAS 1区 Top
CRITICAL REVIEWS IN EUKARYOTIC GENE EXPRESSION,CAS 4区
CRITICAL REVIEWS IN FOOD SCIENCE AND NUTRITION,CAS 2区 Top
CRITICAL REVIEWS IN IMMUNOLOGY,CAS 4区
CRITICAL REVIEWS IN MICROBIOLOGY,CAS 2区
CRITICAL REVIEWS IN ONCOLOGY HEMATOLOGY,CAS 2区 Top
CRITICAL REVIEWS IN PLANT SCIENCES,CAS 2区
CRITICAL REVIEWS IN SOLID STATE AND MATERIALS SCIENCES,CAS 2区
CRITICAL REVIEWS IN THERAPEUTIC DRUG CARRIER SYSTEMS,CAS 4区
CRITICAL REVIEWS IN TOXICOLOGY,CAS 2区
CRITICAL SOCIAL POLICY,CAS 2区
Critical Sociology,CAS 3区
Critical Studies in Education,CAS 2区
Critical Studies in Fashion & Beauty,CAS 3区
CRITICAL STUDIES IN MEDIA COMMUNICATION,CAS 2区
Critical Studies in Mens Fashion,CAS 4区
Critical Studies in Television,CAS 2区
Critical Studies on Security,CAS 3区
Critical Studies on Terrorism,CAS 2区
Critical Survey,CAS 3区
CRITICA-REVISTA HISPANOAMERICANA DE FILOSOFIA,CAS 4区
CRITICISM-A QUARTERLY FOR LITERATURE AND THE ARTS,CAS 4区
Criticon,CAS 3区
CRITIQUE,CAS 4区
CRITIQUE OF ANTHROPOLOGY,CAS 3区
CRITIQUE-STUDIES IN CONTEMPORARY FICTION,CAS 3区
Croatian and Comparative Public Administration,CAS 4区
Croatian Economic Survey,CAS 4区
Croatian Journal of Education-Hrvatski Casopis za Odgoj i obrazovanje,CAS 4区
Croatian Journal of Forest Engineering,CAS 2区
Croatian Journal of Philosophy,CAS 4区
CROATIAN MEDICAL JOURNAL,CAS 4区
Croatian Operational Research Review,CAS 4区
Croatian Yearbook of European Law & Policy,CAS 4区
CROATICA CHEMICA ACTA,CAS 4区
Croatica et Slavica Iadertina,Indexed
Crohns & Colitis 360,CAS 4区
Crop and Environment,Indexed
Crop Breeding and Applied Biotechnology,CAS 4区
Crop Forage & Turfgrass Management,CAS 4区
Crop Journal,CAS 1区 Top
Crop & Pasture Science,CAS 4区
Crop Protection,CAS 2区
Crops,Indexed
CROP SCIENCE,CAS 3区
CROSS-CULTURAL RESEARCH,CAS 3区
Cross Cultural & Strategic Management,CAS 4区
Cross Currents,CAS 4区
CR-THE NEW CENTENNIAL REVIEW,CAS 4区
CRUSTACEANA,CAS 4区
CRYOBIOLOGY,CAS 3区
CRYOGENICS,CAS 3区
CRYOLETTERS,CAS 4区
Cryosphere,CAS 2区
CRYPTOGAMIE ALGOLOGIE,CAS 4区
CRYPTOGAMIE BRYOLOGIE,CAS 4区
CRYPTOGAMIE MYCOLOGIE,CAS 3区
Cryptography,CAS 4区
Cryptography and Communications-Discrete-Structures Boolean Functions and Sequences,CAS 3区
CRYPTOLOGIA,CAS 4区
CRYSTAL GROWTH & DESIGN,CAS 2区
CRYSTALLOGRAPHY REPORTS,CAS 4区
Crystallography Reviews,CAS 3区
CRYSTAL RESEARCH AND TECHNOLOGY,CAS 4区
Crystals,CAS 4区
CRYSTENGCOMM,CAS 3区
CSEE Journal of Power and Energy Systems,CAS 2区
CSIAM Transactions on Applied Mathematics,CAS 4区
CTAD-Cumhuriyet Tarihi Arastirmalari Dergisi,CAS 4区
CT&F-Ciencia Tecnologia y Futuro,CAS 4区
CTS-Clinical and Translational Science,CAS 3区
Cuaderno Activa,CAS 4区
Cuaderno de Notas,CAS 4区
Cuadernos CANELA,CAS 4区
Cuadernos de Administracion-Universidad del Valle,CAS 4区
Cuadernos de Antropologia,CAS 4区
Cuadernos de Bioetica,CAS 4区
Cuadernos de Desarrollo Rural,CAS 4区
Cuadernos de Documentacion Multimedia,CAS 4区
Cuadernos de Economia,CAS 4区
Cuadernos de Estudios Gallegos,CAS 4区
Cuadernos de Filologia Clasica-Estudios Griegos e Indoeuropeos,CAS 3区
Cuadernos de Filologia Clasica-Estudios Latinos,CAS 3区
Cuadernos de Filologia Italiana,CAS 3区
Cuadernos de Filosofia Latinoamericana,CAS 4区
Cuadernos de Gestion,CAS 4区
Cuadernos de Historia Contemporanea,CAS 3区
Cuadernos de Historia del Derecho,CAS 4区
Cuadernos de Historia Moderna,CAS 4区
Cuadernos de Ilustracion y Romanticismo,CAS 4区
Cuadernos de Investigacion Geografica,CAS 4区
Cuadernos del CIMBAGE,CAS 4区
Cuadernos del CLAEH-Centro Latinoamericano de Economia Humana,CAS 4区
Cuadernos de Linguistica Hispanica,CAS 4区
Cuadernos de Literatura,CAS 4区
Cuadernos de Literatura del Caribe e Hispanoamerica,CAS 4区
Cuadernos de Musica Artes Visuales y Artes Escenicas,CAS 3区
Cuadernos de Neuropsicologia-Panamerican Journal of Neuropsychology,CAS 4区
Cuadernos de Prehistoria y Arqueologia-Universidad Autonoma de Madrid,CAS 4区
Cuadernos de Proyectos Arquitectonicos,CAS 4区
Cuadernos de Relaciones Laborales,CAS 4区
Cuadernos de Rusistica Espanola,CAS 4区
Cuadernos de Trabajo Social,CAS 4区
Cuadernos de Turismo,CAS 4区
Cuadernos de Vivienda y Urbanismo,CAS 4区
Cuadernos Electronicos de Filosofia del Derecho,CAS 4区
Cuadernos Europeos de Deusto,CAS 4区
Cuadernos Geograficos,CAS 4区
CUADERNOS HISPANOAMERICANOS,CAS 4区
Cuadernos Info,CAS 4区
Cuadernos Inter c a mbio sobre Centroamerica y el Caribe,CAS 4区
Cuadernos Lirico,CAS 4区
CUAJ-Canadian Urological Association Journal,CAS 4区
Cuaternario y Geomorfologia,CAS 4区
CUBO-A Mathematical Journal,CAS 4区
Cuestiones de Filosofia,CAS 4区
Cuestiones de Sociologia,CAS 4区
CUHSO,Indexed
CUHSO-Cultura-Hombre-Sociedad,CAS 4区
Cukurova Medical Journal,CAS 4区
Cukurova University Faculty of Education Journal,CAS 4区
Cultura Ciencia y Deporte,CAS 4区
Cultura Cientifica,CAS 4区
Cultura de los Cuidados,CAS 4区
Cultura-International Journal of Philosophy of Culture and Axiology,CAS 4区
CULTURAL ANTHROPOLOGY,CAS 1区 Top
CULTURAL CRITIQUE,SSCI/SCI/AHCI
Cultural Diversity & Ethnic Minority Psychology,CAS 2区
CULTURAL DYNAMICS,CAS 4区
Cultura Lenguaje y Representacion-Revista de Estudios Culturales de la Universitat Jaume I,CAS 4区
Culturales,CAS 4区
CULTURAL GEOGRAPHIES,CAS 3区
Cultural History,CAS 4区
Cultural & Social History,CAS 2区
Cultural Sociology,CAS 2区
CULTURAL STUDIES,SSCI/SCI/AHCI
Cultural Studies-Critical Methodologies,SSCI/SCI/AHCI
Cultural Studies of Science Education,SSCI/SCI/AHCI
Cultural Trends,SSCI/SCI/AHCI
Cultura-Rivista di Filosofia Letteratura Storia,CAS 4区
Cultura y Droga,CAS 4区
Cultura y Religion,CAS 3区
Culture Agriculture Food and Environment,CAS 4区
Culture and Dialogue,CAS 4区
Culture and Education,CAS 4区
Culture and Organization,CAS 4区
Culture and Religion,CAS 3区
Culture et Musees,CAS 4区
CULTURE HEALTH & SEXUALITY,CAS 3区
Culture & History Digital Journal,SSCI/SCI/AHCI
CULTURE MEDICINE AND PSYCHIATRY,CAS 4区
CULTURE & PSYCHOLOGY,CAS 3区
Culture Theory and Critique,CAS 4区
Cumhuriyet Ilahiyat Dergisi-Cumhuriyet Theology Journal,CAS 4区
Curator-The Museum Journal,CAS 2区
Cureus Journal of Medical Science,CAS 4区
Current Addiction Reports,CAS 2区
CURRENT ALLERGY AND ASTHMA REPORTS,CAS 2区
Current Allergy & Clinical Immunology,CAS 4区
Current Alzheimer Research,CAS 4区
Current Analytical Chemistry,CAS 4区
Current Anesthesiology Reports,CAS 4区
CURRENT ANTHROPOLOGY,CAS 2区
CURRENT APPLIED PHYSICS,CAS 4区
Current Atherosclerosis Reports,CAS 2区
Current Behavioral Neuroscience Reports,CAS 4区
Current Bioinformatics,CAS 4区
CURRENT BIOLOGY,CAS 1区 Top
Current Bladder Dysfunction Reports,CAS 4区
Current Breast Cancer Reports,CAS 4区
CURRENT CANCER DRUG TARGETS,CAS 4区
Current Cancer Therapy Reviews,CAS 4区
Current Cardiology Reports,CAS 3区
CURRENT CARDIOLOGY REVIEWS,CAS 4区
Current Cardiovascular Imaging Reports,CAS 4区
Current Cardiovascular Risk Reports,CAS 4区
Current Challenges in Thoracic Surgery,Indexed
Current Climate Change Reports,CAS 1区 Top
Current Clinical Microbiology Reports,CAS 3区
Current Computer-Aided Drug Design,CAS 4区
Current Dermatology Reports,CAS 4区
Current Developmental Disorders Reports,CAS 4区
Current Developments in Nutrition,CAS 3区
Current Diabetes Reports,CAS 2区
CURRENT DIABETES REVIEWS,CAS 4区
CURRENT DIRECTIONS IN PSYCHOLOGICAL SCIENCE,CAS 1区 Top
Current Drug Delivery,CAS 4区
CURRENT DRUG METABOLISM,CAS 4区
Current Drug Safety,CAS 4区
CURRENT DRUG TARGETS,CAS 4区
Current Drug Therapy,CAS 4区
Current Emergency and Hospital Medicine Reports,CAS 4区
Current Environmental Health Reports,SSCI/SCIE/SCI
Current Epidemiology Reports,CAS 3区
CURRENT EYE RESEARCH,CAS 4区
Current Forestry Reports,CAS 1区 Top
Current Fungal Infection Reports,CAS 4区
CURRENT GENE THERAPY,CAS 4区
Current Genetic Medicine Reports,CAS 4区
CURRENT GENETICS,CAS 4区
CURRENT GENOMICS,CAS 4区
Current Geriatrics Reports,CAS 4区
Current Green Chemistry,CAS 4区
Current Heart Failure Reports,CAS 3区
Current Hematologic Malignancy Reports,CAS 3区
CURRENT HERPETOLOGY,CAS 4区
CURRENT HISTORY,CAS 4区
Current HIV/AIDS Reports,CAS 2区
CURRENT HIV RESEARCH,CAS 4区
CURRENT HYPERTENSION REPORTS,CAS 2区
Current Hypertension Reviews,CAS 4区
Current Infectious Disease Reports,CAS 4区
Current Issues in Auditing,CAS 4区
Current Issues in Criminal Justice,CAS 3区
Current Issues in Language Planning,SSCI/SCI/AHCI
CURRENT ISSUES IN MOLECULAR BIOLOGY,CAS 3区
Current Issues in Personality Psychology,CAS 4区
Current Issues in Pharmacy and Medical Sciences,CAS 4区
Current Issues in Tourism,CAS 3区
Current Journal of Neurology,CAS 4区
Current Legal Problems,CAS 3区
Current Medical Imaging,CAS 4区
CURRENT MEDICAL RESEARCH AND OPINION,CAS 4区
Current Medical Science,CAS 4区
CURRENT MEDICINAL CHEMISTRY,CAS 4区
CURRENT MICROBIOLOGY,CAS 4区
Current Microwave Chemistry,CAS 4区
CURRENT MOLECULAR MEDICINE,CAS 4区
Current Molecular Pharmacology,CAS 4区
Current Nanoscience,CAS 4区
Current Neurology and Neuroscience Reports,CAS 2区
Current Neuropharmacology,CAS 3区
CURRENT NEUROVASCULAR RESEARCH,CAS 4区
Current Nutrition & Food Science,CAS 4区
Current Nutrition Reports,CAS 2区
Current Obesity Reports,CAS 1区 Top
Current Obstetrics and Gynecology Reports,CAS 4区
Current Oncology,CAS 3区
Current Oncology Reports,CAS 2区
Current Ophthalmology Reports,CAS 4区
Current Opinion in Allergy and Clinical Immunology,CAS 3区
Current Opinion in Anesthesiology,CAS 3区
Current Opinion in Behavioral Sciences,SSCI/SCIE/SCI
Current Opinion in Biomedical Engineering,CAS 3区
CURRENT OPINION IN BIOTECHNOLOGY,CAS 2区 Top
CURRENT OPINION IN CARDIOLOGY,CAS 4区
CURRENT OPINION IN CELL BIOLOGY,CAS 2区
CURRENT OPINION IN CHEMICAL BIOLOGY,CAS 2区
Current Opinion in Chemical Engineering,CAS 2区
CURRENT OPINION IN CLINICAL NUTRITION AND METABOLIC CARE,CAS 3区
CURRENT OPINION IN COLLOID & INTERFACE SCIENCE,CAS 2区
Current Opinion in Critical Care,CAS 2区
Current Opinion in Electrochemistry,CAS 2区
Current Opinion in Endocrinology Diabetes and Obesity,CAS 3区
Current Opinion in Environmental Science & Health,CAS 3区
Current Opinion in Environmental Sustainability,CAS 1区 Top
Current Opinion in Food Science,CAS 1区 Top
CURRENT OPINION IN GASTROENTEROLOGY,CAS 4区
CURRENT OPINION IN GENETICS & DEVELOPMENT,CAS 2区
Current Opinion in Green and Sustainable Chemistry,CAS 2区
CURRENT OPINION IN HEMATOLOGY,CAS 4区
Current Opinion in HIV and AIDS,CAS 2区
CURRENT OPINION IN IMMUNOLOGY,CAS 2区
CURRENT OPINION IN INFECTIOUS DISEASES,CAS 2区
Current Opinion in Insect Science,CAS 1区 Top
CURRENT OPINION IN LIPIDOLOGY,CAS 3区
CURRENT OPINION IN MICROBIOLOGY,CAS 2区
CURRENT OPINION IN NEPHROLOGY AND HYPERTENSION,CAS 4区
CURRENT OPINION IN NEUROBIOLOGY,CAS 2区
CURRENT OPINION IN NEUROLOGY,CAS 2区
CURRENT OPINION IN OBSTETRICS & GYNECOLOGY,CAS 3区
CURRENT OPINION IN ONCOLOGY,CAS 3区
CURRENT OPINION IN OPHTHALMOLOGY,CAS 2区
Current Opinion in Organ Transplantation,CAS 4区
Current Opinion in Otolaryngology & Head and Neck Surgery,CAS 3区
CURRENT OPINION IN PEDIATRICS,CAS 4区
CURRENT OPINION IN PHARMACOLOGY,CAS 3区
Current Opinion in Physiology,CAS 4区
CURRENT OPINION IN PLANT BIOLOGY,CAS 2区
CURRENT OPINION IN PSYCHIATRY,SSCI/SCIE/SCI
Current Opinion in Psychology,CAS 2区 Top
CURRENT OPINION IN PULMONARY MEDICINE,CAS 3区
CURRENT OPINION IN RHEUMATOLOGY,CAS 2区
CURRENT OPINION IN SOLID STATE & MATERIALS SCIENCE,CAS 2区
CURRENT OPINION IN STRUCTURAL BIOLOGY,CAS 2区 Top
Current Opinion in Supportive and Palliative Care,CAS 4区
Current Opinion in Systems Biology,CAS 4区
Current Opinion in Toxicology,CAS 3区
CURRENT OPINION IN UROLOGY,CAS 3区
Current Opinion in Virology,CAS 2区
Current Optics and Photonics,CAS 4区
CURRENT ORGANIC CHEMISTRY,CAS 4区
CURRENT ORGANIC SYNTHESIS,CAS 4区
Current Organocatalysis,CAS 4区
Current Orthopaedic Practice,CAS 4区
Current Osteoporosis Reports,CAS 2区
Current Otorhinolaryngology Reports,CAS 4区
Current Pain and Headache Reports,CAS 3区
Current Pediatric Reviews,CAS 4区
Current Pediatrics Reports,CAS 4区
Current Pharmaceutical Analysis,CAS 4区
CURRENT PHARMACEUTICAL BIOTECHNOLOGY,CAS 4区
CURRENT PHARMACEUTICAL DESIGN,CAS 4区
Current Pharmacology Reports,Indexed
Current Physical Medicine and Rehabilitation Reports,CAS 4区
Current Plant Biology,CAS 3区
Current Pollution Reports,CAS 2区
CURRENT PROBLEMS IN CANCER,CAS 4区
Current Problems in Cancer: Case Reports,CAS 4区
CURRENT PROBLEMS IN CARDIOLOGY,CAS 3区
Current Problems in Diagnostic Radiology,CAS 4区
Current Problems in Pediatric and Adolescent Health Care,CAS 3区
CURRENT PROBLEMS IN SURGERY,CAS 4区
CURRENT PROTEIN & PEPTIDE SCIENCE,CAS 4区
Current Proteomics,CAS 4区
Current Protocols,Indexed
Current Psychiatry Reports,SSCI/SCIE/SCI
Current Psychiatry Research and Reviews,CAS 4区
CURRENT PSYCHOLOGY,CAS 3区
Current Pulmonology Reports,CAS 4区
Current Radiology Reports,CAS 4区
Current Radiopharmaceuticals,CAS 4区
Current Research in Behavioral Sciences,Indexed
Current Research in Biotechnology,CAS 3区
Current Research in Ecological and Social Psychology,Indexed
Current Research in Environmental Sustainability,CAS 3区
Current Research in Food Science,CAS 1区 Top
Current Research in Insect Science,CAS 3区
Current Research in Microbial Sciences,CAS 2区
Current Research in Nutrition and Food Science,CAS 4区
Current Research in Parasitology & Vector-Borne Diseases,CAS 3区
Current Research in Physiology,CAS 4区
Current Research in Social Psychology,CAS 4区
Current Research in Structural Biology,CAS 3区
Current Research in Toxicology,CAS 4区
Current Research in Translational Medicine,CAS 4区
Current Respiratory Medicine Reviews,CAS 4区
Current Reviews in Clinical and Experimental Pharmacology,CAS 4区
Current Reviews in Musculoskeletal Medicine,CAS 2区
Current Rheumatology Reports,CAS 2区
Current Rheumatology Reviews,CAS 4区
CURRENT SCIENCE,CAS 4区
Current Sexual Health Reports,CAS 4区
Currents in Biblical Research,CAS 2区
Currents in Pharmacy Teaching and Learning,CAS 4区
Current Sleep Medicine Reports,CAS 4区
CURRENT SOCIOLOGY,CAS 3区
Current Sports Medicine Reports,CAS 4区
Current Stem Cell Reports,CAS 4区
Current Stem Cell Research & Therapy,CAS 4区
Current Surgery Reports,CAS 4区
CURRENT THERAPEUTIC RESEARCH-CLINICAL AND EXPERIMENTAL,CAS 4区
CURRENT TOPICS IN MEDICINAL CHEMISTRY,CAS 4区
Current Traditional Medicine,CAS 4区
Current Transplantation Reports,CAS 4区
Current Trauma Reports,CAS 4区
Current Treatment Options in Allergy,CAS 4区
Current Treatment Options in Cardiovascular Medicine,CAS 4区
Current Treatment Options in Infectious Diseases,CAS 4区
Current Treatment Options in Neurology,CAS 4区
CURRENT TREATMENT OPTIONS IN ONCOLOGY,CAS 2区
Current Treatment Options in Rheumatology,CAS 4区
Current Trends in Translation Teaching and Learning E,CAS 3区
Current Tropical Medicine Reports,CAS 3区
Current Urology,CAS 4区
Current Urology Reports,CAS 3区
Current Vascular Pharmacology,CAS 4区
Current Womens Health Reviews,CAS 4区
Current Writing-Text and Reception in Southern Africa,CAS 4区
Current Zoology,CAS 3区
CURRICULUM INQUIRY,CAS 4区
Curriculum Journal,CAS 4区
Curriculum Matters,CAS 4区
Curriculum Studies in Health and Physical Education,CAS 2区
Curved and Layered Structures,CAS 4区
Custos e Agronegocio On Line,SSCI/SCIE/SCI
Cutaneous and Ocular Toxicology,CAS 4区
CUTIS,CAS 4区
CVIR Endovascular,CAS 4区
CyberGeo-European Journal of Geography,CAS 4区
Cybernetics and Information Technologies,CAS 4区
CYBERNETICS AND SYSTEMS,CAS 4区
CYBERNETICS AND SYSTEMS ANALYSIS,CAS 4区
Cyberpsychology Behavior and Social Networking,CAS 3区
Cyberpsychology-Journal of Psychosocial Research on Cyberspace,CAS 3区
Cybersecurity,CAS 3区
CYBIUM,CAS 4区
Cyborg and Bionic Systems,CAS 1区 Top
Cyprus Journal of Medical Sciences,CAS 4区
Cyprus Turkish Journal of Psychiatry and Psychology,CAS 4区
CyTA-Journal of Food,CAS 4区
CYTOGENETIC AND GENOME RESEARCH,CAS 4区
CytoJournal,CAS 4区
CYTOKINE,CAS 3区
CYTOKINE & GROWTH FACTOR REVIEWS,CAS 2区
CYTOLOGIA,CAS 4区
Cytology and Genetics,CAS 4区
CYTOMETRY PART A,CAS 4区
CYTOMETRY PART B-CLINICAL CYTOMETRY,CAS 4区
CYTOPATHOLOGY,CAS 4区
Cytoskeleton,CAS 4区
CYTOTECHNOLOGY,CAS 4区
CYTOTHERAPY,CAS 3区
CZECH JOURNAL OF ANIMAL SCIENCE,CAS 4区
CZECH JOURNAL OF FOOD SCIENCES,CAS 4区
Czech Journal of Genetics and Plant Breeding,CAS 4区
Czech Journal of International Relations,CAS 4区
CZECHOSLOVAK MATHEMATICAL JOURNAL,CAS 4区
Czech Polar Reports,CAS 4区
Czech-Polish Historical and Pedagogical Journal,CAS 4区
Dacoromania,CAS 4区
DADOS-REVISTA DE CIENCIAS SOCIAIS,CAS 4区
DAEDALUS,SSCI/SCI/AHCI
Daimon-Revista Internacional de Filosofia,CAS 4区
Dairy,Indexed
Dalhousie Journal of Interdisciplinary Management,CAS 4区
DALHOUSIE REVIEW,CAS 4区
DALTON TRANSACTIONS,CAS 3区
DANCE CHRONICLE,CAS 3区
DANCE MAGAZINE,CAS 4区
Dance Research,CAS 3区
DANCE RESEARCH JOURNAL,CAS 1区 Top
Danish Medical Journal,CAS 4区
Danza e Ricerca-Laboratorio di Studi Scritture Visioni,CAS 3区
Dao-A Journal of Comparative Philosophy,CAS 3区
DAPHNIS-ZEITSCHRIFT FUR MITTLERE DEUTSCHE LITERATUR,CAS 3区
DARU-Journal of Pharmaceutical Sciences,CAS 4区
Data,CAS 4区
DATA BASE FOR ADVANCES IN INFORMATION SYSTEMS,CAS 4区
Database-The Journal of Biological Databases and Curation,CAS 4区
Data-Centric Engineering,CAS 3区
Data in Brief,CAS 4区
Data Intelligence,CAS 2区
DATA & KNOWLEDGE ENGINEERING,CAS 3区
DATA MINING AND KNOWLEDGE DISCOVERY,CAS 3区
Data & Policy,CAS 4区
Data Science and Engineering,CAS 1区 Top
Data Science in Finance and Economics,CAS 4区
Data Technologies and Applications,SSCI/SCIE/SCI
DDS-Die Deutsche Schule,CAS 4区
Dead Sea Discoveries,CAS 1区 Top
Deafness & Education International,CAS 4区
Dearq,CAS 4区
De Arte,CAS 4区
DEATH STUDIES,CAS 4区
Debates,CAS 4区
Debates en Sociologia,CAS 4区
Debate Universitario,CAS 4区
Debats-Revista de Cultura Poder i Societat,CAS 4区
Decision,CAS 4区
Decision Analysis,CAS 4区
Decision Science Letters,CAS 4区
DECISION SCIENCES,CAS 4区
Decision Sciences-Journal of Innovative Education,CAS 4区
Decisions in Economics and Finance,CAS 4区
DECISION SUPPORT SYSTEMS,CAS 2区 Top
Decision-Washington,CAS 3区
De Computis-Revista Espanola de Historia de la Contabilidad,CAS 4区
DEEP-SEA RESEARCH PART II-TOPICAL STUDIES IN OCEANOGRAPHY,CAS 3区
DEEP-SEA RESEARCH PART I-OCEANOGRAPHIC RESEARCH PAPERS,CAS 2区
Deep Underground Science and Engineering,CAS 4区
DEFENCE AND PEACE ECONOMICS,CAS 3区
Defence and Security Analysis,CAS 4区
DEFENCE SCIENCE JOURNAL,CAS 4区
Defence Technology,CAS 1区 Top
Degenerative Neurological and Neuromuscular Disease,CAS 4区
DEGRES-REVUE DE SYNTHESE A ORIENTATION SEMIOLOGIQUE,CAS 4区
De Jure Law Journal,CAS 4区
Deleuze and Guattari Studies,CAS 3区
Deltion of the Christian Archaeological Society,CAS 4区
De Medio Aevo,CAS 3区
DEMENTIA AND GERIATRIC COGNITIVE DISORDERS,CAS 4区
Dementia and Geriatric Cognitive Disorders Extra,CAS 4区
Dementia-International Journal of Social Research and Practice,CAS 3区
Democracy & Security,CAS 4区
Democratic Theory-An Interdisciplinary Journal,CAS 4区
Democratization,CAS 1区 Top
Demografie,CAS 4区
Demographic Research,CAS 3区
DEMOGRAPHY,CAS 1区 Top
Demonstratio Mathematica,CAS 2区
Dendrobiology,CAS 3区
DENDROCHRONOLOGIA,CAS 2区
DENKMALPFLEGE,CAS 4区
DEN Open,CAS 4区
Dental and Medical Problems,CAS 3区
Dental Cadmos,CAS 4区
Dental Hypotheses,CAS 4区
DENTAL MATERIALS,CAS 1区 Top
DENTAL MATERIALS JOURNAL,CAS 4区
DENTAL TRAUMATOLOGY,CAS 3区
Dentistry Journal,CAS 3区
DENTOMAXILLOFACIAL RADIOLOGY,CAS 3区
Denver Law Review,CAS 4区
Departures in Critical Qualitative Research,CAS 4区
Dependence Modeling,CAS 4区
Depositional Record,CAS 4区
DEPRESSION AND ANXIETY,SSCI/SCIE/SCI
Derecho Penal y Criminologia,CAS 4区
Derecho PUCP,CAS 4区
Derechos y Libertades,CAS 4区
Derecho y Ciencias Sociales,CAS 4区
Dermatitis,CAS 2区
Dermatologica Sinica,CAS 4区
DERMATOLOGIC CLINICS,CAS 3区
DERMATOLOGIC SURGERY,CAS 3区
Dermatologic Therapy,CAS 3区
Dermatologie,CAS 4区
Dermatologie in Beruf und Umwelt,CAS 4区
DERMATOLOGY,CAS 3区
Dermatology and Therapy,CAS 3区
Dermatology Practical & Conceptual,CAS 4区
Dermatology Reports,CAS 4区
Dermatology Research and Practice,CAS 4区
Dermatopathology,CAS 4区
Derrida Today,CAS 3区
Desafios,CAS 4区
DESALINATION,CAS 2区 Top
Desalination and Water Treatment,CAS 4区
Desde el Jardin de Freud-Revista de Psicoanalisis,CAS 4区
Desenvolvimento e Meio Ambiente,CAS 4区
DESIDOC Journal of Library & Information Technology,CAS 4区
Design and Culture,CAS 3区
DESIGN AUTOMATION FOR EMBEDDED SYSTEMS,CAS 4区
DESIGNED MONOMERS AND POLYMERS,CAS 4区
deSignis,CAS 4区
DESIGN ISSUES,CAS 4区
Design Journal,CAS 4区
Design Science,CAS 3区
DESIGNS CODES AND CRYPTOGRAPHY,CAS 3区
Design Studies,CAS 1区 Top
Detritus,CAS 4区
Deturope-The Central European journal of Regional Development and Tourism,CAS 4区
Deutsch als Fremdsprache-Zeitschrift zur Theorie und Praxis des Faches Deutsch als Fremdsprache,CAS 4区
DEUTSCHE ENTOMOLOGISCHE ZEITSCHRIFT,CAS 2区
DEUTSCHE MEDIZINISCHE WOCHENSCHRIFT,CAS 4区
Deutsches Arzteblatt International,CAS 2区
DEUTSCHE SPRACHE,CAS 4区
DEUTSCHE VIERTELJAHRSSCHRIFT FUR LITERATURWISSENSCHAFT UND GEISTESGESCHICHTE,CAS 2区
Deutsche Zeitschrift fur Akupunktur,CAS 4区
DEUTSCHE ZEITSCHRIFT FUR PHILOSOPHIE,CAS 4区
DEVELOPING ECONOMIES,CAS 4区
Developing World Bioethics,SSCI/SCIE/SCI
DEVELOPMENT,CAS 2区
DEVELOPMENTAL AND COMPARATIVE IMMUNOLOGY,CAS 3区
DEVELOPMENTAL BIOLOGY,CAS 3区
DEVELOPMENTAL BIOLOGY ADVANCES,Indexed
DEVELOPMENTAL CELL,CAS 1区 Top
Developmental Cognitive Neuroscience,SSCI/SCIE/SCI
DEVELOPMENTAL DYNAMICS,CAS 4区
DEVELOPMENTAL MEDICINE AND CHILD NEUROLOGY,CAS 2区
Developmental Neurobiology,CAS 4区
DEVELOPMENTAL NEUROPSYCHOLOGY,SSCI/SCIE/SCI
Developmental Neurorehabilitation,CAS 4区
DEVELOPMENTAL NEUROSCIENCE,CAS 4区
DEVELOPMENTAL PSYCHOBIOLOGY,CAS 4区
DEVELOPMENTAL PSYCHOLOGY,CAS 2区 Top
DEVELOPMENTAL REVIEW,CAS 1区 Top
DEVELOPMENTAL SCIENCE,CAS 1区 Top
DEVELOPMENT AND CHANGE,CAS 2区
DEVELOPMENT AND PSYCHOPATHOLOGY,CAS 2区
DEVELOPMENT GENES AND EVOLUTION,CAS 4区
DEVELOPMENT GROWTH & DIFFERENTIATION,CAS 4区
Development in Practice,CAS 4区
Development Policy Review,CAS 3区
Developments in the Built Environment,CAS 2区
Development Southern Africa,CAS 4区
Developpement Durable & Territoires,CAS 4区
Deviance et Societe,CAS 4区
DEVIANT BEHAVIOR,CAS 3区
Device,Indexed
Devices and Methods of Measurements,CAS 4区
DIABETES,CAS 2区 Top
DIABETES CARE,CAS 1区 Top
Diabetes Epidemiology and Management,CAS 4区
Diabetes Mellitus,CAS 4区
Diabetes Metabolic Syndrome and Obesity,CAS 3区
Diabetes & Metabolic Syndrome-Clinical Research & Reviews,CAS 3区
DIABETES & METABOLISM,CAS 2区
Diabetes & Metabolism Journal,CAS 2区
DIABETES-METABOLISM RESEARCH AND REVIEWS,CAS 3区
DIABETES OBESITY & METABOLISM,CAS 2区
DIABETES RESEARCH AND CLINICAL PRACTICE,CAS 3区
Diabetes Stoffwechsel und Herz,CAS 4区
Diabetes Technology & Therapeutics,CAS 2区
Diabetes Therapy,CAS 3区
Diabetes & Vascular Disease Research,CAS 4区
DIABETIC MEDICINE,CAS 3区
DIABETOLOGIA,CAS 1区 Top
Diabetologie,CAS 4区
Diabetologie und Stoffwechsel,CAS 4区
Diabetology,CAS 4区
Diabetology International,CAS 4区
Diabetology & Metabolic Syndrome,CAS 3区
Diachronica,SSCI/SCI/AHCI
DIACRITICS-A REVIEW OF CONTEMPORARY CRITICISM,CAS 4区
Diagnosis,CAS 4区
DIAGNOSTICA,CAS 4区
Diagnostic and Interventional Imaging,CAS 2区
Diagnostic and Interventional Radiology,CAS 4区
Diagnostic and Prognostic Research,Indexed
DIAGNOSTIC CYTOPATHOLOGY,CAS 4区
DIAGNOSTIC MICROBIOLOGY AND INFECTIOUS DISEASE,CAS 4区
Diagnostic Pathology,CAS 3区
Diagnostics,CAS 3区
DIALECTICAL ANTHROPOLOGY,CAS 4区
Dialectologia,CAS 4区
Dialectologia et Geolinguistica,SSCI/SCI/AHCI
Dialog-A Journal of Theology,CAS 4区
Dialogia,CAS 4区
Dialogica,CAS 4区
Dialogic Pedagogy,CAS 4区
Dialogo,CAS 4区
Dialogo das Letras,CAS 4区
Dialog so Vremenem-Dialogue with Time,CAS 4区
DIALOGUE-CANADIAN PHILOSOPHICAL REVIEW,CAS 4区
Dialogues in Clinical Neuroscience,CAS 2区
Dialogues in Human Geography,CAS 1区 Top
Dialogues in Philosophy Mental and Neuro Sciences,CAS 4区
Diametros,CAS 4区
DIAMOND AND RELATED MATERIALS,CAS 3区
Diasporas-Histoire et Societes,CAS 4区
Diaspora Studies,CAS 4区
DIATOM RESEARCH,CAS 3区
Dicenda-Cuadernos de Filologia Hispanica,CAS 4区
DICKENSIAN,CAS 4区
DICKENS QUARTERLY,CAS 3区
Dickens Studies Annual,CAS 4区
Didactica de las Ciencias Experimentales y Sociales,CAS 4区
Didactica-Lengua y Literatura,CAS 4区
Differences-A Journal of Feminist Cultural Studies,SSCI/SCI/AHCI
Differential and Integral Equations,CAS 3区
DIFFERENTIAL EQUATIONS,CAS 4区
Differential Equations and Dynamical Systems,CAS 4区
Differential Equations & Applications,CAS 4区
DIFFERENTIAL GEOMETRY AND ITS APPLICATIONS,CAS 4区
DIFFERENTIATION,CAS 3区
DIGESTION,CAS 4区
DIGESTIVE AND LIVER DISEASE,CAS 2区
DIGESTIVE DISEASES,CAS 4区
DIGESTIVE DISEASES AND SCIENCES,CAS 4区
Digestive Endoscopy,CAS 2区
DIGESTIVE SURGERY,CAS 4区
Digest Journal of Nanomaterials and Biostructures,CAS 4区
Digest of Middle East Studies,CAS 4区
Digital Business,Indexed
Digital Chemical Engineering,CAS 4区
Digital Communications and Networks,CAS 2区
DIGITAL CREATIVITY,CAS 3区
Digital Discovery,CAS 2区
Digital Education Review,CAS 4区
Digital Health,SSCI/SCIE/SCI
Digital Humanities Quarterly,CAS 4区
Digital Journalism,CAS 1区 Top
Digital Library Perspectives,CAS 4区
Digital Policy Regulation and Governance,CAS 4区
Digital Scholarship in the Humanities,SSCI/SCI/AHCI
DIGITAL SIGNAL PROCESSING,CAS 3区
Digital Threats: Research and Practice,Indexed
digitAR-Revista Digital de Arqueologia Arquitectura e Artes-Digital Journal of Archaeology Architecture and Arts,CAS 4区
Digithum,CAS 4区
Dimension Empresarial,CAS 4区
Dimensions of Critical Care Nursing,CAS 4区
Dinbilimleri Akademik Arastirma Dergisi-Journal of Academic Research in Religious Sciences,CAS 4区
Diplomacy & Statecraft,CAS 4区
Diplomatica,CAS 4区
DIPLOMATIC HISTORY,SSCI/SCI/AHCI
Dirasat Hispanicas-Revista Tunecina de Estudios Hispanicos,CAS 4区
Direccion y Organizacion,CAS 4区
Direito e Praxis,CAS 4区
Diritti Umani e Diritto Internazionale,CAS 4区
Disabilities,Indexed
Disability and Health Journal,SSCI/SCIE/SCI
DISABILITY AND REHABILITATION,SSCI/SCIE/SCI
Disability and Rehabilitation-Assistive Technology,CAS 4区
DISABILITY & SOCIETY,CAS 3区
Disaster Medicine and Public Health Preparedness,SSCI/SCIE/SCI
Disaster Prevention and Management,CAS 4区
DISASTERS,CAS 3区
Discourse & Communication,CAS 2区 Top
Discourse Context & Media,CAS 1区 Top
Discourse-Journal for Theoretical Studies in Media and Culture,CAS 4区
DISCOURSE PROCESSES,CAS 2区
DISCOURSE & SOCIETY,CAS 1区 Top
DISCOURSE STUDIES,CAS 2区 Top
Discourse-Studies in the Cultural Politics of Education,CAS 3区
Discours-Revue de Linguistique Psycholinguistique et Informatique,CAS 3区
Discover Applied Sciences,Indexed
Discover Computing,Indexed
DISCOVER DEVELOPMENTAL BIOLOGY,Indexed
Discover Food,Indexed
DISCOVER GENETICS AND EVOLUTION,Indexed
Discover Materials,Indexed
Discover Mental Health,Indexed
DISCOVER METALS,Indexed
Discover Nano,CAS 3区
DISCOVER NEUROSCIENCE,Indexed
Discover Oncology,CAS 4区
Discover Psychology,Indexed
Discover Public Health,Indexed
Discover Social Science and Health,Indexed
Discover Space,Indexed
Discover Sustainability,CAS 4区
Discovery Medicine,CAS 4区
Discrete Analysis,CAS 4区
DISCRETE AND CONTINUOUS DYNAMICAL SYSTEMS,CAS 3区
DISCRETE AND CONTINUOUS DYNAMICAL SYSTEMS-SERIES B,CAS 4区
Discrete and Continuous Dynamical Systems-Series S,CAS 4区
DISCRETE APPLIED MATHEMATICS,CAS 3区
DISCRETE & COMPUTATIONAL GEOMETRY,CAS 4区
DISCRETE DYNAMICS IN NATURE AND SOCIETY,CAS 4区
DISCRETE EVENT DYNAMIC SYSTEMS-THEORY AND APPLICATIONS,CAS 4区
DISCRETE MATHEMATICS,CAS 3区
Discrete Mathematics Algorithms and Applications,CAS 4区
Discrete Mathematics and Applications,CAS 4区
DISCRETE MATHEMATICS AND THEORETICAL COMPUTER SCIENCE,CAS 4区
Discrete Mathematics Letters,CAS 4区
Discrete Optimization,CAS 4区
Discussiones Mathematicae Graph Theory,CAS 4区
Disease Models & Mechanisms,CAS 3区
Diseases,CAS 4区
DISEASES OF AQUATIC ORGANISMS,CAS 4区
DISEASES OF THE COLON & RECTUM,CAS 2区
DISEASES OF THE ESOPHAGUS,CAS 4区
Disegnarecon,CAS 4区
Disegnare Idee Immagini-Ideas Images,CAS 4区
disP,CAS 4区
Disparidades-Revista de Antropologia,CAS 4区
DISPLAYS,CAS 2区
Disputatio-International Journal of Philosophy,CAS 3区
Disputatio-Philosophical Research Bulletin,CAS 4区
DISSENT,CAS 4区
Dissertationes Mathematicae,CAS 3区
DISSOLUTION TECHNOLOGIES,CAS 4区
Distance Education,CAS 2区
Distinktion-Journal of Social Theory,CAS 3区
DISTRIBUTED AND PARALLEL DATABASES,CAS 4区
DISTRIBUTED COMPUTING,CAS 4区
Diversitas-Perspectivas en Psicologia,CAS 4区
DIVERSITY AND DISTRIBUTIONS,CAS 1区 Top
Diversity-Basel,CAS 3区
Diving and Hyperbaric Medicine,CAS 4区
Dixi,CAS 4区
Dixit,CAS 4区
Dix-Neuf,CAS 3区
DIX-SEPTIEME SIECLE,CAS 4区
DM DISEASE-A-MONTH,CAS 3区
DNA AND CELL BIOLOGY,CAS 4区
DNA REPAIR,CAS 3区
DNA RESEARCH,CAS 2区
dObras,CAS 4区
Doctor Virtualis-Rivista di Storia della Filosofia Medievale,CAS 4区
Documentacion de las Ciencias de la Informacion,CAS 4区
Documenta et Instrumenta,CAS 3区
Documenta Mathematica,CAS 2区
DOCUMENTA OPHTHALMOLOGICA,CAS 4区
Documentation et Bibliotheques,CAS 4区
Documenti e Studi sulla Tradizione Filosofica Medievale,CAS 4区
Documenti Geografici,CAS 4区
Documents d Analisi Geografica,CAS 4区
Doklady Biochemistry and Biophysics,CAS 4区
DOKLADY CHEMISTRY,CAS 4区
DOKLADY EARTH SCIENCES,CAS 4区
DOKLADY MATHEMATICS,CAS 4区
DOKLADY NATSIONALNOI AKADEMII NAUK BELARUSI,CAS 4区
DOKLADY PHYSICAL CHEMISTRY,CAS 4区
DOKLADY PHYSICS,CAS 4区
Dolomites Research Notes on Approximation,CAS 4区
DOMESTIC ANIMAL ENDOCRINOLOGY,CAS 2区
Dose-Response,CAS 4区
DOWN BEAT,CAS 4区
Downside Review,CAS 4区
Doxa Comunicacion,CAS 4区
Doxa-Cuadernos de Filosofia y Derecho,CAS 4区
Drama Therapy Review,CAS 3区
DREAMING,CAS 4区
Dress-The Journal of the Costume Society of America,CAS 3区
Drevnyaya Rus-Voprosy Medievistiki,CAS 3区
Drewno,CAS 4区
Droit et Cultures,CAS 4区
Drones,CAS 3区
Drone Systems and Applications,CAS 4区
Droplet,Indexed
DRUG AND ALCOHOL DEPENDENCE,SSCI/SCIE/SCI
Drug and Alcohol Dependence Reports,CAS 4区
DRUG AND ALCOHOL REVIEW,CAS 3区
DRUG AND CHEMICAL TOXICOLOGY,CAS 4区
DRUG DELIVERY,CAS 2区
Drug Delivery and Translational Research,CAS 3区
Drug Design Development and Therapy,CAS 2区
DRUG DEVELOPMENT AND INDUSTRIAL PHARMACY,CAS 4区
DRUG DEVELOPMENT RESEARCH,CAS 3区
Drug Discoveries and Therapeutics,CAS 4区
DRUG DISCOVERY TODAY,CAS 2区
Drug Healthcare and Patient Safety,CAS 3区
DRUG METABOLISM AND DISPOSITION,CAS 2区
Drug Metabolism and Pharmacokinetics,CAS 4区
DRUG METABOLISM REVIEWS,CAS 3区
Drug Research,CAS 4区
DRUG RESISTANCE UPDATES,CAS 1区 Top
DRUGS,CAS 1区 Top
DRUG SAFETY,CAS 2区
DRUGS & AGING,CAS 3区
DRUGS-EDUCATION PREVENTION AND POLICY,CAS 4区
Drugs Habits and Social Policy,CAS 4区
Drugs in Context,Indexed
DRUGS IN R&D,CAS 4区
Drugs-Real World Outcomes,CAS 4区
DRUGS & THERAPY PERSPECTIVES,CAS 4区
Drug Target Insights,CAS 4区
Drug Testing and Analysis,CAS 3区
DRUSTVENA ISTRAZIVANJA,CAS 4区
Drvna Industrija,CAS 4区
DRYING TECHNOLOGY,CAS 3区
Du,Indexed
Duazary,CAS 4区
Dubai Medical Journal,CAS 4区
Du Bois Review-Social Science Research on Race,CAS 3区
DUKE LAW JOURNAL,CAS 2区
DUKE MATHEMATICAL JOURNAL,CAS 1区 Top
Dusunen Adam-Journal of Psychiatry and Neurological Sciences,CAS 4区
Dutch Crossing-Journal of Low Countries Studies,SSCI/SCI/AHCI
Dutch Journal of Applied Linguistics,CAS 4区
Duzce Medical Journal,Indexed
DYES AND PIGMENTS,CAS 2区
Dyna,CAS 4区
DYNAMICAL SYSTEMS-AN INTERNATIONAL JOURNAL,CAS 4区
Dynamic Games and Applications,CAS 4区
Dynamics,Indexed
Dynamics of Asymmetric Conflict,Indexed
DYNAMICS OF ATMOSPHERES AND OCEANS,CAS 4区
Dynamics of Partial Differential Equations,CAS 3区
Dynamis,SSCI/SCIE/SCI/AHCI
DYSLEXIA,CAS 3区
DYSPHAGIA,CAS 3区
EAI Endorsed Transactions on Scalable Information Systems,CAS 4区
EAR AND HEARING,CAS 2区
EARI-Educacion Artistica-Revista de Investigacion,CAS 4区
EARLY AMERICAN LITERATURE,CAS 3区
Early American Studies-An Interdisciplinary Journal,CAS 4区
Early Child Development and Care,CAS 4区
Early Childhood Education Journal,CAS 3区
EARLY CHILDHOOD RESEARCH QUARTERLY,CAS 1区 Top
Early China,CAS 4区
Early Christianity,CAS 3区
Early Education and Development,CAS 3区
EARLY HUMAN DEVELOPMENT,CAS 3区
Early Intervention in Psychiatry,SSCI/SCIE/SCI
Early Medieval China,CAS 3区
Early Medieval Europe,CAS 1区 Top
Early Modern French Studies,CAS 3区
Early Modern Women-An Interdisciplinary Journal,CAS 4区
EARLY MUSIC,CAS 1区 Top
EARLY MUSIC HISTORY,CAS 2区
Early Popular Visual Culture,CAS 3区
Early Science and Medicine,SCIE/SCI/AHCI
Early Theatre,CAS 3区
Early Years,CAS 4区
EARTH,CAS 4区
Earth and Environmental Science Transactions of the Royal Society of Edinburgh,CAS 4区
Earth and Planetary Physics,CAS 3区
EARTH AND PLANETARY SCIENCE LETTERS,CAS 1区 Top
Earth and Space Science,CAS 3区
Earth Interactions,CAS 4区
EARTH MOON AND PLANETS,CAS 4区
EARTH PLANETS AND SPACE,CAS 3区
Earthquake Engineering and Engineering Vibration,CAS 2区
Earthquake Engineering and Resilience,Indexed
EARTHQUAKE ENGINEERING & STRUCTURAL DYNAMICS,CAS 2区
EARTHQUAKE RESEARCH ADVANCES,Indexed
Earthquakes and Structures,CAS 4区
Earthquake Science,CAS 3区
EARTHQUAKE SPECTRA,CAS 3区
Earth Science Informatics,CAS 3区
EARTH-SCIENCE REVIEWS,CAS 1区 Top
EARTH SCIENCES HISTORY,SSCI/SCIE/SCI
Earth Sciences Research Journal,CAS 4区
Earths Future,CAS 1区 Top
Earth Surface Dynamics,CAS 3区
EARTH SURFACE PROCESSES AND LANDFORMS,CAS 3区
Earth System Dynamics,CAS 2区
Earth System Governance,CAS 1区 Top
Earth Systems and Environment,CAS 3区
Earth System Science Data,CAS 1区 Top
East Asia,CAS 3区
East Asian Economic Review,CAS 4区
East Asian Journal on Applied Mathematics,CAS 4区
East Asian Policy,CAS 4区
East Asian Pragmatics,CAS 4区
East Asian Publishing and Society,CAS 3区
East Asian Science Technology and Society-An International Journal,SSCI/SCI/AHCI
East Central Europe,CAS 4区
Eastern African Literary and Cultural Studies,CAS 3区
EASTERN BUDDHIST,CAS 4区
Eastern Economic Journal,CAS 4区
Eastern European Countryside,CAS 4区
EASTERN EUROPEAN ECONOMICS,CAS 4区
EASTERN EUROPEAN SCREEN STUDIES,Indexed
Eastern Journal of European Studies,CAS 4区
EASTERN MEDITERRANEAN HEALTH JOURNAL,SSCI/SCIE/SCI
East European Jewish Affairs,CAS 4区
East European Journal of Physics,CAS 4区
East European Politics,CAS 2区
EAST EUROPEAN POLITICS AND SOCIETIES,CAS 4区
Eating and Weight Disorders-Studies on Anorexia Bulimia and Obesity,CAS 3区
Eating Behaviors,CAS 4区
Eating Disorders,SSCI/SCIE/SCI
E-Balonmano com,CAS 4区
EBioMedicine,CAS 1区 Top
eCancerMedicalScience,CAS 4区
Ecclesial Practices,Indexed
Ecclesiastical Law Journal,CAS 4区
Ecclesiology,CAS 2区
Eccos-Revista Cientifica,CAS 4区
ECHOCARDIOGRAPHY-A JOURNAL OF CARDIOVASCULAR ULTRASOUND AND ALLIED TECHNIQUES,CAS 4区
Echo Research and Practice,CAS 3区
E-Ciencias de la Informacion,CAS 4区
EClinicalMedicine,CAS 1区 Top
ECNU Review of Education,CAS 4区
Eco-Engineering,Indexed
Eco-Environment & Health,Indexed
ECOGRAPHY,CAS 1区 Top
EcoHealth,CAS 3区
Ecohydrology,CAS 3区
ECOHYDROLOGY & HYDROBIOLOGY,CAS 4区
Ecologia Aplicada,CAS 4区
ECOLOGICAL AND EVOLUTIONARY PHYSIOLOGY,Indexed
ECOLOGICAL APPLICATIONS,CAS 2区 Top
Ecological Chemistry and Engineering S-Chemia I Inzynieria Ekologiczna S,CAS 4区
Ecological Complexity,CAS 3区
ECOLOGICAL ECONOMICS,SSCI/SCIE/SCI
ECOLOGICAL ENGINEERING,CAS 2区
ECOLOGICAL ENTOMOLOGY,CAS 2区
Ecological Frontiers,CAS 3区
Ecological Indicators,CAS 1区 Top
Ecological Informatics,CAS 2区
ECOLOGICAL MANAGEMENT & RESTORATION,CAS 4区
ECOLOGICAL MODELLING,CAS 3区
ECOLOGICAL MONOGRAPHS,CAS 2区
Ecological Processes,CAS 2区
ECOLOGICAL PSYCHOLOGY,CAS 3区
Ecological Questions,CAS 4区
ECOLOGICAL RESEARCH,CAS 4区
Ecological Restoration,CAS 4区
Ecological Solutions and Evidence,CAS 3区
Ecologies,CAS 4区
ECOLOGY,CAS 2区 Top
Ecology and Evolution,CAS 2区
ECOLOGY AND SOCIETY,SSCI/SCIE/SCI
ECOLOGY LAW QUARTERLY,CAS 4区
ECOLOGY LETTERS,CAS 1区 Top
ECOLOGY OF FOOD AND NUTRITION,CAS 4区
ECOLOGY OF FRESHWATER FISH,CAS 3区
EcoMat,CAS 2区
Eco mont-Journal on Protected Mountain Areas Research,CAS 4区
Econ Journal Watch,CAS 4区
ECONOMETRICA,SSCI/SCIE/SCI
Econometric Reviews,SSCI/SCIE/SCI
Econometrics,CAS 4区
Econometrics and Statistics,CAS 4区
Econometrics Journal,SSCI/SCIE/SCI
ECONOMETRIC THEORY,SSCI/SCIE/SCI
Economia Agraria y Recursos Naturales,CAS 4区
Economia Agro-alimentare,Indexed
Economia-Journal of the Latin American and Caribbean Economic Association,CAS 4区
Economia Politica,CAS 3区
Economia Sociedad y Territorio,CAS 4区
ECONOMICA,CAS 3区
ECONOMIC AFFAIRS,CAS 4区
Economic Analysis and Policy,CAS 2区 Top
Economic and Environmental Geology,CAS 4区
ECONOMIC AND INDUSTRIAL DEMOCRACY,CAS 4区
Economic and Labour Relations Review,CAS 3区
Economic and Political Studies-EPS,CAS 3区
Economic and Social Changes-Facts Trends Forecast,CAS 4区
ECONOMIC AND SOCIAL REVIEW,CAS 4区
Economic Annals-XXI,CAS 4区
Economic Anthropology,CAS 3区
ECONOMIC BOTANY,CAS 3区
Economic Change and Restructuring,CAS 4区
Economic Computation and Economic Cybernetics Studies and Research,SSCI/SCIE/SCI
ECONOMIC DEVELOPMENT AND CULTURAL CHANGE,CAS 3区
ECONOMIC DEVELOPMENT QUARTERLY,CAS 4区
ECONOMIC GEOGRAPHY,CAS 1区 Top
ECONOMIC GEOLOGY,CAS 1区 Top
Economic History of Developing Regions,CAS 3区
ECONOMIC HISTORY REVIEW,SSCI/SCI/AHCI
ECONOMIC INQUIRY,CAS 3区
Economic Issues,CAS 4区
ECONOMIC JOURNAL,CAS 2区 Top
Economic Journal of Emerging Markets,CAS 4区
ECONOMIC MODELLING,CAS 2区
Economic Notes,CAS 4区
Economic Papers,CAS 4区
ECONOMIC POLICY,CAS 2区
ECONOMIC RECORD,CAS 4区
Economics and Business Letters,CAS 4区
Economics and Business Review,CAS 4区
Economics and Environment,Indexed
Economics and Finance Letters,CAS 4区
ECONOMICS AND PHILOSOPHY,CAS 2区
Economics Bulletin,CAS 4区
Economics Ecology Socium,CAS 4区
Economics & Human Biology,SSCI/SCIE/SCI
ECONOMICS LETTERS,CAS 4区
ECONOMICS OF EDUCATION REVIEW,CAS 3区
Economics of Energy & Environmental Policy,CAS 4区
Economics of Governance,CAS 4区
Economics of Innovation and New Technology,CAS 3区
Economics of Peace and Security Journal,CAS 3区
Economics of Transition and Institutional Change,CAS 4区
Economics of Transportation,CAS 3区
Economics & Politics,CAS 3区
Economics & Sociology,CAS 3区
Economics-The Open Access Open-Assessment E-Journal,CAS 4区
Economic Systems,CAS 3区
Economic Systems Research,CAS 4区
ECONOMIC THEORY,CAS 3区
Economic Theory Bulletin,CAS 4区
Economies,CAS 3区
ECONOMIST-NETHERLANDS,CAS 4区
Economists Voice,CAS 4区
ECONOMY AND SOCIETY,CAS 2区
Economy of Region,CAS 4区
Ecopsychology,CAS 3区
ECOSCIENCE,CAS 4区
ECOS-Estudos Contemporaneos da Subjetividade,CAS 4区
Ecosistemas,CAS 4区
Ecosistemas y Recursos Agropecuarios,CAS 4区
Ecosphere,CAS 3区
Ecosystem Health and Sustainability,CAS 2区
ECOSYSTEMS,CAS 3区
Ecosystems and People,CAS 2区
Ecosystem Services,SSCI/SCIE/SCI
ECOTOXICOLOGY,CAS 4区
ECOTOXICOLOGY AND ENVIRONMENTAL SAFETY,CAS 2区
ECS Journal of Solid State Science and Technology,CAS 4区
EC Tax Review,CAS 4区
ECUMENICAL REVIEW,CAS 4区
Ecumenica-Performance and Religion,CAS 4区
Edad Media-Revista de Historia,CAS 4区
Edgar Allan Poe Review,CAS 3区
Edinburgh Law Review,CAS 4区
Edith Wharton Review,CAS 4区
Edma 0-6-Educacion Matematica en la Infancia,CAS 4区
EDMETIC,CAS 4区
Educacao,CAS 4区
Educacao & Formacao,CAS 4区
Educacao por Escrito,CAS 4区
Educacion Fisica y Ciencia,CAS 4区
Educacion Fisica y Deporte,CAS 4区
Educacion XX1,CAS 2区
Educade-Revista de Educacion en Contabilidad Finanzas y Administracion de Empresas,Indexed
Educar,CAS 4区
Educar em Revista,CAS 4区
Education 3-13,CAS 4区
Educational Action Research,CAS 4区
EDUCATIONAL ADMINISTRATION QUARTERLY,CAS 2区
Educational and Developmental Psychologist,CAS 4区
EDUCATIONAL AND PSYCHOLOGICAL MEASUREMENT,SSCI/SCIE/SCI
Educational Assessment,CAS 3区
Educational Assessment Evaluation and Accountability,CAS 2区
EDUCATIONAL EVALUATION AND POLICY ANALYSIS,CAS 2区
EDUCATIONAL FORUM,CAS 4区
EDUCATIONAL GERONTOLOGY,CAS 4区
EDUCATIONAL LEADERSHIP,CAS 4区
Educational Management Administration & Leadership,CAS 3区
Educational Measurement-Issues and Practice,CAS 4区
Educational Media International,CAS 4区
Educational Philosophy and Theory,CAS 4区
EDUCATIONAL POLICY,CAS 3区
EDUCATIONAL PSYCHOLOGIST,CAS 1区 Top
Educational Psychology,CAS 2区
Educational Psychology in Practice,CAS 4区
EDUCATIONAL PSYCHOLOGY REVIEW,CAS 1区 Top
EDUCATIONAL RESEARCH,CAS 3区
Educational Research and Evaluation,CAS 3区
Educational Researcher,CAS 1区 Top
Educational Research for Policy and Practice,CAS 4区
Educational Research for Social Change,CAS 4区
Educational Research Review,CAS 1区 Top
EDUCATIONAL REVIEW,CAS 2区
EDUCATIONAL STUDIES,CAS 4区
Educational Studies-AESA,CAS 3区
Educational Studies in Mathematics,CAS 2区 Top
EDUCATIONAL TECHNOLOGY & SOCIETY,CAS 2区
EDUCATIONAL THEORY,CAS 4区
Education and Information Technologies,CAS 2区
Education and Training,CAS 3区
Education and Training in Autism and Developmental Disabilities,CAS 4区
Education and Treatment of Children,CAS 4区
EDUCATION AND URBAN SOCIETY,CAS 4区
Education as Change,CAS 4区
Education Citizenship and Social Justice,CAS 4区
Education Economics,Indexed
Education et Francophonie,CAS 4区
Education Finance and Policy,CAS 3区
Education for Chemical Engineers,CAS 3区
Education for Health,CAS 4区
EDUCATION FOR INFORMATION,CAS 4区
Education for Primary Care,CAS 4区
Education Inquiry,CAS 3区
Education in the Knowledge Society,CAS 4区
Education Policy Analysis Archives,CAS 4区
Education Sciences,CAS 3区
Educatio Siglo XXI,CAS 4区
Eduweb-Revista de Tecnologia de Informacion y Comunicacion en Educacion,CAS 4区
EES Catalysis,Indexed
Eesti ja Soome-Ugri Keeleteaduse Ajakiri-Journal of Estonian and Finno-Ugric Linguistics,CAS 3区
eFood,CAS 3区
EFORT Open Reviews,CAS 2区
EFSA Journal,CAS 4区
EGA-Revista de Expresion Grafica Arquitectonica,CAS 4区
EGASTROENTEROLOGY,Indexed
EGE ACADEMIC REVIEW,CAS 4区
EGE-Revista de Expresion Grafica en la Edificacion,CAS 4区
Egitim ve Bilim-Education and Science,CAS 4区
E&G Quaternary Science Journal,CAS 3区
Egyptian Heart Journal,CAS 4区
Egyptian Informatics Journal,CAS 2区
Egyptian Journal of Agronomy,CAS 4区
EGYPTIAN JOURNAL OF ANAESTHESIA,CAS 4区
Egyptian Journal of Aquatic Research,CAS 3区
Egyptian Journal of Archaeological and Restoration Studies,CAS 4区
Egyptian Journal of Biological Pest Control,CAS 3区
Egyptian Journal of Botany,CAS 4区
Egyptian Journal of Bronchology,CAS 4区
EGYPTIAN JOURNAL OF CHEMISTRY,CAS 4区
Egyptian Journal of Chest Diseases and Tuberculosis,CAS 4区
Egyptian Journal of Critical Care Medicine,CAS 4区
Egyptian Journal of Dermatology and Venereology,CAS 4区
Egyptian Journal of Forensic Sciences,CAS 4区
Egyptian Journal of Haematology,CAS 4区
Egyptian Journal of Internal Medicine,CAS 4区
Egyptian Journal of Medical Human Genetics,CAS 4区
Egyptian Journal of Neurology Psychiatry and Neurosurgery,CAS 4区
Egyptian Journal of Neurosurgery,CAS 4区
Egyptian Journal of Otolaryngology,CAS 4区
Egyptian Journal of Pediatric Allergy and Immunology,CAS 4区
Egyptian Journal of Radiology and Nuclear Medicine,CAS 4区
Egyptian Journal of Remote Sensing and Space Sciences,CAS 3区
EGYPTIAN JOURNAL OF SOIL SCIENCE,CAS 4区
Egyptian Journal of Surgery,CAS 4区
EGYPTIAN JOURNAL OF VETERINARY SCIENCE,CAS 4区
Egyptian Liver Journal,CAS 4区
Egyptian Pediatric Association Gazette,CAS 4区
Egyptian Pharmaceutical Journal,CAS 4区
Egyptian Rheumatologist,CAS 4区
Egyptian Rheumatology and Rehabilitation,CAS 4区
Eidola-International Journal of Classical Art History,CAS 3区
Eidos-A Journal for Philosophy of Culture,Indexed
Eighteenth-Century Fiction,CAS 2区
EIGHTEENTH-CENTURY LIFE,CAS 4区
Eighteenth-Century Music,CAS 3区
EIGHTEENTH-CENTURY STUDIES,CAS 3区
EIGHTEENTH CENTURY-THEORY AND INTERPRETATION,Indexed
Eikasia-Revista de Filosofia,CAS 4区
Eikasmos-Quaderni Bolognesi di Filologia Classica,CAS 4区
Eikon Imago,CAS 2区
e-Informatica Software Engineering Journal,CAS 4区
Einstein-Sao Paulo,CAS 4区
EIRE-IRELAND,CAS 4区
Eirene-Studia Graeca et Latina,CAS 4区
Eixo e a Roda-Revista de Literatura Brasileira,CAS 4区
eJHaem,Indexed
EJNMMI Physics,CAS 2区
EJNMMI Radiopharmacy and Chemistry,CAS 3区
EJNMMI Reports,Indexed
EJNMMI Research,CAS 3区
E-Journal of International and Comparative Labour Studies,CAS 4区
e-Journal of Surface Science and Nanotechnology,CAS 4区
EJournal of Tax Research,CAS 4区
EJSO,CAS 2区
EJVES Vascular Forum,CAS 4区
Ekoist-Journal of Econometrics and Statistics,Indexed
Ekonomia i Prawo-Economics and Law,CAS 4区
Ekonomia i Srodowisko-Economics and Environment,CAS 4区
Ekonomicheskaya politika,CAS 4区
EKONOMICKY CASOPIS,CAS 4区
Ekonomika i Matematiceskie Metody-Economics and Mathematical Methods,CAS 4区
Ekonomika Poljoprivreda-Economics of Agriculture,CAS 4区
Ekonomi Politika & Finans Arastirmalari Dergisi,Indexed
Ekonomista,CAS 4区
Ekonomska Misao i Praksa-Economic Thought and Practice,CAS 4区
Ekonomski Pregled,CAS 4区
Ekonomski Vjesnik,CAS 4区
Ekphrasis-Images Cinema Theory Media,CAS 3区
Eksperimentalnaya Psikhologiya,CAS 4区
Eksploatacja i Niezawodnosc-Maintenance and Reliability,CAS 3区
Eksplorium-Buletin Pusat Teknologi Bahan Galian Nuklir,CAS 4区
Elastomers and Composites,CAS 4区
E-Latina-Revista Electronica de Estudios Latinoamericanos,CAS 4区
E-Learning and Digital Media,CAS 3区
Election Law Journal,CAS 3区
ELECTORAL STUDIES,CAS 2区
Electrica,CAS 4区
Electrical Control and Communication Engineering,CAS 4区
ELECTRICAL ENGINEERING,CAS 4区
Electrical Engineering & Electromechanics,CAS 4区
ELECTRICAL ENGINEERING IN JAPAN,CAS 4区
Electricity,Indexed
ELECTRICITY JOURNAL,Indexed
ELECTRIC POWER COMPONENTS AND SYSTEMS,CAS 4区
ELECTRIC POWER SYSTEMS RESEARCH,CAS 3区
ELECTROANALYSIS,CAS 4区
Electrocatalysis,CAS 4区
Electrochemical Energy Reviews,CAS 1区 Top
Electrochemical Science Advances,CAS 4区
Electrochemical Society Interface,CAS 4区
ELECTROCHEMISTRY,CAS 4区
ELECTROCHEMISTRY COMMUNICATIONS,CAS 3区
ELECTROCHIMICA ACTA,CAS 2区
ELECTROMAGNETIC BIOLOGY AND MEDICINE,CAS 4区
ELECTROMAGNETICS,CAS 4区
ELECTRON,Indexed
Electronic Commerce Research,CAS 4区
Electronic Commerce Research and Applications,SSCI/SCIE/SCI
ELECTRONIC COMMUNICATIONS IN PROBABILITY,CAS 4区
Electronic Government- an International Journal,Indexed
Electronic Journal of Applied Statistical Analysis,CAS 4区
ELECTRONIC JOURNAL OF BIOTECHNOLOGY,CAS 4区
ELECTRONIC JOURNAL OF COMBINATORICS,CAS 3区
Electronic Journal of Differential Equations,CAS 4区
Electronic Journal of e-Learning,CAS 4区
Electronic Journal of General Medicine,CAS 4区
Electronic Journal of Graph Theory and Applications,CAS 4区
Electronic Journal of Information Systems in Developing Countries,CAS 4区
Electronic Journal of Linear Algebra,CAS 4区
ELECTRONIC JOURNAL OF PROBABILITY,CAS 2区
Electronic Journal of Qualitative Theory of Differential Equations,CAS 4区
Electronic Journal of Research in Educational Psychology,CAS 4区
Electronic Journal of Statistics,CAS 4区
Electronic Journal of Structural Engineering,CAS 4区
ELECTRONIC LIBRARY,CAS 4区
Electronic Markets,CAS 3区
Electronic Materials Letters,CAS 4区
Electronic News,CAS 4区
Electronic Research Archive,CAS 4区
Electronics,CAS 4区
Electronics and Communications in Japan,CAS 4区
ELECTRONICS LETTERS,CAS 4区
Electronic Structure,CAS 3区
ELECTRONIC TRANSACTIONS ON NUMERICAL ANALYSIS,CAS 4区
ELECTROPHORESIS,CAS 3区
e-Legal History Review,CAS 4区
Elektronika Ir Elektrotechnika,CAS 4区
Elektrotechnik und Informationstechnik,CAS 4区
Elektrotehniski Vestnik,CAS 4区
ELEMENTARY SCHOOL JOURNAL,CAS 4区
Elementa-Science of the Anthropocene,CAS 3区
Elemente der Mathematik,CAS 4区
Elements,CAS 4区
Eleuthera,CAS 4区
ELH,CAS 3区
ELIA-Estudios de Linguistica Inglesa Aplicada,CAS 4区
eLife,CAS 1区 Top
eLight,CAS 1区 Top
Elos-Revista de Literatura Infantil e Xuvenil,CAS 4区
ELT Journal,SSCI/SCI/AHCI
Emakeele Seltsi Aastaraamat-The Yearbook of the Estonian Mother Tongue Society,CAS 4区
EMBO JOURNAL,CAS 1区 Top
EMBO Molecular Medicine,CAS 1区 Top
EMBO REPORTS,CAS 1区 Top
E & M Ekonomie a Management,CAS 4区
E-Mentor,CAS 4区
Emergencias,CAS 2区
EMERGENCY AND CRITICAL CARE MEDICINE,Indexed
Emergency Care Journal,CAS 4区
Emergency Medicine Australasia,CAS 4区
EMERGENCY MEDICINE CLINICS OF NORTH AMERICA,CAS 4区
Emergency Medicine International,CAS 4区
EMERGENCY MEDICINE JOURNAL,CAS 3区
Emergency Radiology,CAS 4区
Emergent Materials,CAS 4区
Emerging Adulthood,CAS 3区
Emerging Contaminants,CAS 2区
EMERGING INFECTIOUS DISEASES,CAS 2区 Top
EMERGING MARKETS FINANCE AND TRADE,CAS 3区
Emerging Markets Review,CAS 2区 Top
Emerging Materials Research,CAS 4区
Emerging Microbes & Infections,CAS 1区 Top
Emerging Themes in Epidemiology,CAS 3区
Emerging Topics in Life Sciences,CAS 3区
Emerita,CAS 3区
Emily Dickinson Journal,CAS 3区
Eminak,CAS 4区
Emirates Journal of Food and Agriculture,CAS 4区
Emission Control Science and Technology,CAS 4区
EMITTER-International Journal of Engineering Technology,CAS 4区
EMOTION,CAS 2区 Top
EMOTIONAL AND BEHAVIOURAL DIFFICULTIES,CAS 4区
Emotion Review,CAS 3区
Emotions and Society,CAS 3区
Emotions-History Culture Society,CAS 3区
Emotion Space and Society,CAS 2区
Empedocles-European Journal for the Philosophy of Communication,CAS 4区
Empiria,CAS 4区
Empirica,CAS 3区
Empirical Economics,CAS 4区
Empirical Musicology Review,CAS 2区 Top
Empirical Research in Vocational Education and Training,CAS 3区
EMPIRICAL SOFTWARE ENGINEERING,CAS 2区
Empirical Studies of the Arts,SSCI/SCI/AHCI
EMPLOYEE RELATIONS,CAS 4区
Employee Responsibilities and Rights Journal,CAS 4区
Em Questao,CAS 4区
EMS Surveys in Mathematical Sciences,CAS 3区
Emu-Austral Ornithology,CAS 4区
En Blanco-Revista de Arquitectura,CAS 4区
ENCEPHALE-REVUE DE PSYCHIATRIE CLINIQUE BIOLOGIQUE ET THERAPEUTIQUE,CAS 4区
Encontros Bibli-Revista Eletronica de Biblioteconomia e Ciencia da Informacao,CAS 4区
Encounters in Theory and History of Education,CAS 4区
Encrucijada Americana,CAS 4区
Encrucijadas-Revista Critica de Ciencias Sociales,CAS 4区
Encuentro-Revista de Investigacion e Innovacion en la Clase de Idiomas,CAS 4区
Endangered Species Research,CAS 3区
ENDEAVOUR,CAS 4区
ENDOCRINE,CAS 3区
Endocrine Connections,CAS 3区
ENDOCRINE JOURNAL,CAS 4区
Endocrine Metabolic & Immune Disorders-Drug Targets,CAS 4区
ENDOCRINE PATHOLOGY,CAS 1区 Top
Endocrine Practice,CAS 3区
ENDOCRINE-RELATED CANCER,CAS 2区
ENDOCRINE RESEARCH,CAS 4区
ENDOCRINE REVIEWS,CAS 1区 Top
Endocrinologia Diabetes y Nutricion,CAS 4区
ENDOCRINOLOGY,CAS 3区
Endocrinology and Metabolism,CAS 2区
ENDOCRINOLOGY AND METABOLISM CLINICS OF NORTH AMERICA,CAS 2区
Endocrinology Diabetes and Metabolism Case Reports,CAS 4区
Endocrinology Diabetes & Metabolism,CAS 4区
ENDOCRINOLOGY INSIGHTS,Indexed
Endocrinology Research and Practice,CAS 4区
Endokrynologia Polska,CAS 4区
Endoscopic Ultrasound,CAS 1区 Top
ENDOSCOPY,CAS 1区 Top
Endoscopy International Open,CAS 3区
Endoxa-Series Filosoficas,CAS 4区
Energetic Materials Frontiers,CAS 2区
Energies,CAS 4区
Energy,CAS 1区 Top
Energy Advances,CAS 4区
Energy and AI,CAS 2区
ENERGY AND BUILDINGS,CAS 2区 Top
ENERGY AND BUILT ENVIRONMENT,Indexed
Energy and Climate Change,CAS 3区
EnergyChem,CAS 1区 Top
ENERGY CONVERSION AND MANAGEMENT,CAS 1区 Top
Energy Conversion and Management-X,CAS 2区
Energy Ecology and Environment,CAS 3区
Energy Economics,CAS 1区 Top
Energy Efficiency,SSCI/SCIE/SCI
Energy & Environment,CAS 4区
Energy & Environmental Materials,CAS 1区 Top
Energy & Environmental Science,CAS 1区 Top
ENERGY EXPLORATION & EXPLOITATION,CAS 4区
Energy for Sustainable Development,CAS 3区
ENERGY & FUELS,CAS 3区
Energy Geoscience,CAS 4区
ENERGY JOURNAL,SSCI/SCIE/SCI
Energy Material Advances,CAS 1区 Top
Energy Materials,CAS 2区
Energy Nexus,CAS 2区
Energy Policy,SSCI/SCIE/SCI
Energy Reports,CAS 3区
Energy Research & Social Science,CAS 2区
Energy Science & Engineering,CAS 4区
Energy Sources Part A-Recovery Utilization and Environmental Effects,CAS 4区
Energy Sources Part B-Economics Planning and Policy,CAS 4区
Energy Storage,CAS 4区
Energy Storage Materials,CAS 1区 Top
Energy Strategy Reviews,CAS 2区
Energy Sustainability and Society,CAS 2区
Energy Systems-Optimization Modeling Simulation and Economic Aspects,CAS 4区
Energy Technology,CAS 4区
eNeuro,CAS 3区
Eneurobiologia,CAS 4区
Enfance,CAS 4区
ENFERMEDADES INFECCIOSAS Y MICROBIOLOGIA CLINICA,CAS 4区
Enfermeria Clinica,CAS 4区
Enfermeria Intensiva,CAS 4区
Enfoque UTE,CAS 4区
Eng,Indexed
Engaging Science Technology and Society,CAS 4区
Engenharia Agricola,CAS 4区
Engenharia Sanitaria e Ambiental,CAS 4区
Engineered Science,CAS 1区 Top
Engineering,CAS 2区
ENGINEERING AGRICULTURE,Indexed
ENGINEERING ANALYSIS WITH BOUNDARY ELEMENTS,CAS 2区
ENGINEERING APPLICATIONS OF ARTIFICIAL INTELLIGENCE,CAS 1区 Top
Engineering Applications of Computational Fluid Mechanics,CAS 1区 Top
ENGINEERING CHEMICAL ENGINEERING,Indexed
ENGINEERING COMPUTATIONS,CAS 4区
Engineering Construction and Architectural Management,SSCI/SCIE/SCI
ENGINEERING ECONOMIST,SSCI/SCIE/SCI
ENGINEERING ENERGY,Indexed
ENGINEERING ENVIRONMENT,Indexed
Engineering Failure Analysis,CAS 2区
ENGINEERING FRACTURE MECHANICS,CAS 2区
ENGINEERING GEOLOGY,CAS 1区 Top
ENGINEERING INFORMATION TECHNOLOGY & ELECTRONIC ENGINEERING,Indexed
ENGINEERING IN LIFE SCIENCES,CAS 3区
ENGINEERING JOURNAL-AMERICAN INSTITUTE OF STEEL CONSTRUCTION,CAS 4区
Engineering Journal-Thailand,CAS 4区
Engineering Letters,CAS 4区
ENGINEERING MANAGEMENT,Indexed
Engineering Management Journal,SSCI/SCIE/SCI
ENGINEERING MECHANICAL ENGINEERING,Indexed
ENGINEERING MICROBIOLOGY,Indexed
ENGINEERING OPTIMIZATION,CAS 4区
Engineering Reports,CAS 4区
ENGINEERING RESEARCH,Indexed
Engineering Research Express,CAS 4区
Engineering Review,CAS 4区
Engineering Science and Technology-An International Journal-JESTECH,CAS 2区
ENGINEERING STRUCTURE AND CIVIL ENGINEERING,Indexed
ENGINEERING STRUCTURES,CAS 1区 Top
Engineering Studies,SSCI/SCIE/SCI
Engineering Technologies and Systems,CAS 4区
Engineering Transactions,Indexed
ENGINEERING WITH COMPUTERS,CAS 2区 Top
Engineer-Journal of the Institution of Engineers Sri Lanka,CAS 4区
ENGLISH,CAS 3区
English Academy Review-Southern African Journal of English Studies,CAS 3区
ENGLISH FOR SPECIFIC PURPOSES,CAS 1区 Top
ENGLISH HISTORICAL REVIEW,SSCI/SCI/AHCI
ENGLISH IN AFRICA,CAS 3区
English in Australia,CAS 4区
English in Education,CAS 4区
English Language & Linguistics,SSCI/SCI/AHCI
ENGLISH LANGUAGE NOTES,CAS 4区
ENGLISH LITERARY RENAISSANCE,CAS 2区
ENGLISH STUDIES,CAS 3区
English Studies at NBU,CAS 4区
ENGLISH STUDIES IN AFRICA,CAS 3区
English Teaching and Learning,CAS 3区
English Teaching-Practice and Critique,SSCI/SCI/AHCI
English Text Construction,CAS 4区
English Today,SSCI/SCI/AHCI
English World-Wide,SSCI/SCI/AHCI
Enrahonar-Quaderns de Filosofia,CAS 4区
Ensayos-Revista de la Facultad de Educacion de Albacete,CAS 4区
Enseignement Mathematique,CAS 4区
Ensenanza de Las Ciencias,CAS 4区
ENT-EAR NOSE & THROAT JOURNAL,CAS 4区
Enterprise Information Systems,CAS 3区
Enterprise Modelling and Information Systems Architectures-An International Journal,CAS 3区
ENTERPRISE & SOCIETY,CAS 3区
Entertainment Computing,CAS 3区
Enthymema-International Journal of Literary Criticism Literary Theory and Philosophy of Literature,CAS 4区
ENTOMOLOGIA EXPERIMENTALIS ET APPLICATA,CAS 3区
ENTOMOLOGIA GENERALIS,CAS 1区 Top
Entomologica Americana,CAS 4区
ENTOMOLOGICAL NEWS,CAS 4区
ENTOMOLOGICAL RESEARCH,CAS 4区
ENTOMOLOGICAL SCIENCE,CAS 4区
Entorno Geografico,CAS 4区
ENTRE CIENCIA E INGENIERIA,CAS 4区
Entrepalavras,CAS 4区
Entrepreneurial Business and Economics Review,CAS 3区
ENTREPRENEURSHIP AND REGIONAL DEVELOPMENT,CAS 2区
Entrepreneurship and Sustainability Issues,CAS 4区
Entrepreneurship Research Journal,CAS 4区
ENTREPRENEURSHIP THEORY AND PRACTICE,CAS 2区
Entropy,CAS 3区
ENT Updates,CAS 4区
Enunciacion,CAS 4区
ENVIRONMENT,SSCI/SCIE/SCI
Environmental and Climate Technologies,CAS 4区
ENVIRONMENTAL AND ECOLOGICAL STATISTICS,CAS 4区
ENVIRONMENTAL AND EXPERIMENTAL BOTANY,CAS 2区
ENVIRONMENTAL AND MOLECULAR MUTAGENESIS,CAS 4区
Environmental and Planning Law Journal,CAS 4区
Environmental and Sustainability Indicators,CAS 2区
ENVIRONMENTAL ARCHAEOLOGY,SCIE/SCI/AHCI
ENVIRONMENTAL BIOLOGY OF FISHES,CAS 4区
Environmental Chemistry,CAS 4区
Environmental Chemistry and Ecotoxicology,CAS 1区 Top
Environmental Chemistry Letters,CAS 2区
Environmental Communication-A Journal of Nature and Culture,CAS 3区
ENVIRONMENTAL CONSERVATION,CAS 4区
Environmental Data Science,Indexed
Environmental Development,CAS 2区
Environmental DNA,Indexed
Environmental Earth Sciences,CAS 3区
Environmental Economics,Indexed
Environmental Economics and Policy Studies,CAS 4区
Environmental Education Research,CAS 3区
Environmental Engineering and Management Journal,CAS 4区
ENVIRONMENTAL & ENGINEERING GEOSCIENCE,CAS 4区
Environmental Engineering Research,CAS 4区
ENVIRONMENTAL ENGINEERING SCIENCE,CAS 4区
ENVIRONMENTAL ENTOMOLOGY,CAS 3区
Environmental Epidemiology,CAS 4区
Environmental Epigenetics,CAS 2区
ENVIRONMENTAL ETHICS,CAS 2区
Environmental Evidence,CAS 3区
ENVIRONMENTAL FLUID MECHANICS,CAS 3区
ENVIRONMENTAL FORENSICS,CAS 4区
ENVIRONMENTAL GEOCHEMISTRY AND HEALTH,CAS 4区
Environmental Geotechnics,CAS 4区
Environmental Hazards-Human and Policy Dimensions,CAS 4区
Environmental Health,CAS 2区
Environmental Health and Preventive Medicine,SSCI/SCIE/SCI
Environmental Health Engineering and Management Journal,CAS 4区
Environmental Health Insights,CAS 4区
ENVIRONMENTAL HEALTH PERSPECTIVES,CAS 1区 Top
ENVIRONMENTAL HISTORY,SSCI/SCI/AHCI
Environmental Humanities,CAS 2区
Environmental Impact Assessment Review,CAS 1区 Top
Environmental Innovation and Societal Transitions,SSCI/SCIE/SCI
Environmental Justice,CAS 4区
ENVIRONMENTAL MANAGEMENT,CAS 3区
ENVIRONMENTAL MICROBIOLOGY,CAS 2区
Environmental Microbiology Reports,CAS 3区
Environmental Microbiome,CAS 2区
ENVIRONMENTAL MODELING & ASSESSMENT,CAS 4区
ENVIRONMENTAL MODELLING & SOFTWARE,CAS 2区
ENVIRONMENTAL MONITORING AND ASSESSMENT,CAS 4区
Environmental Policy and Governance,CAS 3区
ENVIRONMENTAL POLITICS,CAS 1区 Top
Environmental Pollutants and Bioavailability,CAS 4区
ENVIRONMENTAL POLLUTION,CAS 2区
Environmental Processes-An International Journal,CAS 3区
Environmental Progress & Sustainable Energy,CAS 4区
ENVIRONMENTAL QUALITY MANAGEMENT,CAS 4区
ENVIRONMENTAL RESEARCH,CAS 2区
Environmental Research-Climate,Indexed
Environmental Research Communications,CAS 4区
Environmental Research: Infrastructure and Sustainability,CAS 4区
Environmental Research Letters,CAS 2区
ENVIRONMENTAL & RESOURCE ECONOMICS,CAS 3区
ENVIRONMENTAL REVIEWS,CAS 2区
Environmental Science-Advances,CAS 4区
Environmental Science and Ecotechnology,CAS 1区 Top
Environmental Science and Technology,CAS 1区 Top
Environmental Science-Atmospheres,CAS 3区
Environmental Science-Nano,CAS 3区
ENVIRONMENTAL SCIENCE & POLICY,CAS 2区
Environmental Science-Processes & Impacts,CAS 3区
Environmental Sciences Europe,CAS 3区
Environmental Science & Technology Letters,CAS 2区
Environmental Science-Water Research & Technology,CAS 4区
Environmental & Socio-Economic Studies,CAS 4区
Environmental Sociology,CAS 3区
Environmental Sustainability,CAS 4区
Environmental Systems Research,Indexed
ENVIRONMENTAL TECHNOLOGY,CAS 4区
Environmental Technology & Innovation,CAS 2区
ENVIRONMENTAL TOXICOLOGY,CAS 3区
ENVIRONMENTAL TOXICOLOGY AND CHEMISTRY,CAS 4区
Environmental Toxicology and Pharmacology,CAS 3区
ENVIRONMENTAL VALUES,CAS 1区 Top
ENVIRONMENT AND BEHAVIOR,CAS 2区
ENVIRONMENT AND DEVELOPMENT ECONOMICS,CAS 4区
ENVIRONMENT AND HISTORY,SSCI/SCI/AHCI
Environment and Planning A-Economy and Space,CAS 1区 Top
Environment and Planning B-Urban Analytics and City Science,CAS 3区
Environment and Planning C-Politics and Space,CAS 2区
ENVIRONMENT AND PLANNING D-SOCIETY & SPACE,CAS 1区 Top
Environment and Planning E-Nature and Space,CAS 2区
Environment and Society-Advances in Research,CAS 2区
ENVIRONMENT AND URBANIZATION,CAS 3区
Environment and Urbanization ASIA,CAS 4区
ENVIRONMENT DEVELOPMENT AND SUSTAINABILITY,CAS 3区
Environment & Health,Indexed
ENVIRONMENT INTERNATIONAL,CAS 1区 Top
Environment Protection Engineering,CAS 4区
Environments,CAS 4区
ENVIRONMETRICS,CAS 3区
Environnement Risques & Sante,CAS 4区
ENZYME AND MICROBIAL TECHNOLOGY,CAS 3区
Epekeina-International Journal of Ontology History and Critics,CAS 4区
Ephemerides Theologicae Lovanienses,CAS 3区
Epidemics,CAS 3区
Epidemiologia,Indexed
Epidemiologia e Servicos de Saude,CAS 4区
Epidemiologia & Prevenzione,SSCI/SCIE/SCI
EPIDEMIOLOGIC REVIEWS,CAS 2区
EPIDEMIOLOGIE MIKROBIOLOGIE IMUNOLOGIE,CAS 4区
EPIDEMIOLOGY,SSCI/SCIE/SCI
Epidemiology and Health,CAS 4区
EPIDEMIOLOGY AND INFECTION,CAS 4区
Epidemiology and Psychiatric Sciences,SSCI/SCIE/SCI
Epigenetics,CAS 3区
Epigenetics & Chromatin,CAS 2区
Epigenetics Insights,CAS 4区
Epigenomes,CAS 4区
Epigenomics,CAS 4区
Epijournal de Geometrie Algebrique,CAS 2区
EPILEPSIA,CAS 1区 Top
Epilepsia Open,CAS 3区
EPILEPSY & BEHAVIOR,CAS 3区
Epilepsy & Behavior Reports,CAS 4区
Epilepsy Currents,CAS 3区
EPILEPSY RESEARCH,CAS 4区
EPILEPTIC DISORDERS,CAS 4区
EPISODES,CAS 4区
Episteme-A Journal of Individual and Social Epistemology,CAS 1区 Top
Epistemology & Philosophy of Science-Epistemologiya i Filosofiya Nauki,CAS 4区
Epitoanyag-Journal of Silicate Based and Composite Materials,CAS 4区
EPJ Applied Metamaterials,CAS 4区
EPJ Data Science,SSCI/SCIE/SCI
EPJ Nuclear Sciences & Technologies,CAS 4区
EPJ Photovoltaics,CAS 4区
EPJ Quantum Technology,CAS 2区
EPJ Techniques and Instrumentation,CAS 4区
EPL,CAS 4区
EPMA Journal,CAS 2区
Epohi,CAS 4区
E-POLYMERS,CAS 3区
Eptic,CAS 4区
EQA-International Journal of Environmental Quality,CAS 4区
Equality Diversity and Inclusion,CAS 4区
Equidad & Desarrollo,CAS 4区
Equilibrium-Quarterly Journal of Economics and Economic Policy,CAS 2区
EQUINE VETERINARY EDUCATION,CAS 4区
EQUINE VETERINARY JOURNAL,CAS 2区
Equity & Excellence in Education,CAS 3区
Eras,CAS 4区
Erasmo-Revista de Historia Bajomedieval y Moderna,CAS 4区
Erasmus Studies,CAS 3区
ERCIM News,CAS 4区
ERDE,SSCI/SCIE/SCI
Erdkunde,SSCI/SCIE/SCI
Ergo-An Open Access Journal of Philosophy,CAS 3区
ERGODIC THEORY AND DYNAMICAL SYSTEMS,CAS 3区
ERGONOMICS,SSCI/SCIE/SCI
Ergonomics in Design,CAS 4区
Eria-Revista cuatrimestral de Geografia,CAS 4区
ERJ Open Research,CAS 2区
ERKENNTNIS,CAS 2区
Ermeneutica Letteraria-Rivista Internazionale,CAS 4区
ERNAHRUNGS UMSCHAU,CAS 4区
e-rph-Revista electronica de Patrimonio Historico,CAS 4区
Erudition and the Republic of Letters,CAS 3区
Erwerbs-Obstbau,CAS 4区
ESAIM-CONTROL OPTIMISATION AND CALCULUS OF VARIATIONS,CAS 3区
ESAIM-Mathematical Modelling and Numerical Analysis,CAS 3区
ESAIM-Probability and Statistics,CAS 4区
ESC Heart Failure,CAS 3区
eScience,CAS 1区 Top
E-Scrita-Revista do Curso de Letras da UNIABEU,CAS 4区
Escritura e Imagen,CAS 4区
ES Energy and Environment,Indexed
Esercizi Filosofici,CAS 4区
ES Food and Agroforestry,CAS 2区
ESIC Market,CAS 4区
Eskisehir Osmangazi Universitesi IIBF Dergisi-Eskisehir Osmangazi University Journal of Economics and Administrative Sciences,CAS 4区
Eskiyeni,CAS 4区
ES Materials and Manufacturing,CAS 2区
ESMO Open,CAS 1区 Top
Esophagus,CAS 3区
Espace Politique,CAS 4区
Espaces-Populations-Societes,CAS 4区
Espacio Abierto,CAS 4区
Espacios en Blanco-Serie Indagaciones,CAS 4区
Espacio Tiempo y Educacion,CAS 4区
Espacio Tiempo y Forma-Serie III-Historia Medieval,CAS 4区
Espacio Tiempo y Forma Serie VII-Historia del Arte,CAS 3区
Espana Medieval,CAS 3区
E-Spania-Revue Electronique d etudes Hispaniques Medievales,CAS 4区
ESPES-The Slovak Journal of Aesthetics,CAS 4区
Espiral-Cuadernos del Profesorado,CAS 4区
Espiritu,CAS 4区
ESPRIT,CAS 4区
ESPRIT CREATEUR,CAS 4区
ESP Today-Journal of English for Specific Purposes at Tertiary Level,CAS 2区
ESQ-A Journal of Nineteenth-Century American Literature and Culture,CAS 4区
Essays in Biochemistry,CAS 2区
ESSAYS IN CRITICISM,CAS 3区
Essays in French Literature and Culture,CAS 4区
Estetika-The European Journal of Aesthetics,CAS 1区 Top
Estoa-Revista de la Facultad de Arquitectura y Urbanismo de la Universidad de Cuenca,CAS 4区
Estonian Journal of Archaeology,CAS 2区
Estonian Journal of Earth Sciences,CAS 4区
ESTRENO-CUADERNOS DEL TEATRO ESPANOL CONTEMPORANEO,CAS 4区
Estuaries and Coasts,CAS 3区
ESTUARINE COASTAL AND SHELF SCIENCE,CAS 3区
Estudios Atacamenos,SSCI/SCI/AHCI
Estudios Avanzados,CAS 4区
Estudios-Centro de Estudios Avanzados-Universidad Nacional de Cordoba,CAS 4区
Estudios de Asia y Africa,CAS 4区
Estudios de Cultura Maya,CAS 4区
Estudios de Derecho,CAS 4区
Estudios de Economia,CAS 4区
Estudios de Historia de Espana,CAS 4区
Estudios de Historia Moderna y Contemporanea de Mexico,CAS 4区
Estudios de Historia Novohispana,CAS 4区
Estudios del Desarrollo Social-Cuba y America Latina,CAS 4区
Estudios del Habitat,CAS 4区
Estudios de Linguistica-Universidad de Alicante-ELUA,CAS 4区
Estudios de Literatura Colombiana,CAS 4区
Estudios Demograficos y Urbanos,CAS 4区
Estudios de Teoria Literaria-Revista Digital-Artes Letras Humanidades,CAS 4区
Estudios de Traduccion,CAS 3区
ESTUDIOS FILOLOGICOS,SSCI/SCI/AHCI
Estudios Fronterizos,CAS 4区
Estudios Geograficos,CAS 4区
ESTUDIOS GEOLOGICOS-MADRID,CAS 4区
Estudios Gerenciales,CAS 4区
Estudios Historicos,CAS 4区
Estudios Irlandeses,CAS 4区
Estudios Romanicos,CAS 3区
Estudios Sobre Educacion,CAS 4区
Estudios Sociales-Revista Universitaria Semestral,CAS 4区
Estudios Socioterritoriales,CAS 4区
Estudos de Linguistica Galega,CAS 4区
Estudos de Literatura Brasileira Contemporanea,CAS 3区
Estudos de Religiao,CAS 4区
Estudos Historicos,CAS 4区
ESTUDOS IBERO-AMERICANOS,CAS 4区
Estudos Kantianos,CAS 4区
Estudos Teologicos,CAS 4区
ETD Educacao Tematica Digital,CAS 4区
Ethical Perspectives,SSCI/SCI/AHCI
Ethical Theory and Moral Practice,CAS 2区
ETHICS,SSCI/SCI/AHCI
Ethics and Education,CAS 4区
Ethics and Information Technology,SSCI/SCI/AHCI
Ethics and Social Welfare,CAS 4区
Ethics and the Environment,CAS 4区
ETHICS & BEHAVIOR,CAS 3区
Ethics & Bioethics,CAS 2区
Ethics & Global Politics,CAS 3区
Ethics & International Affairs,CAS 2区
Ethics Policy & Environment,CAS 4区
Ethik in der Medizin,CAS 4区
Ethiopian Journal of Health Development,SSCI/SCIE/SCI
Ethiopian Journal of Health Sciences,CAS 4区
ETHNIC AND RACIAL STUDIES,CAS 2区 Top
Ethnicities,CAS 2区
ETHNICITY & DISEASE,CAS 3区
ETHNICITY & HEALTH,SSCI/SCIE/SCI
Ethnoarchaeology,CAS 1区 Top
Ethnobiology and Conservation,CAS 4区
Ethnobiology Letters,CAS 4区
ETHNOBOTANY AND ECONOMIC BOTANY,Indexed
Ethnography,CAS 4区
Ethnography and Education,CAS 3区
ETHNOHISTORY,SSCI/SCI/AHCI
Ethnologia Scandinavica,CAS 4区
Ethnologies,CAS 4区
ETHNOMUSICOLOGY,CAS 2区
Ethnomusicology Forum,CAS 3区
Ethnopolitics,CAS 3区
Ethnorema,CAS 4区
ETHNOS,CAS 3区
ETHOLOGY,CAS 4区
ETHOLOGY ECOLOGY & EVOLUTION,CAS 4区
ETHOS,CAS 4区
Etica & Cine,CAS 4区
Etica & Politica,CAS 4区
Etic net-Revista Cientifica Electronica de Educacion y Comunicacion en la Sociedad del Conocimiento,CAS 4区
Etikk i Praksis,SSCI/SCI/AHCI
Etikonomi,CAS 4区
Etnoantropoloski Problemi-Issues in Ethnology and Anthropology,CAS 4区
Etnoloska Tribina,CAS 4区
eTransportation,CAS 1区 Top
ETR&D-EDUCATIONAL TECHNOLOGY RESEARCH AND DEVELOPMENT,CAS 3区
ETRI JOURNAL,CAS 4区
ETUDES ANGLAISES,CAS 4区
ETUDES CLASSIQUES,Indexed
Etudes Episteme,CAS 4区
ETUDES FRANCAISES,CAS 4区
ETUDES GERMANIQUES,CAS 4区
ETUDES INTERNATIONALES,CAS 4区
Etudes Inuit Studies,CAS 4区
ETUDES LITTERAIRES,CAS 4区
ETUDES PHILOSOPHIQUES,CAS 4区
Etudes Ricoeuriennes-Ricoeur Studies,CAS 4区
Etudes Romanes de Brno,CAS 4区
ETUDES THEOLOGIQUES ET RELIGIEUSES,CAS 4区
Eugene O Neill Review,CAS 3区
EUPHORION-ZEITSCHRIFT FUR LITERATURGESCHICHTE,CAS 3区
Euphrosyne-Revista de Filologia Classica,CAS 3区
EUPHYTICA,CAS 3区
EurAmerica,CAS 4区
Eurasian Business Review,CAS 2区
Eurasian Chemico-Technological Journal,CAS 4区
Eurasian Economic Review,CAS 3区
EURASIAN GEOGRAPHY AND ECONOMICS,CAS 3区
Eurasian Journal of Chemistry,CAS 4区
Eurasian Journal of Emergency Medicine,CAS 4区
Eurasian Journal of Mathematical and Computer Applications,CAS 4区
Eurasian Journal of Medicine,CAS 4区
Eurasian Journal of Medicine and Oncology,CAS 4区
Eurasian Journal of Pulmonology,CAS 4区
Eurasian Mathematical Journal,CAS 4区
Eurasian Mining,CAS 4区
EURASIAN SOIL SCIENCE,CAS 4区
EURASIP Journal on Advances in Signal Processing,CAS 4区
EURASIP Journal on Audio Speech and Music Processing,CAS 4区
EURASIP Journal on Image and Video Processing,CAS 4区
EURASIP Journal on Information Security,CAS 4区
EURASIP Journal on Wireless Communications and Networking,CAS 4区
Eureka-Revista Cientifica de Psicologia,CAS 4区
EURE-REVISTA LATINOAMERICANA DE ESTUDIOS URBANO REGIONALES,CAS 4区
EuroBiotech Journal,CAS 4区
EuroChoices,CAS 4区
EuroIntervention,CAS 1区 Top
EURO Journal on Computational Optimization,CAS 4区
EURO Journal on Decision Processes,CAS 4区
EURO Journal on Transportation and Logistics,CAS 3区
Euro-Mediterranean Journal for Environmental Integration,CAS 4区
EuroMed Journal of Business,CAS 3区
EUROPACE,CAS 1区 Top
European Accounting Review,CAS 4区
European Actuarial Journal,CAS 4区
EUROPEAN ADDICTION RESEARCH,SSCI/SCIE/SCI
European Annals of Allergy and Clinical Immunology,CAS 4区
European Annals of Otorhinolaryngology-Head and Neck Diseases,CAS 4区
EUROPEAN ARCHIVES OF OTO-RHINO-LARYNGOLOGY,CAS 3区
European Archives of Paediatric Dentistry,CAS 3区
EUROPEAN ARCHIVES OF PSYCHIATRY AND CLINICAL NEUROSCIENCE,CAS 2区
European Biophysics Journal,Indexed
EUROPEAN BIOPHYSICS JOURNAL WITH BIOPHYSICS LETTERS,CAS 4区
European Burn Journal,CAS 4区
European Business Organization Law Review,CAS 3区
European Business Review,CAS 3区
European Cardiology Review,CAS 3区
EUROPEAN CELLS & MATERIALS,CAS 2区
EUROPEAN CHILD & ADOLESCENT PSYCHIATRY,SSCI/SCIE/SCI
European Clinical Respiratory Journal,CAS 4区
European Comic Art,CAS 3区
European Company and Financial Law Review,CAS 4区
European Company Law,CAS 4区
European Constitutional Law Review,CAS 2区
European Convention on Human Rights Law Review,Indexed
European Countryside,CAS 4区
EUROPEAN CYTOKINE NETWORK,CAS 4区
European Early Childhood Education Research Journal,CAS 4区
EUROPEAN EATING DISORDERS REVIEW,CAS 2区
EUROPEAN ECONOMIC REVIEW,CAS 2区
European Education,CAS 4区
European Educational Research Journal,CAS 2区
European Endodontic Journal,CAS 4区
European Financial Management,CAS 4区
EUROPEAN FOOD RESEARCH AND TECHNOLOGY,CAS 3区
European Geriatric Medicine,CAS 3区
EUROPEAN HEART JOURNAL,CAS 1区 Top
European Heart Journal-Acute Cardiovascular Care,CAS 2区
European Heart Journal-Cardiovascular Imaging,CAS 1区 Top
European Heart Journal-Cardiovascular Pharmacotherapy,CAS 2区
European Heart Journal-Case Reports,CAS 4区
European Heart Journal - Digital Health,CAS 3区
European Heart Journal-Quality of Care and Clinical Outcomes,CAS 2区
EUROPEAN HEART JOURNAL SUPPLEMENTS,CAS 4区
EUROPEAN HISTORY QUARTERLY,SSCI/SCI/AHCI
European Integration Studies,CAS 4区
European Journal for Philosophy of Science,SCIE/SCI/AHCI
European Journal for Research on the Education and Learning of Adults,CAS 4区
European Journal for Sport and Society,CAS 3区
European Journal of Ageing,CAS 2区
EUROPEAN JOURNAL OF AGRONOMY,CAS 1区 Top
European Journal of American Studies,CAS 4区
EUROPEAN JOURNAL OF ANAESTHESIOLOGY,CAS 2区
European Journal of Analytic Philosophy,CAS 4区
European Journal of Anatomy,CAS 4区
European Journal of Applied Linguistics,CAS 3区
EUROPEAN JOURNAL OF APPLIED MATHEMATICS,CAS 4区
EUROPEAN JOURNAL OF APPLIED PHYSIOLOGY,CAS 3区
European Journal of Archaeology,CAS 2区
European Journal of Breast Health,CAS 4区
EUROPEAN JOURNAL OF CANCER,CAS 1区 Top
EUROPEAN JOURNAL OF CANCER CARE,SSCI/SCIE/SCI
EUROPEAN JOURNAL OF CANCER PREVENTION,CAS 4区
EUROPEAN JOURNAL OF CARDIO-THORACIC SURGERY,CAS 2区
European Journal of Cardiovascular Nursing,SSCI/SCIE/SCI
EUROPEAN JOURNAL OF CELL BIOLOGY,CAS 2区
EUROPEAN JOURNAL OF CLINICAL INVESTIGATION,CAS 3区
EUROPEAN JOURNAL OF CLINICAL MICROBIOLOGY & INFECTIOUS DISEASES,CAS 3区
EUROPEAN JOURNAL OF CLINICAL NUTRITION,CAS 3区
EUROPEAN JOURNAL OF CLINICAL PHARMACOLOGY,CAS 4区
EUROPEAN JOURNAL OF COMBINATORICS,CAS 2区
EUROPEAN JOURNAL OF COMMUNICATION,CAS 2区
European Journal of Comparative Economics,CAS 4区
European Journal of Comparative Law and Governance,CAS 4区
European Journal of Computational Mechanics,CAS 4区
European Journal of Contemporary Education,CAS 4区
EUROPEAN JOURNAL OF CONTRACEPTION AND REPRODUCTIVE HEALTH CARE,CAS 4区
EUROPEAN JOURNAL OF CONTROL,CAS 4区
European Journal of Crime Criminal Law and Criminal Justice,CAS 4区
European Journal of Criminology,CAS 3区
European Journal of Cultural Management and Policy,CAS 4区
European Journal of Cultural Studies,SSCI/SCI/AHCI
European Journal of Dental Education,CAS 4区
European Journal of Dentistry,Indexed
EUROPEAN JOURNAL OF DERMATOLOGY,CAS 4区
European Journal of Developmental Psychology,CAS 3区
European Journal of Development Research,CAS 3区
EUROPEAN JOURNAL OF DRUG METABOLISM AND PHARMACOKINETICS,CAS 4区
European Journal of East Asian Studies,Indexed
European Journal of Economics and Economic Policies-Intervention,CAS 4区
European Journal of Education,CAS 2区
European Journal of Education and Psychology,CAS 4区
European Journal of Emergency Medicine,CAS 3区
EUROPEAN JOURNAL OF ENDOCRINOLOGY,CAS 2区 Top
European Journal of Engineering Education,CAS 4区
European Journal of English Studies,SSCI/SCI/AHCI
EUROPEAN JOURNAL OF ENTOMOLOGY,CAS 4区
European Journal of Environmental and Civil Engineering,CAS 4区
European Journal of Environmental Sciences,CAS 4区
EUROPEAN JOURNAL OF EPIDEMIOLOGY,CAS 2区
European Journal of Family Business,Indexed
European Journal of Finance,CAS 4区
EUROPEAN JOURNAL OF FOREST RESEARCH,CAS 2区
European Journal of Futures Research,CAS 2区
EUROPEAN JOURNAL OF GASTROENTEROLOGY & HEPATOLOGY,CAS 4区
European Journal of General Practice,CAS 3区
European Journal of Geriatrics and Gerontology,CAS 4区
EUROPEAN JOURNAL OF GYNAECOLOGICAL ONCOLOGY,CAS 4区
EUROPEAN JOURNAL OF HAEMATOLOGY,CAS 4区
European Journal of Health Economics,CAS 3区
EUROPEAN JOURNAL OF HEALTH LAW,CAS 4区
European Journal of Health Psychology,CAS 4区
EUROPEAN JOURNAL OF HEART FAILURE,CAS 1区 Top
European Journal of Higher Education,CAS 2区
EUROPEAN JOURNAL OF HISTOCHEMISTRY,CAS 4区
EUROPEAN JOURNAL OF HORTICULTURAL SCIENCE,CAS 4区
European Journal of Hospital Pharmacy,CAS 4区
EUROPEAN JOURNAL OF HUMAN GENETICS,CAS 2区
European Journal of Human Movement,CAS 4区
European Journal of Hybrid Imaging,CAS 4区
EUROPEAN JOURNAL OF IMMUNOLOGY,CAS 3区
European Journal of Industrial Engineering,CAS 4区
EUROPEAN JOURNAL OF INDUSTRIAL RELATIONS,CAS 3区
European Journal of Inflammation,CAS 4区
EUROPEAN JOURNAL OF INFORMATION SYSTEMS,SSCI/SCIE/SCI
European Journal of Innovation Management,CAS 3区
EUROPEAN JOURNAL OF INORGANIC CHEMISTRY,CAS 4区
European Journal of Integrative Medicine,CAS 4区
European Journal of Internal Medicine,CAS 2区
European Journal of International Law,CAS 2区
European Journal of International Management,CAS 4区
EUROPEAN JOURNAL OF INTERNATIONAL RELATIONS,CAS 1区 Top
European Journal of International Security,CAS 1区 Top
European Journal of Investigation in Health Psychology and Education,CAS 3区
European Journal of Jewish Studies,CAS 3区
European Journal of Korean Studies,CAS 4区
European Journal of Law and Economics,CAS 4区
European Journal of Legal Studies,CAS 4区
EUROPEAN JOURNAL OF LIPID SCIENCE AND TECHNOLOGY,CAS 4区
European Journal of Management and Business Economics,CAS 3区
EUROPEAN JOURNAL OF MARKETING,CAS 3区
EUROPEAN JOURNAL OF MASS SPECTROMETRY,CAS 4区
European Journal of Mathematics,CAS 4区
EUROPEAN JOURNAL OF MECHANICS A-SOLIDS,CAS 2区
EUROPEAN JOURNAL OF MECHANICS B-FLUIDS,CAS 3区
European Journal of Media Art and Photography,CAS 3区
European Journal of Medical Genetics,CAS 4区
EUROPEAN JOURNAL OF MEDICAL RESEARCH,CAS 3区
EUROPEAN JOURNAL OF MEDICINAL CHEMISTRY,CAS 2区
European Journal of Medicinal Chemistry Reports,CAS 3区
European Journal of Mental Health,CAS 4区
European Journal of Microbiology and Immunology,CAS 3区
European Journal of Midwifery,CAS 4区
EUROPEAN JOURNAL OF MIGRATION AND LAW,CAS 2区
EUROPEAN JOURNAL OF MINERALOGY,CAS 3区
EUROPEAN JOURNAL OF NEUROLOGY,CAS 2区
EUROPEAN JOURNAL OF NEUROSCIENCE,CAS 4区
EUROPEAN JOURNAL OF NUCLEAR MEDICINE AND MOLECULAR IMAGING,CAS 1区 Top
EUROPEAN JOURNAL OF NUTRITION,CAS 2区
European Journal of Obstetrics & Gynecology and Reproductive Biology,CAS 3区
European Journal of Obstetrics & Gynecology and Reproductive Biology-X,CAS 4区
European Journal of Oncology Nursing,SSCI/SCIE/SCI
EUROPEAN JOURNAL OF OPERATIONAL RESEARCH,CAS 2区
EUROPEAN JOURNAL OF OPHTHALMOLOGY,CAS 4区
EUROPEAN JOURNAL OF ORAL SCIENCES,CAS 4区
EUROPEAN JOURNAL OF ORGANIC CHEMISTRY,CAS 4区
EUROPEAN JOURNAL OF ORTHODONTICS,CAS 2区
European Journal of Orthopaedic Surgery and Traumatology,CAS 4区
European Journal of Paediatric Dentistry,CAS 2区
EUROPEAN JOURNAL OF PAEDIATRIC NEUROLOGY,CAS 3区
EUROPEAN JOURNAL OF PAIN,CAS 2区
EUROPEAN JOURNAL OF PEDIATRICS,CAS 3区
EUROPEAN JOURNAL OF PEDIATRIC SURGERY,CAS 4区
European Journal of Pediatric Surgery Reports,CAS 4区
EUROPEAN JOURNAL OF PERSONALITY,CAS 1区 Top
EUROPEAN JOURNAL OF PHARMACEUTICAL SCIENCES,CAS 3区
EUROPEAN JOURNAL OF PHARMACEUTICS AND BIOPHARMACEUTICS,CAS 3区
European Journal of Pharmacology,CAS 3区
EUROPEAN JOURNAL OF PHILOSOPHY,CAS 2区
EUROPEAN JOURNAL OF PHYCOLOGY,CAS 3区
European Journal of Physical and Rehabilitation Medicine,CAS 3区
EUROPEAN JOURNAL OF PHYSICS,CAS 4区
European Journal of Physiotherapy,CAS 4区
EUROPEAN JOURNAL OF PLANT PATHOLOGY,CAS 4区
EUROPEAN JOURNAL OF PLASTIC SURGERY,CAS 4区
European Journal of Political Economy,CAS 2区
EUROPEAN JOURNAL OF POLITICAL RESEARCH,CAS 1区 Top
European Journal of Political Theory,CAS 2区
European Journal of Politics and Gender,CAS 2区
European Journal of Population-Revue Europeenne de Demographie,CAS 2区
European Journal of Pragmatism and American Philosophy,CAS 4区
European Journal of Preventive Cardiology,CAS 1区 Top
European Journal of Probation,CAS 4区
European Journal of Prosthodontics and Restorative Dentistry,CAS 4区
EUROPEAN JOURNAL OF PROTISTOLOGY,CAS 3区
EUROPEAN JOURNAL OF PSYCHIATRY,CAS 4区
EUROPEAN JOURNAL OF PSYCHOLOGICAL ASSESSMENT,CAS 3区
European Journal of Psychology Applied to Legal Context,CAS 1区 Top
EUROPEAN JOURNAL OF PSYCHOLOGY OF EDUCATION,CAS 3区
European Journal of Psychology Open,CAS 4区
European Journal of Psychotherapy & Counselling,CAS 4区
European Journal of Psychotraumatology,CAS 2区
EUROPEAN JOURNAL OF PUBLIC HEALTH,SSCI/SCIE/SCI
European Journal of Pure and Applied Mathematics,CAS 4区
EUROPEAN JOURNAL OF RADIOLOGY,CAS 2区
European Journal of Radiology Open,CAS 4区
European Journal of Remote Sensing,CAS 3区
European Journal of Rheumatology,CAS 4区
European Journal of Risk Regulation,CAS 4区
European Journal of Scandinavian Studies,CAS 4区
European Journal of Science and Theology,CAS 4区
EUROPEAN JOURNAL OF SOCIAL PSYCHOLOGY,CAS 2区
European Journal of Social Security,CAS 4区
European Journal of Social Theory,CAS 2区
European Journal of Social Work,CAS 3区
European Journal of Sociology-Archives Europeennes de Sociologie,Indexed
EUROPEAN JOURNAL OF SOIL BIOLOGY,CAS 2区
EUROPEAN JOURNAL OF SOIL SCIENCE,CAS 2区
European Journal of Special Needs Education,CAS 3区
European Journal of Sport Science,CAS 3区
European Journal of Sustainable Development,CAS 4区
European Journal of Taxonomy,CAS 3区
European Journal of Teacher Education,CAS 2区
European Journal of the History of Economic Thought,CAS 4区
European Journal of Therapeutics,CAS 4区
European Journal of Tourism Hospitality and Recreation,CAS 4区
European Journal of Tourism Research,CAS 4区
European Journal of Training and Development,CAS 4区
European Journal of Transformation Studies,CAS 4区
European Journal of Translational Myology,CAS 4区
European Journal of Transport and Infrastructure Research,CAS 4区
European Journal of Trauma and Emergency Surgery,CAS 3区
European Journal of Trauma & Dissociation,CAS 4区
EUROPEAN JOURNAL OF VASCULAR AND ENDOVASCULAR SURGERY,CAS 1区 Top
EUROPEAN JOURNAL OF WILDLIFE RESEARCH,CAS 3区
EUROPEAN JOURNAL OF WOMENS STUDIES,CAS 3区
European Journal of Wood and Wood Products,CAS 3区
European Journal of Work and Organizational Psychology,CAS 2区
EUROPEAN JOURNAL ON ARTIFICIAL INTELLIGENCE,Indexed
European Journal on Criminal Policy and Research,CAS 3区
European Judaism-A Journal for the New Europe,CAS 4区
European Labour Law Journal,CAS 4区
European Law Journal,CAS 3区
European Law Review,CAS 4区
European Legacy-Toward New Paradigms,CAS 4区
European Management Journal,CAS 2区
European Management Review,CAS 3区
European Management Studies,CAS 4区
EUROPEAN NEUROLOGY,CAS 4区
EUROPEAN NEUROPSYCHOPHARMACOLOGY,CAS 2区
European Oral Research,CAS 4区
European Physical Education Review,CAS 1区 Top
EUROPEAN PHYSICAL JOURNAL A,CAS 3区
EUROPEAN PHYSICAL JOURNAL-APPLIED PHYSICS,CAS 4区
EUROPEAN PHYSICAL JOURNAL B,CAS 4区
EUROPEAN PHYSICAL JOURNAL C,CAS 2区
EUROPEAN PHYSICAL JOURNAL D,CAS 4区
EUROPEAN PHYSICAL JOURNAL E,CAS 4区
European Physical Journal H,CAS 4区
European Physical Journal Plus,CAS 3区
European Physical Journal-Special Topics,CAS 3区
EUROPEAN PLANNING STUDIES,CAS 3区
European Policy Analysis,CAS 2区
European Political Science,CAS 4区
European Political Science Review,CAS 1区 Top
EUROPEAN POLYMER JOURNAL,CAS 2区
European Poultry Science,CAS 4区
EUROPEAN PSYCHIATRY,SSCI/SCIE/SCI
EUROPEAN PSYCHOLOGIST,CAS 3区
European Public Law,CAS 4区
EUROPEAN RADIOLOGY,CAS 2区 Top
European Radiology Experimental,CAS 2区
European Research on Management and Business Economics,CAS 2区
EUROPEAN RESPIRATORY JOURNAL,CAS 1区 Top
European Respiratory Review,CAS 1区 Top
European Review,CAS 4区
European Review of Aging and Physical Activity,CAS 3区
EUROPEAN REVIEW OF AGRICULTURAL ECONOMICS,SSCI/SCIE/SCI
EUROPEAN REVIEW OF APPLIED PSYCHOLOGY-REVUE EUROPEENNE DE PSYCHOLOGIE APPLIQUEE,CAS 4区
European Review of Economic History,CAS 2区
European Review of History-Revue Europeenne d Histoire,CAS 2区
European Review of International Studies,CAS 4区
European Review of Private Law,CAS 4区
European Review of Social Psychology,CAS 1区 Top
European Romantic Review,CAS 3区
European Security,CAS 1区 Top
EUROPEAN SOCIETIES,CAS 2区
EUROPEAN SOCIOLOGICAL REVIEW,CAS 1区 Top
European Spatial Research and Policy,CAS 4区
EUROPEAN SPINE JOURNAL,CAS 3区
European Sport Management Quarterly,CAS 2区
European Stroke Journal,CAS 3区
European Surgery-Acta Chirurgica Austriaca,CAS 4区
EUROPEAN SURGICAL RESEARCH,CAS 4区
European Thyroid Journal,CAS 3区
European Transport Research Review,SSCI/SCIE/SCI
European Transport-Trasporti Europei,CAS 4区
EUROPEAN UNION POLITICS,CAS 1区 Top
EUROPEAN URBAN AND REGIONAL STUDIES,CAS 2区
EUROPEAN UROLOGY,CAS 1区 Top
European Urology Focus,CAS 2区 Top
European Urology Oncology,CAS 1区 Top
European Urology Open Science,CAS 2区
European Zoological Journal,CAS 3区
EUROPE-ASIA STUDIES,CAS 3区
EUROPE-REVUE LITTERAIRE MENSUELLE,CAS 4区
Europes Journal of Psychology,CAS 3区
Europolity-Continuity and Change in European Governance,CAS 4区
Eurosurveillance,CAS 2区 Top
Euskera,CAS 4区
Evaluation,CAS 3区
EVALUATION AND PROGRAM PLANNING,CAS 4区
EVALUATION REVIEW,CAS 4区
EVALUATION & THE HEALTH PROFESSIONS,SSCI/SCIE/SCI
EVENT MANAGEMENT,CAS 4区
Everymans Science,CAS 4区
Evidence-Based Dentistry,Indexed
Evidence-based HRM-A Global Forum for Empirical Scholarship,CAS 4区
Evidence Based Library and Information Practice,CAS 4区
Evidence & Policy,CAS 3区
EvoDevo,CAS 2区
EVOLUTION,CAS 2区 Top
EVOLUTION AND HUMAN BEHAVIOR,SSCI/SCIE/SCI
Evolutionary and Institutional Economics Review,CAS 4区
EVOLUTIONARY ANTHROPOLOGY,CAS 1区 Top
Evolutionary Applications,CAS 2区 Top
Evolutionary Behavioral Sciences,CAS 4区
Evolutionary Bioinformatics,CAS 4区
Evolutionary Biology,CAS 3区
EVOLUTIONARY COMPUTATION,CAS 3区
EVOLUTIONARY ECOLOGY,CAS 3区
Evolutionary Human Sciences,CAS 2区
Evolutionary Intelligence,CAS 4区
Evolutionary Psychological Science,CAS 4区
Evolutionary Psychology,CAS 4区
EVOLUTION & DEVELOPMENT,CAS 3区
Evolution Equations and Control Theory,CAS 4区
Evolution Letters,CAS 1区 Top
Evolution Medicine and Public Health,CAS 3区
EVOLUTION PSYCHIATRIQUE,CAS 4区
Evolving Systems,CAS 4区
E-Water,Indexed
Ewha Medical Journal,CAS 4区
Examples and Counterexamples,Indexed
EXCEPTIONAL CHILDREN,CAS 3区
Exceptionality,CAS 4区
Exchange-Journal of Contemporary Christianities in Context,CAS 3区
EXCLI Journal,CAS 3区
Exemplaria Classica,CAS 4区
Exemplaria-Medieval Early Modern Theory,CAS 2区
Exercer-La Revue Francophone de Medecine Generale,CAS 4区
EXERCISE AND SPORT SCIENCES REVIEWS,CAS 2区
EXERCISE IMMUNOLOGY REVIEW,CAS 4区
Experimed,Indexed
Experiment-A Journal of Russian Culture,CAS 4区
EXPERIMENTAL AGING RESEARCH,CAS 4区
EXPERIMENTAL AGRICULTURE,CAS 4区
EXPERIMENTAL AND APPLIED ACAROLOGY,CAS 2区
EXPERIMENTAL AND CLINICAL ENDOCRINOLOGY & DIABETES,CAS 4区
EXPERIMENTAL AND CLINICAL PSYCHOPHARMACOLOGY,SSCI/SCIE/SCI
Experimental and Clinical Transplantation,CAS 4区
Experimental and Computational Multiphase Flow,CAS 1区 Top
EXPERIMENTAL AND MOLECULAR MEDICINE,CAS 1区 Top
EXPERIMENTAL AND MOLECULAR PATHOLOGY,CAS 4区
Experimental and Therapeutic Medicine,CAS 4区
EXPERIMENTAL ANIMALS,CAS 3区
EXPERIMENTAL ASTRONOMY,CAS 4区
EXPERIMENTAL BIOLOGY AND MEDICINE,CAS 4区
EXPERIMENTAL BRAIN RESEARCH,CAS 4区
EXPERIMENTAL CELL RESEARCH,CAS 3区
EXPERIMENTAL DERMATOLOGY,CAS 3区
EXPERIMENTAL ECONOMICS,CAS 3区
EXPERIMENTAL EYE RESEARCH,CAS 3区
EXPERIMENTAL GERONTOLOGY,CAS 3区
EXPERIMENTAL HEAT TRANSFER,CAS 3区
EXPERIMENTAL HEMATOLOGY,CAS 4区
Experimental Hematology & Oncology,CAS 2区
EXPERIMENTAL LUNG RESEARCH,CAS 4区
EXPERIMENTAL MATHEMATICS,CAS 3区
EXPERIMENTAL MECHANICS,CAS 3区
Experimental Neurobiology,CAS 4区
EXPERIMENTAL NEUROLOGY,CAS 2区
EXPERIMENTAL PARASITOLOGY,CAS 4区
EXPERIMENTAL PHYSIOLOGY,CAS 3区
EXPERIMENTAL PSYCHOLOGY,CAS 4区
EXPERIMENTAL TECHNIQUES,CAS 4区
EXPERIMENTAL THERMAL AND FLUID SCIENCE,CAS 3区
EXPERIMENTS IN FLUIDS,CAS 3区
EXPERT OPINION ON BIOLOGICAL THERAPY,CAS 3区
Expert Opinion on Drug Delivery,CAS 2区
Expert Opinion on Drug Discovery,CAS 2区
Expert Opinion on Drug Metabolism & Toxicology,CAS 3区
Expert Opinion On Drug Safety,CAS 3区
EXPERT OPINION ON EMERGING DRUGS,CAS 4区
EXPERT OPINION ON INVESTIGATIONAL DRUGS,CAS 3区
EXPERT OPINION ON PHARMACOTHERAPY,CAS 4区
EXPERT OPINION ON THERAPEUTIC PATENTS,CAS 2区
EXPERT OPINION ON THERAPEUTIC TARGETS,CAS 2区
Expert Review of Anticancer Therapy,CAS 4区
Expert Review of Anti-Infective Therapy,CAS 3区
Expert Review of Cardiovascular Therapy,CAS 4区
Expert Review of Clinical Immunology,CAS 3区
Expert Review of Clinical Pharmacology,CAS 3区
Expert Review of Endocrinology & Metabolism,CAS 3区
Expert Review of Gastroenterology & Hepatology,CAS 3区
Expert Review of Hematology,CAS 4区
Expert Review of Medical Devices,CAS 3区
EXPERT REVIEW OF MOLECULAR DIAGNOSTICS,CAS 3区
Expert Review of Neurotherapeutics,CAS 3区
Expert Review of Ophthalmology,CAS 4区
Expert Review of Pharmacoeconomics & Outcomes Research,SSCI/SCIE/SCI
Expert Review of Precision Medicine and Drug Development,CAS 4区
Expert Review of Proteomics,CAS 3区
Expert Review of Respiratory Medicine,CAS 3区
Expert Review of Vaccines,CAS 2区
EXPERT REVIEWS IN MOLECULAR MEDICINE,CAS 3区
EXPERT SYSTEMS,CAS 4区
EXPERT SYSTEMS WITH APPLICATIONS,CAS 1区 Top
EXPLICATOR,CAS 3区
Exploration,Indexed
Exploration Geophysics,CAS 4区
EXPLORATIONS IN ECONOMIC HISTORY,CAS 1区 Top
Explorations in Renaissance Culture,CAS 4区
Exploratory Animal and Medical Research,CAS 4区
Exploratory Research in Clinical and Social Pharmacy,CAS 4区
Explore-The Journal of Science and Healing,CAS 4区
EXPOSITIONES MATHEMATICAE,CAS 3区
EXPOSITORY TIMES,CAS 4区
Exposure and Health,CAS 4区
Expressions maghrebines,CAS 4区
Express Polymer Letters,CAS 3区
Extracellular Vesicles and Circulating Nucleic Acids,Indexed
Extractive Industries and Society,CAS 2区
EXTRAPOLATION,CAS 3区
Extreme Mechanics Letters,CAS 3区
Extremes,CAS 3区
EXTREMOPHILES,CAS 3区
EYE,CAS 3区
Eye and Brain,CAS 4区
Eye and Vision,CAS 2区
Eye & Contact Lens-Science and Clinical Practice,CAS 4区
Ezhegodnik Finno-Ugorskikh Issledovanii-Yearbook of Finno-Ugric Studies,CAS 4区
Fabrications-The Journal of the Society of Architectural Historians Australia and New Zealand,CAS 4区
FABULA,CAS 4区
FACE,Indexed
Facets,CAS 3区
Fachsprache-Journal of Professional and Scientific Communication,CAS 4区
FACIAL PLASTIC SURGERY,CAS 4区
Facial Plastic Surgery & Aesthetic Medicine,CAS 3区
Facial Plastic Surgery Clinics of North America,CAS 2区
FACIES,CAS 3区
Facilities,CAS 4区
Facta Universitatis-Series Electronics and Energetics,CAS 4区
Facta Universitatis-Series Mathematics and Informatics,CAS 4区
Facta Universitatis-Series Mechanical Engineering,CAS 1区 Top
Facts Views and Vision in ObGyn,CAS 4区
Faith and Philosophy,CAS 3区
Familial Cancer,CAS 4区
Families In Society-The Journal of Contemporary Social Services,CAS 4区
Families Relationships and Societies,CAS 4区
Families Systems & Health,SSCI/SCIE/SCI
Family Business Review,CAS 2区
FAMILY & COMMUNITY HEALTH,CAS 4区
FAMILY & COMMUNITY HISTORY,CAS 4区
Family & Consumer Sciences Research Journal,CAS 4区
Family Court Review,CAS 4区
Family Journal,CAS 4区
FAMILY MEDICINE,CAS 4区
Family Medicine and Community Health,CAS 3区
Family Medicine and Primary Care Review,CAS 4区
FAMILY PRACTICE,CAS 4区
FAMILY PROCESS,CAS 3区
FAMILY RELATIONS,CAS 3区
FARADAY DISCUSSIONS,CAS 2区
Farmaceuticos Comunitarios,CAS 4区
FARMACIA,CAS 4区
FARMACIA HOSPITALARIA,CAS 4区
Farmeconomia-Health Economics and Therapeutic Pathways,CAS 4区
Farming System,Indexed
Fascism,CAS 2区
FASEB BioAdvances,CAS 4区
FASEB JOURNAL,CAS 2区
Fashion and Textiles,CAS 4区
Fashion Practice-The Journal of Design Creative Process & the Fashion Industry,CAS 4区
Fashion Style & Popular Culture,CAS 4区
Fashion Theory-The Journal of Dress Body & Culture,CAS 3区
Fatigue-Biomedicine Health and Behavior,CAS 4区
FATIGUE & FRACTURE OF ENGINEERING MATERIALS & STRUCTURES,CAS 3区
Fat Studies-An Interdisciplinary Journal of Body Weight and Society,CAS 4区
FDMP-Fluid Dynamics & Materials Processing,CAS 4区
FEBS Journal,CAS 2区
FEBS LETTERS,CAS 4区
FEBS Open Bio,CAS 4区
FEDERAL RESERVE BANK OF ST LOUIS REVIEW,CAS 4区
Feminismo-s,CAS 4区
FEMINISM & PSYCHOLOGY,CAS 2区
Feminist Africa,CAS 4区
Feminist Anthropology,Indexed
Feminist Criminology,CAS 4区
FEMINIST ECONOMICS,CAS 2区
Feminist German Studies,CAS 4区
Feministische Studien,CAS 4区
Feminist Legal Studies,CAS 3区
Feminist Media Histories,CAS 2区
Feminist Media Studies,CAS 2区
FEMINIST REVIEW,CAS 4区
FEMINIST STUDIES,CAS 4区
Feminist Theology,CAS 4区
Feminist Theory,CAS 2区
FEMS Microbes,Indexed
FEMS MICROBIOLOGY ECOLOGY,CAS 3区
FEMS MICROBIOLOGY LETTERS,CAS 4区
FEMS MICROBIOLOGY REVIEWS,CAS 1区 Top
FEMS YEAST RESEARCH,CAS 4区
Fennia-International Journal of Geography,CAS 4区
Fermentation-Basel,CAS 3区
FERROELECTRICS,CAS 4区
FERROELECTRICS LETTERS SECTION,CAS 4区
FERTILITY AND STERILITY,CAS 1区 Top
Festival dell Architettura Magazine,CAS 4区
Fetal and Pediatric Pathology,CAS 4区
FETAL DIAGNOSIS AND THERAPY,CAS 3区
FEW-BODY SYSTEMS,CAS 4区
FIBER AND INTEGRATED OPTICS,CAS 3区
Fibers,CAS 3区
FIBERS AND POLYMERS,CAS 4区
FIBONACCI QUARTERLY,CAS 4区
FIBRE CHEMISTRY,CAS 4区
FIBRES & TEXTILES IN EASTERN EUROPE,CAS 4区
Fictions-Studi Sulla Narrativita,CAS 4区
FIDDLEHEAD,Indexed
FIELD CROPS RESEARCH,CAS 1区 Top
Field Methods,CAS 4区
Fieldwork in Religion,CAS 4区
FIIB Business Review,CAS 4区
Filigrane-Revue de Psychanalyse,CAS 4区
FILM CRITICISM,CAS 4区
Film Fashion & Consumption,CAS 2区
Film History,CAS 3区
Film International,CAS 4区
Film-Philosophy,CAS 1区 Top
FILM QUARTERLY,CAS 3区
Filologia Mediolatina,CAS 4区
Filologicheskie Nauki-Nauchnye Doklady Vysshei Shkoly-Philological Sciences-Scientific Essays of Higher Education,CAS 4区
Filomat,CAS 4区
Filosofia Politica,CAS 4区
Filosofia Unisinos,CAS 4区
FILOSOFICKY CASOPIS,CAS 4区
Filosofija-Sociologija,SSCI/SCI/AHCI
Filosofiya-Philosophy,CAS 4区
Filosofskii Zhurnal,CAS 4区
FILOZOFIA,CAS 4区
Filozofia Nauki,CAS 4区
Filozofska Istrazivanja,CAS 4区
FILOZOFSKI VESTNIK,CAS 4区
Filtration + Separation,CAS 4区
FINANCE AND STOCHASTICS,SSCI/SCIE/SCI
FINANCE A UVER-CZECH JOURNAL OF ECONOMICS AND FINANCE,CAS 4区
Finance Research Letters,CAS 2区
Financial Accountability & Management,CAS 3区
FINANCIAL ANALYSTS JOURNAL,CAS 3区
Financial and Credit Activity-Problems of Theory and Practice,CAS 4区
Financial History Review,CAS 4区
Financial Innovation,CAS 1区 Top
Financial Internet Quarterly,CAS 4区
FINANCIAL MANAGEMENT,CAS 3区
Financial Markets and Portfolio Management,CAS 4区
FINANCIAL REVIEW,CAS 3区
FinanzArchiv-European Journal of Public Finance,CAS 4区
Finisterra-Revista Portuguesa de Geografia,CAS 4区
FINITE ELEMENTS IN ANALYSIS AND DESIGN,CAS 3区
FINITE FIELDS AND THEIR APPLICATIONS,CAS 2区
Finlay,CAS 4区
FIRE AND MATERIALS,CAS 4区
Fire Ecology,CAS 3区
FirePhysChem,Indexed
Fire Safety Journal,CAS 3区
Fire-Switzerland,CAS 3区
FIRE TECHNOLOGY,CAS 4区
First Language,SSCI/SCI/AHCI
First Peoples Child & Family Review,Indexed
FISCAL STUDIES,CAS 3区
FISH AND FISHERIES,CAS 1区 Top
Fish and Shellfish Immunology Reports,CAS 4区
FISHERIES,CAS 3区
FISHERIES MANAGEMENT AND ECOLOGY,CAS 3区
FISHERIES OCEANOGRAPHY,CAS 3区
FISHERIES RESEARCH,CAS 2区
FISHERIES SCIENCE,CAS 4区
FISHERY BULLETIN,CAS 4区
FISHERY TECHNOLOGY,CAS 4区
Fishes,CAS 3区
FISH PATHOLOGY,CAS 4区
FISH PHYSIOLOGY AND BIOCHEMISTRY,CAS 3区
FISH & SHELLFISH IMMUNOLOGY,CAS 2区 Top
Fitoterapia,CAS 3区
Fixed Point Theory,CAS 4区
Fixed Point Theory and Algorithms for Sciences and Engineering,Indexed
FlatChem,CAS 3区
FLAVOUR AND FRAGRANCE JOURNAL,CAS 4区
FLEISCHWIRTSCHAFT,CAS 4区
Flexible and Printed Electronics,CAS 4区
Flexible Services and Manufacturing Journal,CAS 3区
FLORA,CAS 3区
Flora Infeksiyon Hastaliklari ve Klinik Mikrobiyoloji Dergisi,CAS 4区
Florence Nightingale Journal of Nursing,CAS 4区
Floresta e Ambiente,CAS 4区
FLORIDA ENTOMOLOGIST,CAS 4区
Flow,CAS 3区
FLOW MEASUREMENT AND INSTRUMENTATION,CAS 3区
FLOW TURBULENCE AND COMBUSTION,CAS 3区
FLUCTUATION AND NOISE LETTERS,CAS 4区
Flugmedizin Tropenmedizin Reisemedizin,CAS 4区
Fluid Dynamics,CAS 4区
FLUID DYNAMICS RESEARCH,CAS 4区
FLUID PHASE EQUILIBRIA,CAS 3区
Fluids,CAS 4区
Fluids and Barriers of the CNS,CAS 2区
Fluminensia,CAS 4区
FLUORIDE,CAS 4区
FLY,CAS 4区
FME Transactions,CAS 4区
Focaal-Journal of Global and Historical Anthropology,CAS 2区
Focus on Autism and Other Developmental Disabilities,CAS 4区
Focus on Health Professional Education-A Multidisciplinary Journal,CAS 4区
FOLIA BIOLOGICA,CAS 4区
FOLIA BIOLOGICA-KRAKOW,CAS 4区
FOLIA GEOBOTANICA,CAS 4区
Folia Geographica,CAS 3区
FOLIA HISTOCHEMICA ET CYTOBIOLOGICA,CAS 4区
Folia Horticulturae,CAS 3区
FOLIA LINGUISTICA,SSCI/SCI/AHCI
Folia Linguistica et Litteraria,CAS 4区
FOLIA MICROBIOLOGICA,CAS 4区
FOLIA MORPHOLOGICA,CAS 4区
FOLIA NEUROPATHOLOGICA,CAS 4区
Folia Oecologica,CAS 4区
FOLIA PARASITOLOGICA,CAS 4区
FOLIA PHONIATRICA ET LOGOPAEDICA,SSCI/SCIE/SCI
FOLIA PRIMATOLOGICA,CAS 4区
Folk Life-Journal of Ethnological Studies,CAS 4区
FOLKLORE,CAS 4区
Folklor/Edebiyat-Folklore/Literature,CAS 4区
Folklore-Electronic Journal of Folklore,CAS 4区
FOLK MUSIC JOURNAL,CAS 4区
FONTES ARTIS MUSICAE,CAS 2区
Fontes Linguae Vasconum,CAS 4区
Food Additives and Contaminants Part A-Chemistry Analysis Control Exposure & Risk Assessment,CAS 3区
Food Additives & Contaminants Part B-Surveillance,CAS 3区
Food Analytical Methods,CAS 3区
FOOD AND AGRICULTURAL IMMUNOLOGY,CAS 4区
Food and Bioprocess Technology,CAS 2区 Top
FOOD AND BIOPRODUCTS PROCESSING,CAS 2区
FOOD AND CHEMICAL TOXICOLOGY,CAS 4区
FOOD AND DRUG LAW JOURNAL,CAS 4区
Food and Energy Security,CAS 2区
Food and Environmental Virology,CAS 3区
Food and Foodways,CAS 4区
FOOD AND NUTRITION BULLETIN,CAS 4区
Food and Waterborne Parasitology,CAS 2区
Food Bioengineering,Indexed
Food Biophysics,CAS 4区
Food Bioscience,CAS 2区 Top
FOOD BIOTECHNOLOGY,CAS 4区
Foodborne Pathogens and Disease,CAS 3区
Food Chemistry,CAS 1区 Top
Food Chemistry: Molecular Sciences,CAS 2区
Food Chemistry-X,CAS 1区 Top
FOOD CONTROL,CAS 1区 Top
Food Culture & Society,CAS 4区
Food Engineering Reviews,CAS 2区
Food Frontiers,CAS 1区 Top
Food & Function,CAS 2区 Top
FOOD HYDROCOLLOIDS,SSCI/SCIE/SCI
Food Hydrocolloids for Health,CAS 2区
Food Hygiene and Safety Science,CAS 4区
FOOD INNOVATION AND ADVANCES,Indexed
FOOD MICROBIOLOGY,CAS 1区 Top
Food & Nutrition Research,CAS 3区
Food Packaging and Shelf Life,CAS 1区 Top
FOOD PHYSICS,Indexed
FOOD POLICY,SSCI/SCIE/SCI
Food Production Processing and Nutrition,CAS 2区
Food Quality and Preference,CAS 1区 Top
Food Quality and Safety,CAS 2区
FOOD RESEARCH INTERNATIONAL,CAS 1区 Top
FOOD REVIEWS INTERNATIONAL,CAS 2区
Foods,CAS 2区
FOOD SAFETY AND HEALTH,Indexed
Foods and Raw Materials,CAS 4区
FOOD SCIENCE AND BIOTECHNOLOGY,CAS 4区
Food Science and Human Wellness,CAS 1区 Top
FOOD SCIENCE AND TECHNOLOGY INTERNATIONAL,CAS 4区
FOOD SCIENCE AND TECHNOLOGY RESEARCH,CAS 4区
Food Science & Nutrition,CAS 2区
Food Science of Animal Resources,CAS 3区
Food Security,CAS 2区
Food Structure-Netherlands,CAS 2区
FOOD TECHNOLOGY AND BIOTECHNOLOGY,CAS 4区
Food Webs,CAS 3区
Foot and Ankle Clinics,CAS 3区
Foot and Ankle Surgery,CAS 3区
FOOT & ANKLE INTERNATIONAL,CAS 2区
Foot & Ankle Specialist,CAS 4区
Footwear Science,CAS 3区
Forces in Mechanics,CAS 3区
FORDHAM LAW REVIEW,CAS 3区
Forecasting,CAS 3区
FOREIGN AFFAIRS,CAS 3区
FOREIGN LANGUAGE ANNALS,CAS 2区
Foreign Policy Analysis,CAS 3区
Foreign Trade Review,CAS 4区
Forensic Chemistry,CAS 3区
Forensic Imaging,CAS 4区
Forensic Science International,CAS 3区
Forensic Science International-Digital Investigation,CAS 3区
Forensic Science International-Genetics,CAS 2区
Forensic Science International Genetics Supplement Series,CAS 4区
Forensic Science Medicine and Pathology,CAS 4区
Forensic Sciences Research,CAS 4区
Forensic Toxicology,CAS 4区
Forensische Psychiatrie Psychologie Kriminologie,CAS 4区
Foresight,CAS 4区
Foresight and STI Governance,CAS 4区
Forest and Society,CAS 3区
FOREST ECOLOGY AND MANAGEMENT,CAS 2区 Top
Forest Ecosystems,CAS 1区 Top
Forestist,CAS 4区
FOREST PATHOLOGY,CAS 4区
Forest Policy and Economics,SSCI/SCIE/SCI
FOREST PRODUCTS JOURNAL,CAS 4区
FORESTRY,CAS 2区
FORESTRY CHRONICLE,CAS 4区
Forestry Research,Indexed
Forests,CAS 3区
FOREST SCIENCE,CAS 4区
Forest Science and Technology,CAS 3区
Forests Trees and Livelihoods,CAS 4区
Forest Systems,CAS 4区
FORMAL ASPECTS OF COMPUTING,CAS 3区
Formalized Mathematics,CAS 2区
FORMAL METHODS IN SYSTEM DESIGN,CAS 4区
Formath,CAS 4区
Forma y Funcion,CAS 4区
Formosan Journal of Surgery,CAS 4区
Fornvannen-Journal of Swedish Antiquarian Research,CAS 4区
Foro de Educacion,CAS 4区
Foro de Profesores de E-LE,CAS 4区
Foro Educacional,CAS 4区
Foro Internacional,CAS 4区
Foro-Revista de Ciencias Juridicas y Sociales. NuevaEpoca,CAS 4区
FORSCHUNG IM INGENIEURWESEN-ENGINEERING RESEARCH,CAS 4区
FORTSCHRITTE DER NEUROLOGIE PSYCHIATRIE,CAS 4区
FORTSCHRITTE DER PHYSIK-PROGRESS OF PHYSICS,CAS 2区
Forum-A Journal of Applied Research in Contemporary Politics,CAS 4区
FORUM DER PSYCHOANALYSE,CAS 4区
FORUM FOR DEVELOPMENT STUDIES,CAS 3区
FORUM FOR MODERN LANGUAGE STUDIES,CAS 3区
Forum for Social Economics,CAS 4区
Forum for World Literature Studies,CAS 4区
FORUM ITALICUM,CAS 4区
FORUM MATHEMATICUM,CAS 2区
FORUM MODERNES THEATER,CAS 4区
Forum of Mathematics Pi,CAS 1区 Top
Forum of Mathematics Sigma,CAS 2区 Top
Forum-Revue Internationale d Interpretation et de Traduction-International Journal of Interpretation and Translation,CAS 4区
Fossil Record,CAS 2区
Fotocinema-Revista Cientifica de Cine y Fotografia,CAS 3区
Fottea,CAS 3区
Foundation Review,CAS 4区
Foundations and Trends in Communications and Information Theory,CAS 2区
Foundations and Trends in Computer Graphics and Vision,CAS 2区
Foundations and Trends in Databases,CAS 3区
Foundations and Trends in Electronic Design Automation,Indexed
Foundations and Trends in Entrepreneurship,CAS 4区
Foundations and Trends in Information Retrieval,CAS 1区 Top
Foundations and Trends in Machine Learning,CAS 1区 Top
Foundations and Trends in Marketing,CAS 4区
Foundations and Trends in Networking,Indexed
Foundations and Trends in Programming Languages,CAS 2区
Foundations and Trends in Signal Processing,CAS 4区
Foundations and Trends in Systems and Control,CAS 1区 Top
Foundations and Trends in Theoretical Computer Science,CAS 4区
Foundations of Chemistry,SCIE/SCI/AHCI
FOUNDATIONS OF COMPUTATIONAL MATHEMATICS,CAS 1区 Top
Foundations of Computing and Decision Sciences,CAS 4区
Foundations of Data Science,CAS 4区
Foundations of Management,CAS 4区
FOUNDATIONS OF PHYSICS,CAS 3区
Foundations of Science,SCIE/SCI/AHCI
Fourrages,CAS 4区
Fourth Genre-Explorations in Nonfiction,CAS 4区
Fractal and Fractional,CAS 2区
FRACTALS-COMPLEX GEOMETRY PATTERNS AND SCALING IN NATURE AND SOCIETY,CAS 3区
Fractional Calculus and Applied Analysis,CAS 3区
FRAGMENTA ENTOMOLOGICA,CAS 4区
Fragmentos de Filosofia,Indexed
Framework-The Journal of Cinema and Media,CAS 3区
FRANCAIS MODERNE,CAS 4区
Francofonia-Studi e Ricerche sulle Letterature di Lingua Francese,CAS 4区
Frantice.net,CAS 4区
Frantsuzskii Ezhegodnik-Annuaire d Etudes Francaises,CAS 4区
Frattura ed Integrita Strutturale-Fracture and Structural Integrity,CAS 4区
FREE RADICAL BIOLOGY AND MEDICINE,CAS 2区 Top
FREE RADICAL RESEARCH,CAS 3区
French Colonial History,CAS 3区
French Cultural Studies,SSCI/SCI/AHCI
FRENCH FORUM,CAS 4区
FRENCH HISTORICAL STUDIES,CAS 3区
French History,SSCI/SCI/AHCI
French Journal of Urology,Indexed
French Politics,CAS 4区
FRENCH REVIEW,CAS 4区
French Screen Studies,CAS 2区
FRENCH STUDIES,CAS 3区
French Studies Bulletin,CAS 4区
French Studies in Southern Africa,CAS 4区
French-Ukrainian Journal of Chemistry,CAS 4区
FREQUENZ,CAS 4区
FRESHWATER BIOLOGY,CAS 2区
Freshwater Crayfish,CAS 4区
Freshwater Science,CAS 4区
Friction,CAS 1区 Top
Fronteras de la Historia,CAS 4区
FRONTIERS-A JOURNAL OF WOMEN STUDIES,CAS 4区
Frontiers in Aging,CAS 4区
Frontiers in Aging Neuroscience,CAS 3区
Frontiers in Agronomy,CAS 3区
Frontiers in Allergy,CAS 3区
Frontiers in Analytical Science,Indexed
Frontiers in Animal Science,CAS 3区
Frontiers in Applied Mathematics and Statistics,CAS 4区
Frontiers in Artificial Intelligence,CAS 4区
Frontiers in Astronomy and Space Sciences,CAS 3区
Frontiers in Behavioral Neuroscience,CAS 4区
Frontiers in Big Data,CAS 4区
Frontiers in Bioengineering and Biotechnology,CAS 3区
Frontiers in Bioinformatics,CAS 4区
Frontiers in Bioscience-Landmark,CAS 4区
Frontiers in Blockchain,CAS 4区
Frontiers in Built Environment,CAS 4区
Frontiers in Cardiovascular Medicine,CAS 3区
Frontiers in Cell and Developmental Biology,CAS 2区
Frontiers in Cellular and Infection Microbiology,CAS 2区
Frontiers in Cellular Neuroscience,CAS 3区
Frontiers in Chemical Engineering,CAS 4区
Frontiers in Chemistry,CAS 3区
Frontiers in Climate,CAS 3区
Frontiers in Clinical Diabetes and Healthcare,Indexed
Frontiers in Communication,CAS 2区
Frontiers in Communications and Networks,CAS 4区
Frontiers in Computational Neuroscience,CAS 4区
Frontiers in Computer Science,CAS 4区
Frontiers in Conservation Science,CAS 4区
Frontiers in Dental Medicine,CAS 4区
Frontiers in Digital Health,CAS 3区
Frontiers in Earth Science,CAS 4区
Frontiers in Ecology and Evolution,CAS 3区
FRONTIERS IN ECOLOGY AND THE ENVIRONMENT,CAS 1区 Top
Frontiers in Education,CAS 4区
Frontiers in Electronics,CAS 4区
Frontiers in Emergency Medicine,CAS 4区
Frontiers in Endocrinology,CAS 3区
Frontiers in Energy,CAS 3区
Frontiers in Energy Research,CAS 4区
Frontiers in Environmental Chemistry,Indexed
Frontiers in Environmental Science,CAS 4区
Frontiers in Forests and Global Change,CAS 3区
Frontiers in Fungal Biology,CAS 4区
Frontiers in Future Transportation,CAS 4区
Frontiers in Genetics,CAS 3区
Frontiers in Genome Editing,CAS 2区
Frontiers in Global Womens Health,CAS 3区
Frontiers in Health Services,CAS 4区
Frontiers in Heat and Mass Transfer,CAS 4区
Frontiers in Human Dynamics,CAS 4区
Frontiers in Human Neuroscience,CAS 4区
Frontiers in Immunology,CAS 2区
Frontiers in Insect Science,CAS 3区
Frontiers in Integrative Neuroscience,CAS 4区
Frontiers in Marine Science,CAS 3区
Frontiers in Materials,CAS 4区
Frontiers in Mechanical Engineering-Switzerland,CAS 4区
Frontiers in Medical Technology,CAS 4区
Frontiers in Medicine,CAS 3区
Frontiers in Microbiology,CAS 2区
Frontiers in Molecular Biosciences,CAS 3区
Frontiers in Molecular Neuroscience,CAS 3区
Frontiers in Nanotechnology,CAS 4区
Frontiers in Network Physiology,Indexed
Frontiers in Neural Circuits,CAS 3区
Frontiers in Neuroanatomy,CAS 4区
FRONTIERS IN NEUROENDOCRINOLOGY,CAS 2区
Frontiers in Neuroergonomics,CAS 4区
Frontiers in Neuroinformatics,CAS 4区
Frontiers in Neurology,CAS 3区
Frontiers in Neurorobotics,CAS 4区
Frontiers in Neuroscience,CAS 3区
Frontiers in Nuclear Medicine,Indexed
Frontiers in Nutrition,CAS 2区
Frontiers in Oncology,CAS 3区
Frontiers in Ophthalmology,Indexed
Frontiers in Oral Health,CAS 4区
Frontiers in Pain Research,CAS 4区
Frontiers in Pediatrics,CAS 4区
Frontiers in Pharmacology,CAS 3区
Frontiers in Physics,CAS 4区
Frontiers in Physiology,CAS 3区
Frontiers in Plant Science,CAS 2区
Frontiers in Political Science,CAS 3区
Frontiers in Psychiatry,SSCI/SCIE/SCI
Frontiers in Psychology,CAS 3区
Frontiers in Public Health,SSCI/SCIE/SCI
Frontiers in Radiology,Indexed
Frontiers in Rehabilitation Sciences,CAS 4区
Frontiers in Remote Sensing,CAS 4区
Frontiers in Reproductive Health,CAS 4区
Frontiers in Research Metrics and Analytics,Indexed
Frontiers in Robotics and AI,CAS 4区
Frontiers in Signal Processing,CAS 4区
Frontiers in Sociology,CAS 3区
Frontiers in Soil Science,CAS 4区
Frontiers in Space Technologies,Indexed
Frontiers in Sports and Active Living,CAS 3区
Frontiers in Surgery,CAS 4区
Frontiers in Sustainability,Indexed
Frontiers in Sustainable Cities,CAS 4区
Frontiers in Sustainable Food Systems,CAS 3区
Frontiers in Synaptic Neuroscience,CAS 4区
Frontiers in Systems Biology,Indexed
Frontiers in Systems Neuroscience,CAS 3区
Frontiers in Toxicology,CAS 4区
Frontiers in Urology,Indexed
Frontiers in Veterinary Science,CAS 2区
Frontiers in Virology,CAS 4区
Frontiers in Virtual Reality,CAS 3区
Frontiers in Water,CAS 4区
Frontiers in Zoology,CAS 2区
Frontiers of Agricultural Science and Engineering,CAS 3区
Frontiers of Architectural Research,CAS 1区 Top
Frontiers of Biogeography,Indexed
Frontiers of Business Research in China,CAS 4区
Frontiers of Chemical Science and Engineering,CAS 3区
Frontiers of Computer Science,CAS 2区
Frontiers of Earth Science,CAS 4区
Frontiers of Education in China,CAS 4区
Frontiers of Engineering Management,CAS 1区 Top
Frontiers of Environmental Science & Engineering,CAS 2区
Frontiers of History in China,CAS 4区
Frontiers of Information Technology & Electronic Engineering,CAS 3区
Frontiers of Law in China,CAS 4区
Frontiers of Literary Studies in China,CAS 4区
Frontiers of Materials Science,CAS 4区
Frontiers of Mathematics,CAS 4区
Frontiers of Mechanical Engineering,CAS 2区
Frontiers of Medicine,CAS 2区
Frontiers of Narrative Studies,CAS 3区
Frontiers of Optoelectronics,CAS 3区
Frontiers of Oral and Maxillofacial Medicine,Indexed
Frontiers of Philosophy in China,CAS 4区
Frontiers of Physics,CAS 2区
Frontiers of Structural and Civil Engineering,CAS 3区
Frontline Gastroenterology,CAS 4区
Fruhe Bildung,CAS 4区
Fruit Research,Indexed
Fruits,CAS 4区
F Scott Fitzgerald Review,CAS 4区
F&S Reports,Indexed
F&S Reviews,Indexed
F&S Science,Indexed
Fudan Journal of the Humanities and Social Sciences,CAS 1区 Top
Fuel,CAS 2区 Top
Fuel Cells,CAS 4区
FUEL PROCESSING TECHNOLOGY,CAS 2区 Top
Fuels,CAS 4区
Fuentes el Reventon Energetico,CAS 4区
Fukushima Journal of Medical Science,CAS 4区
FULLERENES NANOTUBES AND CARBON NANOSTRUCTURES,CAS 4区
Function,CAS 2区
FUNCTIONAL ANALYSIS AND ITS APPLICATIONS,CAS 4区
Functional Composites and Structures,CAS 4区
Functional Diamond,CAS 4区
FUNCTIONAL ECOLOGY,CAS 1区 Top
Functional Foods in Health and Disease,CAS 4区
FUNCTIONAL & INTEGRATIVE GENOMICS,CAS 2区
Functional Materials,CAS 4区
Functional Materials Letters,CAS 4区
FUNCTIONAL PLANT BIOLOGY,CAS 4区
FUNCTIONES ET APPROXIMATIO COMMENTARII MATHEMATICI,CAS 4区
Functions of Language,SSCI/SCI/AHCI
FUNDAMENTA INFORMATICAE,CAS 4区
Fundamental and Applied Limnology,CAS 4区
FUNDAMENTAL & CLINICAL PHARMACOLOGY,CAS 4区
Fundamental Research,CAS 2区
FUNDAMENTA MATHEMATICAE,CAS 4区
Fungal Biology,CAS 2区
Fungal Biology Reviews,CAS 2区
FUNGAL DIVERSITY,SSCI/SCIE/SCI
Fungal Ecology,CAS 3区
FUNGAL GENETICS AND BIOLOGY,CAS 3区
Funkcialaj Ekvacioj-Serio Internacia,CAS 4区
FUSION ENGINEERING AND DESIGN,CAS 3区
FUSION SCIENCE AND TECHNOLOGY,CAS 4区
Future Business Journal,CAS 4区
Future Cardiology,CAS 4区
Future Foods,CAS 2区
Future Generation Computer Systems-The International Journal of eScience,CAS 2区
Future Internet,CAS 4区
Future Journal of Pharmaceutical Sciences,CAS 4区
Future Medicinal Chemistry,CAS 4区
Future Microbiology,CAS 4区
Future Neurology,CAS 4区
Future of Food-Journal on Food Agriculture and Society,CAS 4区
Future Oncology,CAS 4区
Future Pharmacology,Indexed
Futures,CAS 3区
Future Science OA,CAS 4区
Future Transportation,Indexed
Future Virology,CAS 4区
Futuro del Pasado-Revista Electronica de Historia,CAS 4区
Fuzzy Information and Engineering,CAS 3区
Fuzzy Optimization and Decision Making,CAS 3区
FUZZY SETS AND SYSTEMS,CAS 1区 Top
FWU Journal of Social Sciences,CAS 4区
G3-Genes Genomes Genetics,CAS 4区
GaBI Journal-Generics and Biosimilars Initiative Journal,CAS 4区
Gaceta Medica de Mexico,CAS 4区
Gaceta Mexicana de Oncologia,CAS 4区
Gaceta Sanitaria,SSCI/SCIE/SCI
Gadjah Mada international journal of business,CAS 4区
GAIA-Ecological Perspectives for Science and Society,SSCI/SCIE/SCI
GAIT & POSTURE,CAS 3区
Galactica Media-Journal of Media Studies - Galaktika Media-Zhurnal Media Issledovanij,CAS 4区
Galaxies,CAS 3区
Galen Medical Journal,CAS 4区
Galicia Clinica,CAS 4区
Galician Medical Journal,CAS 4区
Galilaeana-Studies in Renaissance and Early Modern Science,Indexed
Gallerie e Grandi Opere Sotterranee,CAS 4区
Games,CAS 4区
Games and Culture,SSCI/SCI/AHCI
GAMES AND ECONOMIC BEHAVIOR,CAS 3区
Games for Health Journal,CAS 3区
Gaming Law Review-Economics Regulation Compliance and Policy,CAS 4区
Gas Science and Engineering,CAS 2区
Gastric Cancer,CAS 2区
Gastroenterologia y Hepatologia,CAS 4区
Gastroenterologie,CAS 4区
Gastroenterology,CAS 1区 Top
GASTROENTEROLOGY CLINICS OF NORTH AMERICA,CAS 3区
Gastroenterology Insights,CAS 4区
Gastroenterology Nursing,SSCI/SCIE/SCI
Gastroenterology Report,CAS 3区
Gastroenterology Research,CAS 4区
Gastroenterology Research and Practice,CAS 4区
Gastroenterology Review-Przeglad Gastroenterologiczny,CAS 4区
Gastro Hep Advances,Indexed
Gastrointestinal Disorders,CAS 4区
GASTROINTESTINAL ENDOSCOPY,CAS 1区 Top
Gastrointestinal Tumors,CAS 4区
Gateways-International Journal of Community Research and Engagement,CAS 4区
GAYANA,CAS 4区
GAYANA BOTANICA,CAS 4区
Gazeta de Antropologia,CAS 4区
Gazi Akademik Bakis-Gazi Academic View,CAS 4区
Gazi Medical Journal,CAS 4区
Gazi University Journal of Science,CAS 4区
Geam-Geoingegneria Ambientale e Mineraria-Geam-Geoengineering Environment and Mining,CAS 4区
GEBURTSHILFE UND FRAUENHEILKUNDE,CAS 4区
Ge-Conservacion,CAS 4区
Gecontec-Revista Internacional de Gestion del Conocimiento y la Tecnologia,CAS 4区
Gedrag & Organisatie,CAS 4区
GEFAHRSTOFFE REINHALTUNG DER LUFT,CAS 4区
Gefasschirurgie,CAS 4区
Gels,CAS 2区
GEMA Online Journal of Language Studies,CAS 3区
GEMATOLOGIYA I TRANSFUZIOLOGIYA,CAS 4区
GEM-International Journal on Geomathematics,CAS 4区
GEMS & GEMOLOGY,CAS 4区
GEN Biotechnology,CAS 4区
GENDER AND EDUCATION,CAS 3区
Gender and History,SSCI/SCI/AHCI
Gender and Language,SSCI/SCI/AHCI
Gender in Management,CAS 4区
Gender Issues,CAS 4区
Gender Place and Culture,CAS 3区
GENDER & SOCIETY,CAS 1区 Top
Gender Technology & Development,CAS 4区
GENDER WORK AND ORGANIZATION,CAS 1区 Top
GENE,CAS 3区
Genealogy,CAS 3区
GENE EXPRESSION PATTERNS,CAS 4区
GENERAL AND COMPARATIVE ENDOCRINOLOGY,CAS 4区
GENERAL HOSPITAL PSYCHIATRY,SSCI/SCIE/SCI
GENERAL PHYSIOLOGY AND BIOPHYSICS,CAS 4区
General Psychiatry,CAS 2区
GENERAL RELATIVITY AND GRAVITATION,CAS 4区
General Thoracic and Cardiovascular Surgery,CAS 4区
General Thoracic and Cardiovascular Surgery Cases,Indexed
Generations,CAS 4区
Gene Reports,CAS 4区
Genes,CAS 3区
Genes and Environment,CAS 4区
GENES AND IMMUNITY,CAS 3区
Genes and Nutrition,CAS 3区
GENES BRAIN AND BEHAVIOR,CAS 3区
GENES CHROMOSOMES & CANCER,CAS 2区
GENES & DEVELOPMENT,CAS 1区 Top
Genes & Diseases,CAS 2区
GENES & GENETIC SYSTEMS,CAS 4区
Genes & Genomics,CAS 4区
GENESIS,CAS 3区
GENES TO CELLS,CAS 4区
GENE THERAPY,CAS 3区
GENETICA,CAS 4区
GENETIC EPIDEMIOLOGY,CAS 4区
Genetic Programming and Evolvable Machines,CAS 4区
GENETIC RESOURCES AND CROP EVOLUTION,CAS 3区
GENETICS,CAS 3区
GENETICS AND MOLECULAR BIOLOGY,CAS 4区
GENETICS AND MOLECULAR RESEARCH,CAS 4区
GENETICS IN MEDICINE,CAS 1区 Top
Genetics Research,CAS 4区
GENETICS SELECTION EVOLUTION,CAS 1区 Top
Genetic Testing and Molecular Biomarkers,CAS 4区
GENEVA PAPERS ON RISK AND INSURANCE-ISSUES AND PRACTICE,CAS 4区
Geneva Risk and Insurance Review,CAS 4区
Genocide Studies International,Indexed
GENOME,CAS 4区
GENOME BIOLOGY,CAS 1区 Top
Genome Biology and Evolution,CAS 3区
Genome Medicine,CAS 1区 Top
GENOME RESEARCH,CAS 1区 Top
GENOMICS,CAS 2区
GENOMICS PROTEOMICS & BIOINFORMATICS,CAS 2区
Genre Sexualite & Societe,CAS 4区
GENUS,CAS 3区
Geoadria,CAS 4区
Geoambiente On-line,CAS 4区
GEOARCHAEOLOGY-AN INTERNATIONAL JOURNAL,SCIE/SCI/AHCI
Geobiology,CAS 3区
GEOBIOS,CAS 3区
Geocarto International,CAS 4区
GEOCHEMICAL JOURNAL,CAS 4区
Geochemical Perspectives,CAS 4区
Geochemical Perspectives Letters,CAS 2区
Geochemistry,CAS 3区
GEOCHEMISTRY-EXPLORATION ENVIRONMENT ANALYSIS,CAS 4区
GEOCHEMISTRY GEOPHYSICS GEOSYSTEMS,CAS 2区
GEOCHEMISTRY INTERNATIONAL,CAS 4区
GEOCHIMICA ET COSMOCHIMICA ACTA,CAS 1区 Top
Geochronology,CAS 3区
Geochronometria,CAS 4区
Geoconservation Research,CAS 4区
Geoderma,CAS 1区 Top
Geoderma Regional,CAS 3区
Geodesy and Geodynamics,CAS 3区
Geodetski List,CAS 4区
Geodetski Vestnik,CAS 4区
GEODIVERSITAS,CAS 4区
Geodynamics,CAS 4区
Geodynamics & Tectonophysics,CAS 4区
Geoenergy Science and Engineering,Indexed
Geoenvironmental Disasters,CAS 2区
Geofisica Internacional,CAS 4区
Geofizicheskiy Zhurnal-Geophysical Journal,CAS 4区
Geofizika,CAS 4区
GEOFLUIDS,CAS 4区
Geofocus-Revista Internacional de Ciencia y TecnologIa de la InformaciOn GeogrAfica,CAS 4区
GEOFORUM,CAS 2区 Top
Geogaceta,Indexed
Geo-Geography and Environment,CAS 3区
Geografares,CAS 4区
Geografia Fisica e Dinamica Quaternaria,CAS 4区
Geografia-Malaysian Journal of Society & Space,CAS 4区
Geograficando,CAS 4区
Geograficidade,CAS 4区
GEOGRAFICKY CASOPIS-Geographical Journal,CAS 4区
Geografie,CAS 4区
GEOGRAFISKA ANNALER SERIES A-PHYSICAL GEOGRAPHY,CAS 4区
GEOGRAFISKA ANNALER SERIES B-HUMAN GEOGRAPHY,CAS 3区
Geografisk Tidsskrift-Danish Journal of Geography,CAS 4区
Geographia Cassoviensis,CAS 4区
Geographia Polonica,CAS 4区
Geographia Technica,CAS 4区
GEOgraphia-UFF,CAS 4区
GEOGRAPHICAL ANALYSIS,CAS 3区
GEOGRAPHICAL JOURNAL,CAS 2区
Geographical Research,CAS 3区
GEOGRAPHICAL REVIEW,CAS 4区
Geographical Review of Japan-Series B,CAS 4区
Geographica Pannonica,CAS 4区
Geographies,Indexed
GEOGRAPHY,CAS 4区
Geography and Natural Resources,CAS 4区
Geography and Sustainability,CAS 1区 Top
Geography Compass,CAS 2区
GeoHazards,Indexed
GeoHealth,CAS 3区
Geoheritage,CAS 2区
Geohumanities,CAS 3区
GEOINFORMATICA,CAS 3区
GEOJOURNAL,CAS 4区
GEOLOGIA CROATICA,CAS 4区
GEOLOGICA ACTA,CAS 4区
GEOLOGICA BELGICA,CAS 4区
GEOLOGICA CARPATHICA,CAS 4区
Geological Field Trips and Maps,CAS 4区
GEOLOGICAL JOURNAL,CAS 4区
GEOLOGICAL MAGAZINE,CAS 3区
GEOLOGICAL QUARTERLY,CAS 4区
GEOLOGICAL SOCIETY OF AMERICA BULLETIN,CAS 1区 Top
Geologos,CAS 4区
GEOLOGY,CAS 1区 Top
Geology Geophysics and Environment,CAS 4区
GEOLOGY OF ORE DEPOSITS,CAS 4区
GEOMAGNETISM AND AERONOMY,CAS 4区
GEO-MARINE LETTERS,CAS 4区
Geomatics,Indexed
Geomatics Natural Hazards & Risk,CAS 2区
Geomatik,CAS 4区
Geomechanics and Engineering,CAS 3区
Geomechanics and Geoengineering-An International Journal,CAS 4区
Geomechanics and Geophysics for Geo-Energy and Geo-Resources,CAS 2区
Geomechanics for Energy and the Environment,CAS 3区
GeoMedia,CAS 4区
GEOMETRIAE DEDICATA,CAS 4区
GEOMETRIC AND FUNCTIONAL ANALYSIS,CAS 1区 Top
GEOMETRY & TOPOLOGY,CAS 1区 Top
GEOMICROBIOLOGY JOURNAL,CAS 4区
Geomorphologie-Relief Processus Environnement,CAS 4区
GEOMORPHOLOGY,CAS 2区
Geopersia,CAS 4区
GEOPHYSICAL AND ASTROPHYSICAL FLUID DYNAMICS,CAS 4区
GEOPHYSICAL JOURNAL INTERNATIONAL,CAS 2区
GEOPHYSICAL PROSPECTING,CAS 4区
GEOPHYSICAL RESEARCH LETTERS,CAS 2区 Top
Geophysics,CAS 2区
Geophysics and Geophysical Exploration,CAS 4区
Geopoliticas-Revista de Estudios sobre Espacio y Poder,CAS 4区
Geopolitics,CAS 1区 Top
Georesursy,CAS 4区
George Eliot-George Henry Lewes Studies,CAS 4区
GEORGETOWN LAW JOURNAL,CAS 2区
GEORGE WASHINGTON LAW REVIEW,CAS 3区
Georgian Mathematical Journal,CAS 4区
Georisk-Assessment and Management of Risk for Engineered Systems and Geohazards,CAS 2区
Geosaberes,CAS 4区
GeoScape,CAS 4区
GEOSCIENCE CANADA,CAS 4区
Geoscience Communication,CAS 4区
Geoscience Data Journal,CAS 3区
Geoscience Frontiers,CAS 1区 Top
Geoscience Letters,CAS 3区
Geosciences,CAS 3区
GEOSCIENCES JOURNAL,CAS 4区
Geoscientific Instrumentation Methods and Data Systems,CAS 4区
Geoscientific Model Development,CAS 2区
Geosfernye Issledovaniya-Geosphere Research,CAS 4区
Geospatial Health,CAS 4区
Geo-Spatial Information Science,CAS 2区
Geosphere,CAS 4区
GEOSTANDARDS AND GEOANALYTICAL RESEARCH,CAS 3区
GEOSYNTHETICS INTERNATIONAL,CAS 3区
Geosystem Engineering,CAS 4区
Geotechnical and Geological Engineering,CAS 4区
Geotechnical Engineering,CAS 4区
Geotechnical Research,CAS 4区
GEOTECHNICAL TESTING JOURNAL,CAS 4区
Geotechnics,Indexed
Geotechnik,CAS 4区
GEOTECHNIQUE,CAS 2区
Geotechnique Letters,CAS 4区
GEOTECTONICS,CAS 4区
GEOTEXTILES AND GEOMEMBRANES,CAS 2区
Geothermal Energy,CAS 3区
GEOTHERMICS,CAS 3区
Geo UERJ,CAS 4区
GE Portuguese Journal of Gastroenterology,CAS 4区
Geriatric Nursing,SSCI/SCIE/SCI
Geriatric Orthopaedic Surgery & Rehabilitation,CAS 4区
Geriatrics,CAS 4区
Geriatrics & Gerontology International,SSCI/SCIE/SCI
Geriatrie et Psychologie Neuropsychiatrie du Vieillissement,CAS 4区
Gerion-Revista de Historia Antigua,CAS 4区
German Economic Review,CAS 4区
German History,SSCI/SCI/AHCI
GERMANIC REVIEW,CAS 4区
GERMANISCH-ROMANISCHE MONATSSCHRIFT,CAS 4区
German Journal of Agricultural Economics,CAS 4区
German Journal of Exercise and Sport Research,CAS 4区
German Journal of Human Resource Management-Zeitschrift fur Personalforschung,CAS 3区
German Law Journal,CAS 2区
GERMAN LIFE AND LETTERS,CAS 3区
Germanoslavica-Zeitschrift fur Germano-Slawische Studien,CAS 4区
German Politics,CAS 3区
GERMAN POLITICS AND SOCIETY,CAS 4区
GERMAN QUARTERLY,CAS 4区
GERMAN STUDIES REVIEW,SSCI/SCI/AHCI
GERMS,CAS 4区
GERODONTOLOGY,CAS 3区
GERONTOLOGIST,CAS 2区
GERONTOLOGY,CAS 3区
Gerontology and Geriatric Medicine,CAS 4区
GERONTOLOGY & GERIATRICS EDUCATION,CAS 4区
GeroPsych-The Journal of Gerontopsychology and Geriatric Psychiatry,CAS 4区
GeroScience,CAS 2区
GESCHICHTE UND GESELLSCHAFT,CAS 3区
GESTA-INTERNATIONAL CENTER OF MEDIEVAL ART,CAS 1区 Top
Gestao e Desenvolvimento,CAS 4区
Gestion y Politica Publica,CAS 4区
Gesture,SSCI/SCI/AHCI
Gesunde Pflanzen,CAS 3区
Gesundheitsoekonomie und Qualitaetsmanagement,CAS 4区
GESUNDHEITSWESEN,CAS 4区
GetMobile-Mobile Computing & Communications Review,CAS 4区
Getty Research Journal,CAS 3区
GEUS Bulletin,CAS 4区
GFF,CAS 4区
GHANA SOCIAL SCIENCE JOURNAL,CAS 4区
GIANT,CAS 2区
GIFTED CHILD QUARTERLY,CAS 3区
GigaByte,CAS 4区
GigaScience,CAS 2区
GIM International-The Worldwide Magazine for Geomatics,CAS 4区
Ginekologia Polska,CAS 4区
GIO-Gruppe-Interaktion-Organisation-Zeitschrift fuer Angewandte Organisationspsychologie,CAS 4区
GIORNALE CRITICO DELLA FILOSOFIA ITALIANA,CAS 4区
Giornale di Chirurgia,CAS 4区
Giornale Italiano di Cardiologia,CAS 4区
Giornale Italiano di Endodonzia,CAS 4区
GIORNALE STORICO DELLA LETTERATURA ITALIANA,CAS 4区
Girlhood Studies-An Interdisciplinary Journal,CAS 4区
GIScience & Remote Sensing,CAS 1区 Top
GIST-Education and Learning Research Journal,CAS 4区
Gladius,CAS 4区
Gland Surgery,CAS 4区
GLASGOW MATHEMATICAL JOURNAL,CAS 4区
Glasnik Hemicara i Tehnologa Bosne i Hercegovine,CAS 4区
Glasnik Matematicki,CAS 4区
GLASS AND CERAMICS,CAS 4区
GLASS PHYSICS AND CHEMISTRY,CAS 4区
Glass Structures & Engineering,CAS 4区
Glass Technology-European Journal of Glass Science and Technology Part A,CAS 4区
GLIA,CAS 2区
Global Advances in Integrative Medicine and Health,Indexed
GLOBAL AND PLANETARY CHANGE,CAS 1区 Top
GLOBAL BIOGEOCHEMICAL CYCLES,CAS 1区 Top
Global Business Review,CAS 4区
GLOBAL CHALLENGES,CAS 4区
GLOBAL CHANGE BIOLOGY,CAS 1区 Top
Global Change Biology Bioenergy,CAS 2区
Global Change Peace & Security,CAS 3区
Global Constitutionalism,CAS 3区
Global Crime,CAS 3区
Global Discourse,CAS 3区
GLOBAL ECOLOGY AND BIOGEOGRAPHY,CAS 1区 Top
Global Ecology and Conservation,CAS 2区
Global Economic Review,CAS 4区
Global Economy Journal,CAS 4区
Global Energy Interconnection-China,CAS 4区
Global Environment,CAS 4区
GLOBAL ENVIRONMENTAL CHANGE-HUMAN AND POLICY DIMENSIONS,CAS 1区 Top
Global Environmental Politics,CAS 2区
Global Finance Journal,CAS 2区
Global Food Security-Agriculture Policy Economics and Environment,CAS 1区 Top
GLOBAL GOVERNANCE,CAS 4区
Global Health Action,SSCI/SCIE/SCI
Global Health Epidemiology and Genomics,CAS 4区
Global Health & Medicine,CAS 4区
Global Health Promotion,CAS 4区
Global Health Research and Policy,CAS 2区
Global Health-Science and Practice,SSCI/SCIE/SCI
Global Heart,CAS 3区
Global Intellectual History,CAS 4区
Globalisation Societies and Education,CAS 2区
Globalization and Health,SSCI/SCIE/SCI
Globalizations,CAS 3区
Global Journal Al-Thaqafah,CAS 4区
GLOBAL JOURNAL OF ENVIRONMENTAL SCIENCE AND MANAGEMENT-GJESM,CAS 3区
Global Journal of Medical Pharmaceutical and Biomedical Update,CAS 4区
Global Knowledge Memory and Communication,CAS 4区
Global Labour Journal,CAS 4区
Global & Local Economic Review,CAS 4区
Global Media and China,CAS 1区 Top
Global Media and Communication,CAS 2区
Global Media Journal-Canadian Edition,CAS 4区
Global Medical Genetics,CAS 4区
Global NEST Journal,CAS 4区
GLOBAL NETWORKS-A JOURNAL OF TRANSNATIONAL AFFAIRS,CAS 2区 Top
Global Pediatric Health,CAS 4区
Global Perspectives,Indexed
Global Philosophy,CAS 4区
Global Policy,CAS 3区
Global Public Health,CAS 3区
Global Public Policy and Governance,CAS 3区
Global Qualitative Nursing Research,CAS 3区
Global & Regional Health Technology Assessment,CAS 4区
Global Responsibility to Protect,CAS 3区
Global Sixties,CAS 2区
Global Social Challenges Journal,Indexed
Global Social Policy,CAS 4区
Global Social Welfare,CAS 4区
Global Society,CAS 2区
Global Spine Journal,CAS 3区
Global Strategy Journal,CAS 3区
Global Studies of Childhood,CAS 4区
Global Sustainability,CAS 2区
Global Trade and Customs Journal,CAS 4区
Global Transitions,CAS 4区
Glossa-A Journal of General Linguistics,SSCI/SCI/AHCI
GLOTTA-ZEITSCHRIFT FUR GRIECHISCHE UND LATEINISCHE SPRACHE,CAS 3区
Glottometrics,CAS 4区
GLQ-A JOURNAL OF LESBIAN AND GAY STUDIES,CAS 4区
GLYCOBIOLOGY,CAS 3区
GLYCOCONJUGATE JOURNAL,CAS 4区
GM Crops & Food-Biotechnology in Agriculture and the Food Chain,CAS 2区
GMS Hygiene and Infection Control,CAS 4区
GMS Interdisciplinary Plastic and Reconstructive Surgery DGPW,CAS 4区
GMS Journal for Medical Education,CAS 4区
GOETHE JAHRBUCH,CAS 4区
GOLD BULLETIN,CAS 4区
Gomal Journal of Medical Sciences,CAS 4区
Gondola-Ensenanza y Aprendizaje de las Ciencias,CAS 4区
Gondwana Research,CAS 1区 Top
Gorteria,CAS 4区
Gospodarka Narodowa-The Polish Journal of Economics,CAS 4区
Gospodarka Surowcami Mineralnymi-Mineral Resources Management,CAS 4区
Gosudarstvo Religiya Tserkov v Rossii i za Rubezhom,CAS 4区
Gothic Studies,CAS 3区
GOVERNANCE-AN INTERNATIONAL JOURNAL OF POLICY ADMINISTRATION AND INSTITUTIONS,CAS 2区
GOVERNMENT AND OPPOSITION,CAS 1区 Top
GOVERNMENT INFORMATION QUARTERLY,CAS 1区 Top
GOYA,CAS 3区
GPS SOLUTIONS,CAS 1区 Top
Gradevinar,CAS 4区
Gradevnski Materijiali I Konstrukcije-Building Materials and Structures,CAS 4区
GRADIVA,CAS 4区
GRAEFES ARCHIVE FOR CLINICAL AND EXPERIMENTAL OPHTHALMOLOGY,CAS 3区
Grafica-Journal of Graphic Design,CAS 4区
Gragoata-UFF,CAS 4区
GRAIN & OIL SCIENCE AND TECHNOLOGY,Indexed
GRANA,CAS 4区
Granja-Revista de Ciencias de la Vida,CAS 4区
Gran Tour,CAS 4区
GRANULAR MATTER,CAS 3区
GRAPHICAL MODELS,CAS 3区
GRAPHS AND COMBINATORICS,CAS 4区
GRASAS Y ACEITES,CAS 4区
GRASS AND FORAGE SCIENCE,CAS 2区
Grassland Research,Indexed
GRASSLAND SCIENCE,CAS 4区
Grass Research,Indexed
Gravitation & Cosmology,CAS 4区
Grazer Philosophische Studien-International Journal for Analytic Philosophy,CAS 4区
GREAT PLAINS QUARTERLY,CAS 4区
GREECE & ROME,CAS 4区
GREEK ROMAN AND BYZANTINE STUDIES,CAS 3区
Green Analytical Chemistry,Indexed
Green Chemical Engineering,CAS 2区
GREEN CHEMISTRY,CAS 1区 Top
Green Chemistry Letters and Reviews,CAS 2区
Green Energy and Intelligent Transportation,Indexed
Green Energy & Environment,CAS 1区 Top
Green Finance,CAS 2区
Greenhouse Gases-Science and Technology,CAS 4区
Green Materials,CAS 4区
Green Processing and Synthesis,CAS 4区
GREEN SCIENCES,Indexed
Green Synthesis and Catalysis,CAS 1区 Top
Grey Room,CAS 3区
Grey Systems-Theory and Application,CAS 3区
Griffith Law Review,CAS 3区
Griot-Revista de Filosofia,CAS 4区
Gripla,CAS 3区
Grotiana,CAS 3区
Grounded Theory Review,CAS 4区
Groundwater,CAS 4区
Groundwater for Sustainable Development,CAS 2区
GROUND WATER MONITORING AND REMEDIATION,CAS 4区
GROUP DECISION AND NEGOTIATION,CAS 4区
GROUP DYNAMICS-THEORY RESEARCH AND PRACTICE,CAS 3区
GROUP & ORGANIZATION MANAGEMENT,CAS 3区
GROUP PROCESSES & INTERGROUP RELATIONS,CAS 2区
Groups Complexity Cryptology,CAS 4区
Groups Geometry and Dynamics,CAS 3区
GROWTH AND CHANGE,CAS 3区
GROWTH FACTORS,CAS 4区
GROWTH HORMONE & IGF RESEARCH,CAS 4区
Grundwasser,CAS 4区
GRUPPENPSYCHOTHERAPIE UND GRUPPENDYNAMIK,CAS 4区
GUERRES MONDIALES ET CONFLITS CONTEMPORAINS,CAS 4区
Guidance Navigation and Control,Indexed
Guiniguada,CAS 4区
GULF AND CARIBBEAN RESEARCH,CAS 4区
Guncel Pediatri-Journal of Current Pediatrics,CAS 4区
Gurukul Business Review-GBR,CAS 4区
GUT,CAS 1区 Top
Gut and Liver,CAS 3区
Gut Microbes,CAS 1区 Top
Gut Pathogens,CAS 3区
GYMNASIUM,CAS 3区
Gynakologie,CAS 4区
Gynakologische Endokrinologie,CAS 4区
GYNECOLOGICAL ENDOCRINOLOGY,CAS 4区
GYNECOLOGIC AND OBSTETRIC INVESTIGATION,CAS 4区
Gynecologic Oncology,CAS 2区 Top
Gynecologic Oncology Reports,CAS 4区
Gynecologie Obstetrique Fertilite & Senologie,CAS 4区
Gynecology and Minimally Invasive Therapy-GMIT,CAS 4区
Gynecology and Pelvic Medicine,Indexed
H2Open Journal,CAS 4区
Habis,Indexed
HABITAT INTERNATIONAL,CAS 1区 Top
Habitat y Sociedad,CAS 4区
Hacettepe Journal of Mathematics and Statistics,CAS 4区
Hacettepe Universitesi Egitim Fakultesi Dergisi-Hacettepe University Journal of Education,CAS 4区
Hacienda Publica Espanola-Review of Public Economics,CAS 4区
Hacquetia,CAS 4区
HAEMATOLOGICA,CAS 1区 Top
HAEMOPHILIA,CAS 2区
Hagiographica,CAS 3区
Hague Journal of Diplomacy,CAS 3区
Hague Journal on the Rule of Law,CAS 1区 Top
HAHR-Hispanic American Historical Review,SSCI/SCI/AHCI
Haide,Indexed
Hallazgos-Revista de Investigaciones,CAS 4区
Hamostaseologie,CAS 4区
Hand-American Association for Hand Surgery,CAS 3区
Handchirurgie Mikrochirurgie Plastische Chirurgie,CAS 4区
HAND CLINICS,CAS 4区
Hand Surgery & Rehabilitation,CAS 4区
Hand Therapy,CAS 4区
HardwareX,CAS 4区
HARMFUL ALGAE,CAS 2区 Top
Harm Reduction Journal,CAS 2区
Harold Pinter Review-Essays on Contemporary Drama,CAS 2区
HARVARD BUSINESS REVIEW,CAS 4区
HARVARD CIVIL RIGHTS-CIVIL LIBERTIES LAW REVIEW,CAS 4区
Harvard Data Science Review,Indexed
HARVARD EDUCATIONAL REVIEW,CAS 2区
HARVARD ENVIRONMENTAL LAW REVIEW,CAS 4区
HARVARD INTERNATIONAL LAW JOURNAL,Indexed
HARVARD JOURNAL OF ASIATIC STUDIES,CAS 4区
HARVARD JOURNAL OF LAW AND PUBLIC POLICY,CAS 4区
HARVARD JOURNAL ON LEGISLATION,CAS 4区
HARVARD LAW REVIEW,CAS 2区
HARVARD REVIEW OF PSYCHIATRY,SSCI/SCIE/SCI
HARVARD THEOLOGICAL REVIEW,CAS 2区
Haseki TIp Bulteni-Medical Bulletin of Haseki,CAS 4区
HASELTONIA,CAS 4区
Haser-Revista Internacional de Filosofia Aplicada,CAS 4区
HASTINGS CENTER REPORT,SSCI/SCIE/SCI
HASTINGS LAW JOURNAL,CAS 4区
HAU-Journal of Ethnographic Theory,CAS 4区
Hawwa,CAS 4区
HEADACHE,CAS 2区
HEAD AND NECK-JOURNAL FOR THE SCIENCES AND SPECIALTIES OF THE HEAD AND NECK,CAS 3区
Head & Face Medicine,CAS 2区
Head & Neck Pathology,CAS 2区
HEALTH,CAS 4区
HEALTH AFFAIRS,SSCI/SCIE/SCI
Health Affairs Scholar,Indexed
Health and History,CAS 4区
Health and Human Rights,CAS 3区
Health and Quality of Life Outcomes,SSCI/SCIE/SCI
Health and Technology,CAS 4区
Health Behavior and Policy Review,CAS 4区
Healthcare,SSCI/SCIE/SCI
HEALTH CARE ANALYSIS,CAS 3区
Health Care for Women International,CAS 4区
Healthcare Informatics Research,CAS 4区
Healthcare in Low-resource Settings,CAS 4区
HEALTH CARE MANAGEMENT REVIEW,CAS 4区
Health Care Management Science,CAS 3区
Health Care Science,CAS 4区
Healthcare Technology Letters,CAS 4区
HealthCare-The Journal of Delivery Science and Innovation,CAS 4区
HEALTH COMMUNICATION,CAS 3区
HEALTH ECONOMICS,SSCI/SCIE/SCI
Health Economics Policy and Law,CAS 2区
Health Economics Review,CAS 3区
Health Education,CAS 4区
HEALTH EDUCATION & BEHAVIOR,CAS 4区
HEALTH EDUCATION JOURNAL,CAS 4区
HEALTH EDUCATION RESEARCH,CAS 4区
Health Equity,CAS 3区
HEALTH EXPECTATIONS,SSCI/SCIE/SCI
Health Informatics Journal,CAS 3区
Health Information and Libraries Journal,CAS 4区
Health Information Management Journal,SSCI/SCIE/SCI
Health Information Science and Systems,CAS 2区
Health & Justice,CAS 2区
Health Marketing Quarterly,Indexed
HEALTH PHYSICS,CAS 4区
HEALTH & PLACE,SSCI/SCIE/SCI
HEALTH POLICY,SSCI/SCIE/SCI
HEALTH POLICY AND PLANNING,SSCI/SCIE/SCI
Health Policy and Technology,CAS 4区
Health Policy OPEN,CAS 4区
Health Problems of Civilization,CAS 4区
Health Promotion and Chronic Disease Prevention in Canada-Research Policy and Practice,CAS 4区
HEALTH PROMOTION INTERNATIONAL,SSCI/SCIE/SCI
Health Promotion Journal of Australia,CAS 4区
Health Promotion Perspectives,CAS 4区
Health Promotion Practice,CAS 4区
HEALTH PSYCHOLOGY,SSCI/SCIE/SCI
Health Psychology and Behavioral Medicine,CAS 3区
Health Psychology Open,CAS 4区
Health Psychology Report,CAS 4区
Health Psychology Research,CAS 4区
Health Psychology Review,CAS 2区
Health Reports,SSCI/SCIE/SCI
Health Research Policy and Systems,CAS 2区
HEALTH RISK & SOCIETY,CAS 4区
Health SA Gesondheid,CAS 4区
Health Science Reports,CAS 4区
Health Scope,CAS 4区
Health Security,CAS 4区
Health Services and Outcomes Research Methodology,CAS 4区
Health Services Insights,CAS 3区
Health Services Management Research,CAS 4区
HEALTH SERVICES RESEARCH,SSCI/SCIE/SCI
Health Services Research and Managerial Epidemiology,CAS 4区
HEALTH & SOCIAL CARE IN THE COMMUNITY,CAS 4区
HEALTH & SOCIAL WORK,CAS 4区
Health Sociology Review,CAS 3区
Health Systems,CAS 4区
Health Systems & Reform,CAS 3区
HEALTH TECHNOLOGY ASSESSMENT,CAS 3区
Hearing Balance and Communication,CAS 4区
HEARING RESEARCH,CAS 2区
HEART,CAS 2区 Top
Heart and Mind,CAS 4区
HEART AND VESSELS,CAS 4区
Heart Failure Clinics,CAS 3区
HEART FAILURE REVIEWS,CAS 2区
Heart International,CAS 4区
HEART & LUNG,CAS 4区
Heart Lung and Circulation,CAS 3区
HEART RHYTHM,CAS 1区 Top
Heart Rhythm O2,CAS 3区
HEART SURGERY FORUM,CAS 4区
Heart Views,CAS 4区
HEAT AND MASS TRANSFER,CAS 4区
Heat Transfer,CAS 4区
HEAT TRANSFER ENGINEERING,CAS 4区
HEAT TRANSFER RESEARCH,CAS 4区
Hebrew Bible and Ancient Israel,CAS 3区
HEC Forum,CAS 4区
HEGEL-STUDIEN,CAS 3区
He Kupu,CAS 4区
HELICOBACTER,CAS 2区
HELIOS,CAS 2区
Heliyon,CAS 4区
Hellenic Journal of Cardiology,CAS 4区
Hellenic Journal of Nuclear Medicine,CAS 4区
HELMINTHOLOGIA,CAS 4区
HELVETICA CHIMICA ACTA,CAS 4区
HemaSphere,CAS 3区
Hemato,CAS 4区
HEMATOLOGICAL ONCOLOGY,CAS 4区
Hematologie,CAS 4区
Hematology,CAS 4区
Hematology-American Society of Hematology Education Program,CAS 3区
HEMATOLOGY-ONCOLOGY CLINICS OF NORTH AMERICA,CAS 3区
Hematology Reports,CAS 4区
Hematology Transfusion and Cell Therapy,CAS 4区
Hemijska Industrija,CAS 4区
Hemodialysis International,CAS 4区
HEMOGLOBIN,CAS 4区
HENRY JAMES REVIEW,CAS 4区
Hepatic Medicine-Evidence and Research,CAS 4区
Hepatic Oncology,CAS 4区
Hepatitis Monthly,CAS 4区
Hepatobiliary & Pancreatic Diseases International,CAS 3区
Hepatobiliary Surgery and Nutrition,CAS 1区 Top
HEPATOLOGY,CAS 1区 Top
Hepatology Communications,CAS 2区 Top
Hepatology Forum,CAS 4区
Hepatology International,CAS 1区 Top
HEPATOLOGY RESEARCH,CAS 3区
Hepatoma Research,CAS 4区
Herald of an Archivist,CAS 4区
HERALD OF THE RUSSIAN ACADEMY OF SCIENCES,CAS 4区
Heranca-Revista de Historia Patrimonio e Cultura,CAS 3区
HERD-Health Environments Research & Design Journal,CAS 4区
Hereditary Cancer in Clinical Practice,CAS 4区
HEREDITAS,CAS 4区
HEREDITY,CAS 2区
Heritage,CAS 3区
Heritage and Society,CAS 3区
Heritage Language Journal,CAS 3区
Heritage Science,CAS 2区
Hermeneia,CAS 4区
Hermeneus,CAS 4区
H-ermes-Journal of Communication,CAS 4区
HERMES-ZEITSCHRIFT FUR KLASSISCHE PHILOLOGIE,CAS 3区
Hernia,CAS 2区 Top
Heroin Addiction and Related Clinical Problems,CAS 4区
HERPETOLOGICA,CAS 3区
Herpetological Conservation and Biology,CAS 4区
HERPETOLOGICAL JOURNAL,CAS 4区
HERPETOLOGICAL MONOGRAPHS,CAS 4区
HERPETOZOA,CAS 4区
HERZ,CAS 4区
HERZOGIA,CAS 4区
HESPERIA,CAS 1区 Top
Hesperis-Tamuda,CAS 4区
HETEROATOM CHEMISTRY,CAS 4区
HETEROCYCLIC COMMUNICATIONS,CAS 4区
Heterocyclic Letters,CAS 4区
HEYTHROP JOURNAL,CAS 4区
Hidrobiologica,CAS 4区
HIGH ABILITY STUDIES,CAS 3区
HIGH ALTITUDE MEDICINE & BIOLOGY,CAS 4区
High Blood Pressure & Cardiovascular Prevention,CAS 3区
High-Confidence Computing,CAS 3区
HIGH ENERGY CHEMISTRY,CAS 4区
High Energy Density Physics,CAS 4区
HIGHER EDUCATION,CAS 1区 Top
Higher Education Policy,CAS 4区
HIGHER EDUCATION QUARTERLY,CAS 2区
Higher Education Research & Development,CAS 3区
Higher Education Skills and Work-based Learning,CAS 4区
HIGH PERFORMANCE POLYMERS,CAS 4区
High Power Laser Science and Engineering,CAS 1区 Top
HIGH PRESSURE RESEARCH,CAS 4区
HIGH-SPEED RAILWAY,Indexed
HIGH TEMPERATURE,CAS 4区
High Temperature Corrosion of Materials,CAS 4区
HIGH TEMPERATURE MATERIAL PROCESSES,CAS 4区
HIGH TEMPERATURE MATERIALS AND PROCESSES,CAS 4区
HIGH TEMPERATURES-HIGH PRESSURES,CAS 4区
High Voltage,CAS 2区
Hilo de la Fabula,CAS 4区
HIMALAYAN GEOLOGY,CAS 4区
Hiperboreea,CAS 4区
Hipertension y Riesgo Vascular,CAS 4区
Hipertext Net,Indexed
Hip International,CAS 4区
Hipogrifo-Revista de literatura y cultura del Siglo de Oro,CAS 3区
HIPPOCAMPUS,CAS 4区
Hippokratia,CAS 4区
Hiroshima Mathematical Journal,CAS 4区
HISPAMERICA-REVISTA DE LITERATURA,CAS 4区
HISPANIA-A JOURNAL DEVOTED TO THE TEACHING OF SPANISH AND PORTUGUESE,SSCI/SCI/AHCI
Hispania Nova,CAS 4区
HISPANIA-REVISTA ESPANOLA DE HISTORIA,CAS 4区
Hispania Sacra,CAS 3区
Hispanic Health Care International,CAS 4区
HISPANIC JOURNAL OF BEHAVIORAL SCIENCES,CAS 4区
Hispanic Research Journal-Iberian and Latin American Studies,CAS 3区
HISPANIC REVIEW,CAS 3区
HISPANOFILA,CAS 4区
HISTOCHEMISTRY AND CELL BIOLOGY,CAS 4区
HISTOIRE SOCIALE-SOCIAL HISTORY,CAS 4区
HISTOLOGY AND HISTOPATHOLOGY,CAS 4区
HISTOPATHOLOGY,CAS 2区
Historelo-Revista de Historia Regional y Local,CAS 4区
HISTORIA,CAS 4区
Historia 396,CAS 4区
Historia Actual Online,CAS 4区
Historia Agraria,SSCI/SCI/AHCI
Historia Caribe,CAS 4区
Historia Ciencias Saude-Manguinhos,CAS 4区
Historia Constitucional,CAS 4区
Historia Contemporanea,CAS 4区
Historia Critica,SSCI/SCI/AHCI
Historia da Historiografia,CAS 3区
Historia e Cultura,CAS 4区
Historia Historias,CAS 4区
Historia Instituciones Documentos,CAS 4区
HISTORIA MATHEMATICA,SSCI/SCIE/SCI/AHCI
HISTORIA MEXICANA,CAS 4区
HISTORIAN,CAS 4区
Historia Philosophica-An International Journal,Indexed
Historia-Santiago,CAS 4区
Historia Social,CAS 4区
Historia Unisinos,CAS 4区
Historia y Comunicacion Social,CAS 4区
Historia y Espacio,CAS 4区
Historia y Memoria,CAS 4区
Historia y Memoria de la Educacion,CAS 4区
Historia y Politica,SSCI/SCI/AHCI
Historia y Sociedad,CAS 4区
HISTORIA-ZEITSCHRIFT FUR ALTE GESCHICHTE,CAS 2区
HISTORICAL ARCHAEOLOGY,CAS 3区
HISTORICAL BIOLOGY,CAS 3区
Historical Encounters-A Journal of Historical Consciousness Historical Cultures and History Education,CAS 3区
HISTORICAL JOURNAL,SSCI/SCI/AHCI
HISTORICAL JOURNAL OF FILM RADIO AND TELEVISION,CAS 3区
Historical Materialism-Research in Critical Marxist Theory,SSCI/SCI/AHCI
HISTORICAL METHODS,SSCI/SCI/AHCI
Historical Records of Australian Science,SCIE/SCI/AHCI
HISTORICAL REFLECTIONS-REFLEXIONS HISTORIQUES,CAS 3区
HISTORICAL RESEARCH,CAS 2区 Top
Historical Review-La Revue Historique,CAS 4区
Historical Social Research-Historische Sozialforschung,CAS 3区
Historical Studies in Education-Canada,CAS 4区
Historical Studies in the Natural Sciences,SSCI/SCIE/SCI/AHCI
Historic Environment-Policy & Practice,CAS 3区
Historicka Sociologie,CAS 4区
HISTORICKY CASOPIS,CAS 4区
Histories,Indexed
Historiografias-Revista de Historia y Teoria,CAS 4区
HISTORIOGRAPHIA LINGUISTICA,SSCI/SCI/AHCI
HISTORISCHES JAHRBUCH,CAS 3区
Historische Zeitschrift,CAS 3区
Historisk Tidskrift,CAS 4区
HISTORISK TIDSSKRIFT,CAS 3区
HISTORY,CAS 3区
History and Anthropology,SSCI/SCI/AHCI
HISTORY AND PHILOSOPHY OF LOGIC,SCIE/SCI/AHCI
HISTORY AND PHILOSOPHY OF THE LIFE SCIENCES,SSCI/SCIE/SCI/AHCI
History and Sociology of South Asia,CAS 4区
History and Technology,CAS 2区
HISTORY AND THEORY,SSCI/SCI/AHCI
History Australia,Indexed
History Compass,CAS 3区
History & Memory,CAS 2区
History of Economics Review,CAS 4区
History of Economic Thought and Policy,CAS 4区
History of Education,CAS 4区
History of Education & Childrens Literature,CAS 4区
HISTORY OF EDUCATION QUARTERLY,CAS 4区
History of Education Review,CAS 3区
HISTORY OF EUROPEAN IDEAS,CAS 2区
History of Geo- and Space Sciences,SSCI/SCIE/SCI
History of Philosophy & Logical Analysis,CAS 4区
HISTORY OF PHOTOGRAPHY,CAS 2区 Top
HISTORY OF POLITICAL ECONOMY,CAS 2区
HISTORY OF POLITICAL THOUGHT,CAS 2区
HISTORY OF PSYCHIATRY,CAS 4区
History of Psychology,CAS 3区
HISTORY OF RELIGIONS,CAS 3区
HISTORY OF SCIENCE,SSCI/SCIE/SCI/AHCI
History of science and technology,CAS 4区
History of the Family,CAS 2区 Top
HISTORY OF THE HUMAN SCIENCES,SSCI/SCIE/SCI/AHCI
HISTORY TODAY,CAS 4区
HISTORY WORKSHOP JOURNAL,SSCI/SCI/AHCI
Histria,CAS 4区
Hitit Theology Journal,CAS 4区
HITOTSUBASHI JOURNAL OF ECONOMICS,CAS 4区
HIV AIDS-Research and Palliative Care,CAS 4区
HIV & AIDS Review,CAS 4区
HIV MEDICINE,CAS 3区
HIV Research & Clinical Practice,CAS 4区
HLA,CAS 4区
HNO,CAS 4区
Hobbes Studies,CAS 4区
Hokkaido Mathematical Journal,CAS 4区
Holistic Nursing Practice,SSCI/SCIE/SCI
HOLOCAUST AND GENOCIDE STUDIES,CAS 2区
Holocaust Studies,Indexed
Holocaust-Studii si Cercetari,CAS 4区
HOLOCENE,CAS 3区
Holos,CAS 4区
HOLZFORSCHUNG,CAS 3区
Home Cultures,CAS 2区
Home Health Care Management and Practice,CAS 4区
HOME HEALTH CARE SERVICES QUARTERLY,CAS 4区
Homeopathy,CAS 4区
Homicide Studies,CAS 4区
HOMO-JOURNAL OF COMPARATIVE HUMAN BIOLOGY,CAS 4区
Homology Homotopy and Applications,CAS 2区
Homo Oeconomicus-Journal of Behavioral and Institutional Economics,CAS 4区
Honam Mathematical Journal,CAS 4区
Hong Kong Journal of Dermatology & Venereology,CAS 4区
Hong Kong Journal of Emergency Medicine,CAS 4区
Hong Kong Journal of Occupational Therapy,CAS 4区
Hong Kong Journal of Paediatrics,CAS 4区
Hong Kong Journal of Radiology,CAS 4区
Hong Kong Law Journal,CAS 4区
HONG KONG MEDICAL JOURNAL,CAS 4区
Hong Kong Physiotherapy Journal,CAS 4区
HOPOS-The Journal of the International Society for the History of Philosophy of Science,CAS 3区
Horizon-Fenomenologicheskie Issledovaniya,Indexed
HORIZONS,CAS 3区
Horizons in Biblical Theology,CAS 4区
Horizonte-Revista de Estudos de Teologia e Ciencias da Religiao,CAS 4区
Hormigon y Acero,CAS 4区
HORMONE AND METABOLIC RESEARCH,CAS 4区
Hormone Molecular Biology and Clinical Investigation,CAS 4区
Hormone Research in Paediatrics,CAS 3区
Hormones and Behavior,CAS 3区
Hormones-International Journal of Endocrinology and Metabolism,CAS 4区
Horror Studies,CAS 3区
Horticultura Brasileira,CAS 4区
Horticulturae,CAS 2区
Horticultural Plant Journal,CAS 1区 Top
HORTICULTURAL SCIENCE,CAS 4区
Horticultural Science & Technology,CAS 4区
Horticulture Environment and Biotechnology,CAS 3区
Horticulture Journal,CAS 4区
Horticulture Research,CAS 1区 Top
HORTSCIENCE,CAS 4区
HORTTECHNOLOGY,CAS 4区
Hospitality & Society,CAS 4区
Hospital Pediatrics,Indexed
HOSPITAL PHARMACY,CAS 4区
Housing Care and Support,CAS 4区
HOUSING POLICY DEBATE,CAS 3区
HOUSING STUDIES,CAS 3区
Housing Theory & Society,CAS 3区
HOUSTON JOURNAL OF MATHEMATICS,CAS 4区
How-A Colombian Journal for Teachers of English,CAS 4区
Howard Journal of Communications,CAS 2区
HPB,CAS 3区
Hrvatske Vode,Indexed
Hrvatski Dijalektoloski Zbornik,CAS 4区
Hrvatski Filmski Ljetopis,CAS 4区
Hrvatski Geografski Glasnik-Croatian Geographical Bulletin,CAS 4区
HSE-Social and Education History,CAS 4区
HSS Journal,CAS 4区
HTM-Journal of Heat Treatment and Materials,CAS 4区
HUDEBNI VEDA,CAS 3区
HUDSON REVIEW,CAS 4区
Human Affairs-Postdisciplinary Humanities & Social Sciences Quarterly,CAS 4区
Humana Mente-Journal of Philosophical Studies,CAS 3区
HUMAN AND ECOLOGICAL RISK ASSESSMENT,CAS 4区
Human-Animal Interactions,Indexed
Human Arenas,CAS 3区
Human Behavior and Emerging Technologies,CAS 3区
HUMAN BRAIN MAPPING,CAS 2区
Human Cell,CAS 3区
Human-centric Computing and Information Sciences,CAS 3区
HUMAN COMMUNICATION RESEARCH,CAS 1区 Top
HUMAN-COMPUTER INTERACTION,CAS 2区
HUMAN DEVELOPMENT,CAS 1区 Top
HUMAN DIMENSIONS OF WILDLIFE,CAS 3区
HUMAN ECOLOGY,CAS 4区
Human Ecology Review,CAS 4区
HUMAN & EXPERIMENTAL TOXICOLOGY,CAS 4区
HUMAN FACTORS,SSCI/SCIE/SCI
Human Factors and Ergonomics in Manufacturing & Service Industries,SSCI/SCIE/SCI
Human Factors in Healthcare,Indexed
Human Fertility,CAS 4区
Human Gene,CAS 4区
HUMAN GENE THERAPY,CAS 3区
HUMAN GENETICS,CAS 2区
Human Genetics and Genomics Advances,CAS 2区
Human Genome Variation,CAS 4区
Human Genomics,CAS 2区
HUMAN HEREDITY,CAS 4区
Humanidades & Inovacao,CAS 4区
HUMAN IMMUNOLOGY,CAS 4区
Humanitas-Portugal,CAS 4区
Humanities-Basel,CAS 3区
Humanities & Social Sciences Communications,SSCI/SCI/AHCI
Humanity-An International Journal of Human Rights Humanitarianism and Development,CAS 3区
HUMAN MOLECULAR GENETICS,CAS 2区
Human Movement,Indexed
HUMAN MOVEMENT SCIENCE,SSCI/SCIE/SCI
HUMAN MUTATION,CAS 2区
HUMAN NATURE-AN INTERDISCIPLINARY BIOSOCIAL PERSPECTIVE,CAS 2区
Human Nutrition & Metabolism,CAS 4区
HUMAN ORGANIZATION,CAS 4区
HUMAN PATHOLOGY,CAS 3区
Human Pathology Reports,Indexed
HUMAN PERFORMANCE,CAS 3区
HUMAN PSYCHOPHARMACOLOGY-CLINICAL AND EXPERIMENTAL,CAS 4区
HUMAN RELATIONS,CAS 2区
HUMAN REPRODUCTION,CAS 1区 Top
Human Reproduction Open,CAS 2区
HUMAN REPRODUCTION UPDATE,CAS 1区 Top
HUMAN RESOURCE DEVELOPMENT INTERNATIONAL,CAS 3区
Human Resource Development Quarterly,CAS 3区
Human Resource Development Review,CAS 2区
HUMAN RESOURCE MANAGEMENT,CAS 2区
Human Resource Management Journal,CAS 2区
HUMAN RESOURCE MANAGEMENT REVIEW,CAS 1区 Top
Human Resources for Health,CAS 2区
Human Rights Law Review,CAS 2区
HUMAN RIGHTS QUARTERLY,CAS 4区
Human Rights Review,CAS 3区
Human Service Organizations Management Leadership & Governance,CAS 3区
Human Sport Medicine,CAS 4区
HUMAN STUDIES,CAS 3区
HUMAN SYSTEMS MANAGEMENT,CAS 4区
Human Vaccines & Immunotherapeutics,CAS 3区
Human-Wildlife Interactions,CAS 4区
Hume Studies,CAS 2区
HUMOR-INTERNATIONAL JOURNAL OF HUMOR RESEARCH,SSCI/SCI/AHCI
Hungarian Cultural Studies,CAS 4区
Hungarian Geographical Bulletin,CAS 4区
Hungarian Journal of Industry and Chemistry,CAS 4区
HUNTINGTON LIBRARY QUARTERLY,CAS 3区
HUSSERL STUDIES,CAS 1区 Top
Hybris-Revista de Filosofia,CAS 4区
HYDROBIOLOGIA,CAS 3区
Hydrogen,Indexed
HYDROGEOLOGY JOURNAL,CAS 3区
HYDROLOGICAL PROCESSES,CAS 3区
Hydrological Research Letters,CAS 4区
Hydrological Sciences Journal,CAS 4区
Hydrologie und Wasserbewirtschaftung,CAS 4区
Hydrology,CAS 3区
HYDROLOGY AND EARTH SYSTEM SCIENCES,CAS 1区 Top
Hydrology Research,CAS 4区
HYDROMETALLURGY,CAS 2区
Hygiene and Environmental Health Advances,Indexed
Hypatia-A Journal of Feminist Philosophy,SSCI/SCI/AHCI
HYPERTENSION,CAS 1区 Top
HYPERTENSION IN PREGNANCY,CAS 4区
HYPERTENSION RESEARCH,CAS 3区
Hypertension Research in Pregnancy,CAS 4区
Hypnos,CAS 4区
HYSTRIX-Italian Journal of Mammalogy,CAS 4区
i2 Investigacion e Innovacion en Arquitectura y Territorio,CAS 4区
IACR Transactions on Symmetric Cryptology,CAS 2区
IADIS-International Journal on Computer Science and Information Systems,CAS 4区
IAFOR Journal of Education,Indexed
IARTEM e-Journal,CAS 4区
Iatreia,CAS 4区
IATSS Research,CAS 2区
IAWA JOURNAL,CAS 3区
Iberian Journal of the History of Economic Thought,CAS 4区
Iberica,SSCI/SCI/AHCI
Iberoamericana,CAS 4区
Iberoamerican Journal of Development Studies,CAS 4区
IBEROROMANIA,CAS 3区
Ibersid-Revista de Sistemas de Informacion y Documentacion,CAS 4区
IBIS,CAS 3区
Ibnosina Journal of Medicine and Biomedical Sciences,CAS 4区
IBRO Neuroscience Reports,CAS 4区
Ibsen Studies,CAS 1区 Top
ICARUS,CAS 3区
Icelandic Agricultural Sciences,CAS 4区
Icelandic Review of Politics & Administration,CAS 4区
ICES JOURNAL OF MARINE SCIENCE,CAS 2区 Top
ICGA JOURNAL,CAS 4区
ICHNOS-AN INTERNATIONAL JOURNAL FOR PLANT AND ANIMAL TRACES,CAS 4区
ICHTHYOLOGICAL EXPLORATION OF FRESHWATERS,Indexed
ICHTHYOLOGICAL RESEARCH,CAS 4区
Ichthyology and Herpetology,CAS 3区
ICL Journal-Vienna Journal on International Constitutional Law,CAS 4区
ICONARP International Journal of Architecture and Planning,CAS 4区
ICON-INTERNATIONAL JOURNAL OF CONSTITUTIONAL LAW,CAS 3区
Iconographica,CAS 4区
Iconos,CAS 4区
IC-Revista Cientifica de Informacion y Comunicacion,CAS 4区
ICSID Review-Foreign Investment Law Journal,CAS 4区
ICT Express,CAS 3区
IDA-International Design and Art Journal,Indexed
IDCases,CAS 4区
IDEALISTIC STUDIES,CAS 3区
Ideas in Ecology and Evolution,Indexed
Ideas y Valores,CAS 4区
Ideggyogyaszati Szemle-Clinical Neuroscience,CAS 4区
Identidade,CAS 4区
IDENTITIES-GLOBAL STUDIES IN CULTURE AND POWER,SSCI/SCI/AHCI
Identity-An International Journal of Theory and Research,CAS 2区
Idojaras,CAS 4区
Ido Movement for Culture-Journal of Martial Arts Anthropology,CAS 4区
IDP-Internet Law and Politics,CAS 4区
IDS BULLETIN-INSTITUTE OF DEVELOPMENT STUDIES,CAS 4区
IEEE Access,CAS 4区
IEEE-ACM Transactions on Audio Speech and Language Processing,CAS 2区
IEEE-ACM Transactions on Computational Biology and Bioinformatics,CAS 3区
IEEE-ACM TRANSACTIONS ON NETWORKING,CAS 3区
IEEE AEROSPACE AND ELECTRONIC SYSTEMS MAGAZINE,CAS 3区
IEEE ANNALS OF THE HISTORY OF COMPUTING,SCIE/SCI/AHCI
IEEE ANTENNAS AND PROPAGATION MAGAZINE,CAS 3区
IEEE Antennas and Wireless Propagation Letters,CAS 2区
IEEE-ASME TRANSACTIONS ON MECHATRONICS,CAS 1区 Top
IEEE-CAA Journal of Automatica Sinica,CAS 1区 Top
IEEE Canadian Journal of Electrical and Computer Engineering,CAS 4区
IEEE Circuits and Systems Magazine,CAS 2区
IEEE COMMUNICATIONS LETTERS,CAS 3区
IEEE COMMUNICATIONS MAGAZINE,CAS 2区
IEEE Communications Surveys and Tutorials,CAS 1区 Top
IEEE Computational Intelligence Magazine,CAS 2区
IEEE Computer Architecture Letters,CAS 4区
IEEE COMPUTER GRAPHICS AND APPLICATIONS,CAS 4区
IEEE Consumer Electronics Magazine,CAS 4区
IEEE Control Systems Letters,CAS 3区
IEEE CONTROL SYSTEMS MAGAZINE,CAS 3区
IEEE Design & Test,CAS 4区
IEEE ELECTRICAL INSULATION MAGAZINE,CAS 4区
IEEE Electrification Magazine,CAS 4区
IEEE ELECTRON DEVICE LETTERS,CAS 2区
IEEE Embedded Systems Letters,CAS 4区
IEEE Geoscience and Remote Sensing Letters,CAS 3区
IEEE Geoscience and Remote Sensing Magazine,CAS 1区 Top
IEEE Industrial Electronics Magazine,CAS 2区
IEEE INDUSTRY APPLICATIONS MAGAZINE,CAS 4区
IEEE INSTRUMENTATION & MEASUREMENT MAGAZINE,CAS 4区
IEEE INTELLIGENT SYSTEMS,CAS 4区
IEEE Intelligent Transportation Systems Magazine,CAS 3区
IEEE INTERNET COMPUTING,CAS 3区
IEEE Internet of Things Journal,CAS 2区 Top
IEEE Journal of Biomedical and Health Informatics,CAS 2区 Top
IEEE Journal of Electromagnetics RF and Microwaves in Medicine and Biology,CAS 3区
IEEE Journal of Emerging and Selected Topics in Industrial Electronics,Indexed
IEEE Journal of Emerging and Selected Topics in Power Electronics,CAS 2区 Top
IEEE Journal of Microwaves,CAS 2区
IEEE JOURNAL OF OCEANIC ENGINEERING,CAS 3区
IEEE Journal of Photovoltaics,CAS 4区
IEEE JOURNAL OF QUANTUM ELECTRONICS,CAS 3区
IEEE Journal of Radio Frequency Identification,CAS 4区
IEEE Journal of Selected Topics in Applied Earth Observations and Remote Sensing,CAS 2区
IEEE JOURNAL OF SELECTED TOPICS IN QUANTUM ELECTRONICS,CAS 2区
IEEE Journal of Selected Topics in Signal Processing,CAS 2区
IEEE JOURNAL OF SOLID-STATE CIRCUITS,CAS 1区 Top
IEEE Journal of the Electron Devices Society,CAS 3区
IEEE Journal of Translational Engineering in Health and Medicine,CAS 3区
IEEE Journal on Emerging and Selected Topics in Circuits and Systems,CAS 2区
IEEE Journal on Exploratory Solid-State Computational Devices and Circuits,CAS 4区
IEEE Journal on Miniaturization for Air and Space Systems,Indexed
IEEE Journal on Multiscale and Multiphysics Computational Techniques,CAS 3区
IEEE JOURNAL ON SELECTED AREAS IN COMMUNICATIONS,CAS 1区 Top
IEEE Journal on Selected Areas in Information Theory,Indexed
IEEE Latin America Transactions,CAS 4区
IEEE Letters on Electromagnetic Compatibility Practice and Applications,CAS 4区
IEEE Magnetics Letters,CAS 4区
IEEE MICRO,CAS 3区
IEEE Microwave and Wireless Technology Letters,CAS 2区
IEEE MICROWAVE MAGAZINE,CAS 3区
IEEE MULTIMEDIA,CAS 4区
IEEE Nanotechnology Magazine,CAS 4区
IEEE NETWORK,CAS 3区
IEEE Open Access Journal of Power and Energy,CAS 3区
IEEE Open Journal of Antennas and Propagation,CAS 3区
IEEE Open Journal of Circuits and Systems,CAS 4区
IEEE Open Journal of Control Systems,Indexed
IEEE Open Journal of Engineering in Medicine and Biology,CAS 4区
IEEE Open Journal of Industry Applications,CAS 3区
IEEE Open Journal of Instrumentation and Measurement,Indexed
IEEE Open Journal of Intelligent Transportation Systems,CAS 2区
IEEE Open Journal of Nanotechnology,CAS 4区
IEEE Open Journal of Power Electronics,CAS 3区
IEEE Open Journal of Signal Processing,CAS 3区
IEEE Open Journal of the Communications Society,CAS 3区
IEEE Open Journal of the Computer Society,CAS 3区
IEEE Open Journal of the Industrial Electronics Society,CAS 2区
IEEE Open Journal of the Solid-State Circuits Society,Indexed
"IEEE Open Journal of Ultrasonics, Ferroelectrics, and Frequency Control",Indexed
IEEE Open Journal of Vehicular Technology,CAS 2区
IEEE PERVASIVE COMPUTING,CAS 4区
IEEE Photonics Journal,CAS 3区
IEEE PHOTONICS TECHNOLOGY LETTERS,CAS 3区
IEEE Power Electronics Magazine,CAS 3区
IEEE Power & Energy Magazine,CAS 3区
IEEE Pulse,CAS 4区
IEEE Reviews in Biomedical Engineering,CAS 1区 Top
IEEE Revista Iberoamericana de Tecnologias del Aprendizaje-IEEE RITA,CAS 4区
IEEE Robotics and Automation Letters,CAS 2区
IEEE ROBOTICS & AUTOMATION MAGAZINE,CAS 3区
IEEE/RSJ International Conference on Intelligent Robots and Systems (IROS),Indexed
IEEE SECURITY & PRIVACY,CAS 4区
IEEE SENSORS JOURNAL,CAS 3区
IEEE Sensors Letters,CAS 4区
IEEE SIGNAL PROCESSING LETTERS,CAS 3区
IEEE SIGNAL PROCESSING MAGAZINE,CAS 2区
IEEE SOFTWARE,CAS 4区
IEEE Solid-State Circuits Letters,CAS 3区
IEEE SPECTRUM,CAS 4区
IEEE Systems Journal,CAS 3区
IEEE Systems Man and Cybernetics Magazine,CAS 4区
IEEE TECHNOLOGY AND SOCIETY MAGAZINE,CAS 4区
IEEE TRANSACTIONS ON AEROSPACE AND ELECTRONIC SYSTEMS,CAS 2区
IEEE Transactions on Affective Computing,CAS 1区 Top
IEEE TRANSACTIONS ON ANTENNAS AND PROPAGATION,CAS 1区 Top
IEEE TRANSACTIONS ON APPLIED SUPERCONDUCTIVITY,CAS 3区
IEEE TRANSACTIONS ON AUDIO SPEECH AND LANGUAGE PROCESSING,Indexed
IEEE TRANSACTIONS ON AUTOMATIC CONTROL,CAS 2区 Top
IEEE Transactions on Automation Science and Engineering,CAS 2区
IEEE Transactions on Big Data,CAS 2区
IEEE Transactions on Biomedical Circuits and Systems,CAS 2区
IEEE TRANSACTIONS ON BIOMEDICAL ENGINEERING,CAS 2区
"IEEE Transactions on Biometrics, Behavior, and Identity Science",Indexed
IEEE TRANSACTIONS ON BROADCASTING,CAS 2区
IEEE TRANSACTIONS ON CIRCUITS AND SYSTEMS FOR VIDEO TECHNOLOGY,CAS 1区 Top
IEEE TRANSACTIONS ON CIRCUITS AND SYSTEMS II-EXPRESS BRIEFS,CAS 2区 Top
IEEE TRANSACTIONS ON CIRCUITS AND SYSTEMS I-REGULAR PAPERS,CAS 2区 Top
IEEE Transactions on Cloud Computing,CAS 2区
IEEE Transactions on Cognitive and Developmental Systems,CAS 3区
IEEE Transactions on Cognitive Communications and Networking,CAS 1区 Top
IEEE TRANSACTIONS ON COMMUNICATIONS,CAS 2区 Top
IEEE Transactions on Components Packaging and Manufacturing Technology,CAS 3区
IEEE TRANSACTIONS ON COMPUTATIONAL BIOLOGY AND BIOINFORMATICS,Indexed
IEEE Transactions on Computational Imaging,CAS 2区
IEEE Transactions on Computational Social Systems,CAS 3区
IEEE TRANSACTIONS ON COMPUTER-AIDED DESIGN OF INTEGRATED CIRCUITS AND SYSTEMS,CAS 3区
IEEE TRANSACTIONS ON COMPUTERS,CAS 2区
IEEE TRANSACTIONS ON CONSUMER ELECTRONICS,CAS 2区
IEEE Transactions on Control of Network Systems,CAS 3区
IEEE TRANSACTIONS ON CONTROL SYSTEMS TECHNOLOGY,CAS 2区
IEEE Transactions on Cybernetics,CAS 1区 Top
IEEE Transactions on Dependable and Secure Computing,CAS 2区 Top
IEEE TRANSACTIONS ON DEVICE AND MATERIALS RELIABILITY,CAS 3区
IEEE TRANSACTIONS ON DIELECTRICS AND ELECTRICAL INSULATION,CAS 2区
IEEE TRANSACTIONS ON EDUCATION,CAS 4区
IEEE TRANSACTIONS ON ELECTROMAGNETIC COMPATIBILITY,CAS 3区
IEEE TRANSACTIONS ON ELECTRON DEVICES,CAS 3区
IEEE Transactions on Emerging Topics in Computational Intelligence,CAS 2区
IEEE Transactions on Emerging Topics in Computing,CAS 2区
IEEE TRANSACTIONS ON ENERGY CONVERSION,CAS 2区
IEEE TRANSACTIONS ON ENGINEERING MANAGEMENT,SSCI/SCIE/SCI
IEEE TRANSACTIONS ON EVOLUTIONARY COMPUTATION,CAS 1区 Top
IEEE TRANSACTIONS ON FUZZY SYSTEMS,CAS 1区 Top
IEEE Transactions on Games,CAS 3区
IEEE TRANSACTIONS ON GEOSCIENCE AND REMOTE SENSING,CAS 1区 Top
IEEE Transactions on Green Communications and Networking,CAS 2区
IEEE Transactions on Haptics,CAS 3区
IEEE Transactions on Human-Machine Systems,CAS 2区
IEEE TRANSACTIONS ON IMAGE PROCESSING,CAS 1区 Top
IEEE TRANSACTIONS ON INDUSTRIAL ELECTRONICS,CAS 1区 Top
IEEE Transactions on Industrial Informatics,CAS 1区 Top
IEEE TRANSACTIONS ON INDUSTRY APPLICATIONS,CAS 2区
IEEE Transactions on Information Forensics and Security,CAS 1区 Top
IEEE TRANSACTIONS ON INFORMATION THEORY,CAS 3区
IEEE TRANSACTIONS ON INSTRUMENTATION AND MEASUREMENT,CAS 2区
IEEE TRANSACTIONS ON INTELLIGENT TRANSPORTATION SYSTEMS,CAS 2区 Top
IEEE Transactions on Intelligent Vehicles,CAS 1区 Top
IEEE TRANSACTIONS ON KNOWLEDGE AND DATA ENGINEERING,CAS 1区 Top
IEEE Transactions on Learning Technologies,SSCI/SCIE/SCI
IEEE TRANSACTIONS ON MAGNETICS,CAS 3区
IEEE TRANSACTIONS ON MEDICAL IMAGING,CAS 1区 Top
IEEE Transactions on Medical Robotics and Bionics,CAS 3区
IEEE TRANSACTIONS ON MICROWAVE THEORY AND TECHNIQUES,CAS 1区 Top
IEEE TRANSACTIONS ON MOBILE COMPUTING,CAS 1区 Top
IEEE Transactions on Molecular Biological and Multi-Scale Communications,CAS 3区
IEEE TRANSACTIONS ON MULTIMEDIA,CAS 1区 Top
IEEE TRANSACTIONS ON NANOBIOSCIENCE,CAS 3区
IEEE TRANSACTIONS ON NANOTECHNOLOGY,CAS 4区
IEEE Transactions on Network and Service Management,CAS 2区
IEEE TRANSACTIONS ON NETWORKING,Indexed
IEEE Transactions on Network Science and Engineering,CAS 2区
IEEE Transactions on Neural Networks and Learning Systems,CAS 1区 Top
IEEE TRANSACTIONS ON NEURAL SYSTEMS AND REHABILITATION ENGINEERING,CAS 2区
IEEE TRANSACTIONS ON NUCLEAR SCIENCE,CAS 2区
IEEE TRANSACTIONS ON PARALLEL AND DISTRIBUTED SYSTEMS,CAS 2区 Top
IEEE TRANSACTIONS ON PATTERN ANALYSIS AND MACHINE INTELLIGENCE,CAS 1区 Top
IEEE TRANSACTIONS ON PLASMA SCIENCE,CAS 4区
IEEE TRANSACTIONS ON POWER DELIVERY,CAS 2区
IEEE TRANSACTIONS ON POWER ELECTRONICS,CAS 1区 Top
IEEE TRANSACTIONS ON POWER SYSTEMS,CAS 1区 Top
IEEE TRANSACTIONS ON PROFESSIONAL COMMUNICATION,CAS 2区
IEEE Transactions on Quantum Engineering,Indexed
IEEE Transactions on Radiation and Plasma Medical Sciences,CAS 2区
IEEE TRANSACTIONS ON RELIABILITY,CAS 2区
IEEE Transactions on Robotics,CAS 1区 Top
IEEE TRANSACTIONS ON SEMICONDUCTOR MANUFACTURING,CAS 4区
IEEE Transactions on Services Computing,CAS 2区 Top
IEEE Transactions on Signal and Information Processing over Networks,CAS 3区
IEEE TRANSACTIONS ON SIGNAL PROCESSING,CAS 2区 Top
IEEE Transactions on Smart Grid,CAS 1区 Top
IEEE TRANSACTIONS ON SOFTWARE ENGINEERING,CAS 1区 Top
IEEE Transactions on Sustainable Computing,CAS 3区
IEEE Transactions on Sustainable Energy,CAS 1区 Top
IEEE Transactions on Systems Man Cybernetics-Systems,CAS 1区 Top
IEEE Transactions on Terahertz Science and Technology,CAS 2区
IEEE Transactions on Transportation Electrification,CAS 1区 Top
IEEE TRANSACTIONS ON ULTRASONICS FERROELECTRICS AND FREQUENCY CONTROL,CAS 3区
IEEE TRANSACTIONS ON VEHICULAR TECHNOLOGY,CAS 2区
IEEE TRANSACTIONS ON VERY LARGE SCALE INTEGRATION (VLSI) SYSTEMS,CAS 2区
IEEE TRANSACTIONS ON VISUALIZATION AND COMPUTER GRAPHICS,CAS 2区 Top
IEEE TRANSACTIONS ON WIRELESS COMMUNICATIONS,CAS 1区 Top
IEEE Vehicular Technology Magazine,CAS 3区
IEEE WIRELESS COMMUNICATIONS,CAS 2区
IEEE Wireless Communications Letters,CAS 3区
IEEJ Journal of Industry Applications,CAS 4区
IEEJ Transactions on Electrical and Electronic Engineering,CAS 4区
IEICE Communications Express,CAS 4区
IEICE Electronics Express,CAS 4区
IEICE Nonlinear Theory and Its Applications,CAS 4区
IEICE TRANSACTIONS ON COMMUNICATIONS,CAS 4区
IEICE TRANSACTIONS ON ELECTRONICS,CAS 4区
IEICE TRANSACTIONS ON FUNDAMENTALS OF ELECTRONICS COMMUNICATIONS AND COMPUTER SCIENCES,CAS 4区
IEICE TRANSACTIONS ON INFORMATION AND SYSTEMS,CAS 4区
iEnergy,CAS 4区
IET Biometrics,CAS 4区
IET Circuits Devices & Systems,CAS 4区
IET Collaborative Intelligent Manufacturing,CAS 4区
IET Communications,CAS 4区
IET Computers and Digital Techniques,CAS 4区
IET Computer Vision,CAS 4区
IET Control Theory and Applications,CAS 4区
IET Cyber-Physical Systems: Theory & Applications,CAS 4区
IET Cyber-systems and Robotics,CAS 4区
IETE JOURNAL OF RESEARCH,CAS 4区
IET Electrical Systems in Transportation,CAS 4区
IET Electric Power Applications,CAS 4区
IET Energy Systems Integration,CAS 4区
IETE TECHNICAL REVIEW,CAS 4区
IET Generation Transmission & Distribution,CAS 4区
IET Image Processing,CAS 4区
IET Information Security,CAS 4区
IET Intelligent Transport Systems,CAS 3区
IET Microwaves Antennas & Propagation,CAS 4区
IET Nanobiotechnology,CAS 4区
IET Nanodielectrics,CAS 4区
IET Networks,CAS 4区
IET Optoelectronics,CAS 4区
IET Power Electronics,CAS 4区
IET Quantum Communication,CAS 4区
IET Radar Sonar and Navigation,CAS 4区
IET Renewable Power Generation,CAS 4区
IET Science Measurement & Technology,CAS 4区
IET Signal Processing,CAS 4区
IET Smart Cities,CAS 4区
IET Smart Grid,CAS 4区
IET Software,CAS 4区
IET Systems Biology,CAS 3区
IET Wireless Sensor Systems,CAS 4区
IFAC Journal of Systems and Control,CAS 4区
IFLA JOURNAL-INTERNATIONAL FEDERATION OF LIBRARY ASSOCIATIONS,CAS 4区
iForest-Biogeosciences and Forestry,CAS 4区
Ignaziana-Rivista di Ricerca Teologica,CAS 4区
IHERINGIA SERIE BOTANICA,CAS 4区
IHERINGIA SERIE ZOOLOGIA,CAS 4区
IHS Antiguos Jesuitas en Iberoamerica,CAS 4区
IIC-INTERNATIONAL REVIEW OF INTELLECTUAL PROPERTY AND COMPETITION LAW,CAS 4区
IIMB Management Review,CAS 4区
IIM Kozhikode Society & Management Review,CAS 4区
IISE Transactions,CAS 3区
IISE Transactions on Healthcare Systems Engineering,CAS 4区
IISE Transactions on Occupational Ergonomics & Human Factors,CAS 4区
IIUM Engineering Journal,CAS 4区
IIUM Law Journal,CAS 4区
IIUM Medical Journal Malaysia,CAS 4区
Ijaz Arabi Journal of Arabic Learning,CAS 4区
IJC Heart & Vasculature,CAS 3区
IJID Regions,CAS 4区
IJISPM-International Journal of Information Systems and Project Management,CAS 4区
IJoLE-International Journal of Language Education,CAS 3区
IJU Case Reports,Indexed
Ilahiyat Studies-A Journal on Islamic and Religious Studies,CAS 4区
Ilahiyat Tetkikleri Dergisi-Journal of Ilahiyat Researches,CAS 4区
ILEF Dergisi,CAS 4区
Ilha do Desterro-A Journal of English Language Literatures in English and Cultural Studies,CAS 4区
Illes i Imperis,CAS 4区
ILLINOIS JOURNAL OF MATHEMATICS,CAS 4区
Il Pensiero Economico Italiano,Indexed
ILR Review,CAS 3区
Ilu-Revista de Ciencias de las Religiones,CAS 4区
Imafronte-Revista de Historia del Arte,CAS 4区
IMA Fungus,CAS 1区 Top
Image Analysis & Stereology,CAS 4区
IMAGE AND VISION COMPUTING,CAS 3区
Imagen Diagnostica,CAS 4区
Image Processing On Line,CAS 4区
Imagerie de la Femme,CAS 4区
Images,CAS 3区
Imaging,CAS 4区
Imaging Science in Dentistry,CAS 4区
IMAGING SCIENCE JOURNAL,CAS 4区
Imagologiya i Komparativistika-Imagology and Comparative Studies,CAS 4区
Imago Mundi-The International Journal for the History of Cartography,SSCI/SCI/AHCI
Imago-Revista de Emblematica y Cultura Visual,CAS 4区
Imago Temporis-Medium Aevum,CAS 4区
IMA JOURNAL OF APPLIED MATHEMATICS,CAS 4区
IMA Journal of Management Mathematics,SSCI/SCIE/SCI
IMA JOURNAL OF MATHEMATICAL CONTROL AND INFORMATION,CAS 4区
IMA JOURNAL OF NUMERICAL ANALYSIS,CAS 2区
iMeta,CAS 1区 Top
IMF Economic Review,CAS 2区
Immigrants and Minorities,CAS 4区
Immune Network,CAS 4区
Immunity,CAS 1区 Top
Immunity & Ageing,CAS 2区
Immunity Inflammation and Disease,CAS 4区
Immuno,CAS 4区
IMMUNOBIOLOGY,CAS 4区
IMMUNOGENETICS,CAS 4区
IMMUNOLOGICAL INVESTIGATIONS,CAS 4区
Immunological Medicine,CAS 4区
IMMUNOLOGICAL REVIEWS,CAS 2区
IMMUNOLOGIC RESEARCH,CAS 4区
IMMUNOLOGY,CAS 3区
IMMUNOLOGY AND ALLERGY CLINICS OF NORTH AMERICA,CAS 3区
IMMUNOLOGY AND CELL BIOLOGY,CAS 4区
IMMUNOLOGY LETTERS,CAS 4区
Immunometabolism,Indexed
Immunopathologia Persa,CAS 4区
IMMUNOPHARMACOLOGY AND IMMUNOTOXICOLOGY,CAS 4区
ImmunoTargets and Therapy,CAS 2区
Immunotherapy,CAS 4区
Immunotherapy Advances,CAS 4区
Impact Assessment and Project Appraisal,CAS 4区
Implantologie,CAS 4区
Implementation Research and Practice,Indexed
Implementation Science,SSCI/SCIE/SCI
Implementation Science Communications,Indexed
Implicit Religion,CAS 4区
Impossibilia-Revista Internacional de Estudios Literarios,CAS 4区
Improving Schools,CAS 4区
IN BO-Ricerche e Progetti per il Territorio la Citta e l Architettura,CAS 4区
INDAGATIONES MATHEMATICAE-NEW SERIES,CAS 4区
Independent Journal of Management & Production,CAS 4区
Independent Journal of Teaching and Learning,CAS 4区
Independent Review,CAS 4区
Index Comunicacion,CAS 4区
INDEX ON CENSORSHIP,CAS 4区
INDIANA LAW JOURNAL,CAS 3区
Indian Anaesthetists Forum,CAS 4区
INDIANA UNIVERSITY MATHEMATICS JOURNAL,CAS 2区
Indian Chemical Engineer,CAS 4区
Indian Dermatology Online Journal,CAS 4区
INDIAN ECONOMIC AND SOCIAL HISTORY REVIEW,SSCI/SCI/AHCI
Indian Economic Review,Indexed
Indian Geotechnical Journal,CAS 4区
Indian Growth and Development Review,CAS 4区
Indian Heart Journal,CAS 4区
Indian Historical Review,CAS 4区
INDIAN JOURNAL OF AGRICULTURAL SCIENCES,CAS 4区
Indian Journal of Anaesthesia,CAS 3区
Indian Journal of Animal Research,CAS 4区
INDIAN JOURNAL OF ANIMAL SCIENCES,CAS 4区
INDIAN JOURNAL OF BIOCHEMISTRY & BIOPHYSICS,CAS 4区
INDIAN JOURNAL OF CANCER,CAS 4区
INDIAN JOURNAL OF CHEMICAL TECHNOLOGY,CAS 4区
INDIAN JOURNAL OF CHEMISTRY,CAS 4区
Indian Journal of Clinical Biochemistry,CAS 4区
Indian Journal of Community Health,CAS 4区
Indian Journal of Community Medicine,CAS 4区
Indian Journal of Critical Care Medicine,CAS 4区
INDIAN JOURNAL OF DAIRY SCIENCE,CAS 4区
INDIAN JOURNAL OF DERMATOLOGY,CAS 4区
Indian Journal of Dermatology Venereology & Leprology,CAS 4区
Indian Journal of Economics and Development,CAS 4区
INDIAN JOURNAL OF ENGINEERING AND MATERIALS SCIENCES,CAS 4区
INDIAN JOURNAL OF EXPERIMENTAL BIOLOGY,CAS 4区
INDIAN JOURNAL OF FIBRE & TEXTILE RESEARCH,CAS 4区
INDIAN JOURNAL OF FISHERIES,CAS 4区
Indian Journal of Gastroenterology,CAS 4区
Indian Journal of Gender Studies,CAS 4区
INDIAN JOURNAL OF GENETICS AND PLANT BREEDING,CAS 4区
Indian Journal of Geo-Marine Sciences,CAS 4区
Indian Journal of Gynecologic Oncology,CAS 4区
Indian Journal of Hematology and Blood Transfusion,CAS 4区
INDIAN JOURNAL OF HETEROCYCLIC CHEMISTRY,CAS 4区
INDIAN JOURNAL OF HISTORY OF SCIENCE,CAS 4区
Indian Journal of Labour Economics,CAS 4区
Indian Journal of Medical and Paediatric Oncology,CAS 4区
Indian Journal of Medical Microbiology,CAS 4区
INDIAN JOURNAL OF MEDICAL RESEARCH,CAS 4区
Indian Journal of Medical Specialities,CAS 4区
INDIAN JOURNAL OF MICROBIOLOGY,CAS 4区
Indian Journal of Natural Products and Resources,CAS 4区
Indian Journal of Nephrology,CAS 4区
Indian Journal of Neurosurgery,CAS 4区
Indian Journal of Neurotrauma,CAS 4区
Indian Journal of Nuclear Medicine,CAS 4区
Indian Journal of Occupational and Environmental Medicine,CAS 4区
INDIAN JOURNAL OF OPHTHALMOLOGY,CAS 4区
Indian Journal of Orthopaedics,CAS 4区
Indian Journal of Otolaryngology and Head & Neck Surgery,CAS 4区
Indian Journal of Otology,CAS 4区
Indian Journal of Paediatric Dermatology,CAS 4区
Indian Journal of Palliative Care,CAS 4区
Indian Journal of Pathology and Microbiology,CAS 4区
INDIAN JOURNAL OF PEDIATRICS,CAS 4区
Indian Journal of Pharmaceutical Education and Research,CAS 4区
INDIAN JOURNAL OF PHARMACOLOGY,CAS 4区
INDIAN JOURNAL OF PHYSICS,CAS 4区
Indian Journal of Plastic Surgery,CAS 4区
Indian Journal of Psychiatry,SSCI/SCIE/SCI
Indian Journal of Psychological Medicine,CAS 4区
Indian Journal of Psychological Science,CAS 4区
Indian Journal of Public Health,SSCI/SCIE/SCI
INDIAN JOURNAL OF PURE & APPLIED MATHEMATICS,CAS 4区
INDIAN JOURNAL OF PURE & APPLIED PHYSICS,CAS 4区
Indian Journal of Radiology and Imaging,CAS 4区
Indian Journal of Respiratory Care,CAS 4区
Indian Journal of Rheumatology,CAS 4区
Indian Journal of Sexually Transmitted Diseases and AIDS,CAS 4区
Indian Journal of Surgery,CAS 4区
Indian Journal of Surgical Oncology,CAS 4区
Indian Journal of Thoracic and Cardiovascular Surgery,CAS 4区
Indian Journal of Traditional Knowledge,CAS 4区
Indian Journal of Transplantation,CAS 4区
Indian Journal of Urology,CAS 4区
Indian Journal of Vascular and Endovascular Surgery,CAS 4区
INDIAN PEDIATRICS,CAS 4区
India Quarterly-A Journal of International Affairs,CAS 4区
India Review,CAS 4区
In die Skriflig-In Luce Verbi,CAS 4区
Indo-European Linguistics,Indexed
INDOGERMANISCHE FORSCHUNGEN,SSCI/SCI/AHCI
INDO-IRANIAN JOURNAL,CAS 4区
Indonesia and the Malay World,CAS 3区
Indonesia Law Review,CAS 4区
Indonesian Biomedical Journal,CAS 4区
Indonesian Capital Market Review,CAS 4区
Indonesian Journal of Chemistry,CAS 4区
Indonesian Journal of Forestry Research,CAS 4区
Indonesian Journal of Geoscience,CAS 4区
Indonesian Journal of Islam and Muslim Societies,CAS 3区
Indonesian Journal of Pharmacy,CAS 4区
Indonesian Journal of Sustainability Accounting and Management,CAS 4区
INDOOR AIR,CAS 3区
INDOOR AND BUILT ENVIRONMENT,CAS 3区
INDUSTRIAL AND COMMERCIAL TRAINING,CAS 4区
INDUSTRIAL AND CORPORATE CHANGE,CAS 3区
Industrial and Organizational Psychology,Indexed
Industrial and Organizational Psychology-Perspectives on Science and Practice,CAS 3区
Industrial Archaeology Review,CAS 4区
Industrial Biotechnology,CAS 4区
Industrial Chemistry & Materials,Indexed
INDUSTRIAL CROPS AND PRODUCTS,CAS 1区 Top
Industrial Engineering and Management Systems,CAS 4区
INDUSTRIAL & ENGINEERING CHEMISTRY RESEARCH,CAS 3区
INDUSTRIAL HEALTH,CAS 4区
INDUSTRIAL LAW JOURNAL,CAS 4区
INDUSTRIAL LUBRICATION AND TRIBOLOGY,CAS 4区
INDUSTRIAL MANAGEMENT & DATA SYSTEMS,CAS 3区
INDUSTRIAL MARKETING MANAGEMENT,CAS 2区
INDUSTRIAL RELATIONS,CAS 3区
INDUSTRIAL RELATIONS JOURNAL,CAS 3区
Industrial Robot-The International Journal of Robotics Research and Application,CAS 4区
Industria Textila,CAS 4区
Industry and Higher Education,CAS 4区
Industry and Innovation,CAS 3区
In Education,CAS 4区
Infancias Imagenes,CAS 4区
INFANCY,CAS 3区
INFANT AND CHILD DEVELOPMENT,CAS 4区
INFANT BEHAVIOR & DEVELOPMENT,CAS 4区
INFANT MENTAL HEALTH JOURNAL,CAS 3区
Infant Mental Health Journal-Infancy and Early Childhood,Indexed
Infants & Young Children,CAS 4区
Infectio,Indexed
INFECTION,CAS 3区
Infection and Chemotherapy,CAS 4区
Infection and Drug Resistance,CAS 3区
INFECTION AND IMMUNITY,CAS 3区
INFECTION CONTROL AND HOSPITAL EPIDEMIOLOGY,CAS 4区
Infection Disease & Health,CAS 3区
INFECTION GENETICS AND EVOLUTION,CAS 4区
Infection Prevention in Practice,CAS 4区
Infectious Agents and Cancer,CAS 3区
INFECTIOUS DISEASE CLINICS OF NORTH AMERICA,CAS 2区
Infectious Disease Modelling,CAS 1区 Top
Infectious Disease Reports,CAS 4区
Infectious Diseases,CAS 4区
Infectious Diseases and Clinical Microbiology,CAS 4区
Infectious Diseases and Therapy,CAS 2区
Infectious Diseases & Immunity,CAS 4区
INFECTIOUS DISEASES IN CLINICAL PRACTICE,CAS 4区
Infectious Diseases Now,CAS 4区
Infectious Diseases of Poverty,CAS 1区 Top
Infectious Medicine,CAS 4区
Infectious Microbes & Diseases,CAS 4区
Infektsiya i Immunitet,CAS 4区
INFINITE DIMENSIONAL ANALYSIS QUANTUM PROBABILITY AND RELATED TOPICS,CAS 4区
INFLAMMATION,CAS 2区
Inflammation and Regeneration,CAS 3区
INFLAMMATION RESEARCH,CAS 3区
INFLAMMATORY BOWEL DISEASES,CAS 3区
INFLAMMOPHARMACOLOGY,CAS 3区
Influenza and Other Respiratory Viruses,CAS 3区
Infocommunications Journal,CAS 4区
InfoMat,CAS 1区 Top
INFOR,CAS 4区
Informacao & Sociedade-Estudos,CAS 4区
INFORMACIJE MIDEM-JOURNAL OF MICROELECTRONICS ELECTRONIC COMPONENTS AND MATERIALS,CAS 4区
Informacios Tarsadalom,CAS 4区
Informal Logic,CAS 3区
INFORMATICA,CAS 3区
Informatics-Basel,CAS 3区
Informatics for Health & Social Care,CAS 4区
Informatics in Education,CAS 4区
Information,CAS 4区
Information and Communication Technology in Musical Field,CAS 4区
INFORMATION AND COMPUTATION,CAS 4区
Information and Computer Security,CAS 4区
Information and Inference-A Journal of the IMA,CAS 4区
Information and Learning Sciences,CAS 4区
Information and Organization,CAS 3区
INFORMATION AND SOFTWARE TECHNOLOGY,CAS 2区
Information Communication & Society,CAS 1区 Top
Information & Communications Technology Law,CAS 4区
Information & Culture,SSCI/SCI/AHCI
Information Development,CAS 4区
Information Discovery and Delivery,CAS 4区
INFORMATION ECONOMICS AND POLICY,CAS 2区
Informationen aus Orthodontie und Kieferorthopaedie,CAS 4区
Information Fusion,CAS 1区 Top
Information Geographique,CAS 4区
Information Geometry,Indexed
INFORMATION & MANAGEMENT,SSCI/SCIE/SCI
Information Polity,CAS 4区
Information Processing in Agriculture,CAS 1区 Top
INFORMATION PROCESSING LETTERS,CAS 4区
INFORMATION PROCESSING & MANAGEMENT,SSCI/SCIE/SCI
INFORMATION RESEARCH-AN INTERNATIONAL ELECTRONIC JOURNAL,CAS 4区
Information Resources Management Journal,CAS 4区
Information Retrieval Journal,CAS 4区
INFORMATION SCIENCES,CAS 2区
Information Security Journal,CAS 4区
INFORMATION SOCIETY,CAS 2区
INFORMATION SYSTEMS,CAS 3区
Information Systems and E-Business Management,CAS 4区
INFORMATION SYSTEMS FRONTIERS,CAS 3区
INFORMATION SYSTEMS JOURNAL,CAS 2区
INFORMATION SYSTEMS MANAGEMENT,CAS 4区
INFORMATION SYSTEMS RESEARCH,CAS 3区
Information Technologies and Learning Tools,CAS 4区
Information Technology and Control,CAS 4区
INFORMATION TECHNOLOGY AND LIBRARIES,SSCI/SCIE/SCI
Information Technology for Development,CAS 3区
Information Technology & Management,CAS 4区
Information Technology & People,CAS 3区
Information Technology & Tourism,CAS 2区
Information Visualization,CAS 3区
INFORMATION-WISSENSCHAFT UND PRAXIS,CAS 4区
Informes Cientificos y Tecnicos,CAS 4区
Informes de la Construccion,CAS 4区
INFORMS Journal on Applied Analytics,SSCI/SCIE/SCI
INFORMS JOURNAL ON COMPUTING,CAS 3区
INFRARED PHYSICS & TECHNOLOGY,CAS 2区
Infrastructure Asset Management,CAS 4区
Infrastructures,CAS 3区
INGE CUC,CAS 4区
Ingegneria Sismica,CAS 4区
Ingenieria,CAS 4区
Ingenieria del Agua,CAS 4区
Ingenieria e Investigacion,CAS 4区
Ingenieria Solidaria,CAS 4区
Ingenieria UC,CAS 4区
Ingenieria y Competitividad,CAS 4区
Ingenium-Revista Electronica de Pensamiento Moderno y Metodologia en Historia de la Ideas,CAS 3区
Ingenius-Revista de Ciencia y Tecnologia,CAS 4区
Ingineria Automobilului,CAS 4区
INHALATION TOXICOLOGY,CAS 4区
Injury Epidemiology,SSCI/SCIE/SCI
INJURY-INTERNATIONAL JOURNAL OF THE CARE OF THE INJURED,CAS 3区
INJURY PREVENTION,SSCI/SCIE/SCI
Inland Water Biology,CAS 4区
Inland Waters,CAS 3区
INMATEH-Agricultural Engineering,CAS 4区
Innate Immunity,CAS 4区
Inner Asia,CAS 4区
Innere Medizin,CAS 4区
Innes Review,CAS 4区
Innoeduca-International Journal of Technology and Educational Innovation,CAS 4区
Innovacion Educativa,CAS 4区
Innovacion Educativa-Mexico,CAS 4区
Innovation,CAS 1区 Top
Innovation and Development,CAS 4区
Innovation and Emerging Technologies,CAS 4区
Innovation in Aging,SSCI/SCIE/SCI
Innovation in Language Learning and Teaching,CAS 3区
Innovation & Management Review,CAS 4区
Innovation-Organization & Management,CAS 4区
INNOVATIONS IN ACUPUNCTURE AND MEDICINE,Indexed
INNOVATIONS IN EDUCATION AND TEACHING INTERNATIONAL,CAS 4区
Innovations in Systems and Software Engineering,CAS 4区
Innovations-Technology and Techniques in Cardiothoracic and Vascular Surgery,CAS 4区
Innovation-The European Journal of Social Science Research,CAS 4区
Innovative Food Science & Emerging Technologies,CAS 1区 Top
Innovative Higher Education,CAS 3区
Innovative Infrastructure Solutions,CAS 4区
INNOVATIVE JOURNAL OF PEDIATRICS,Indexed
Innovative Marketing,CAS 4区
Innovative Surgical Sciences,CAS 4区
INORGANICA CHIMICA ACTA,CAS 3区
Inorganic and Nano-Metal Chemistry,CAS 4区
INORGANIC CHEMISTRY,CAS 2区
INORGANIC CHEMISTRY COMMUNICATIONS,CAS 3区
Inorganic Chemistry Frontiers,CAS 2区
INORGANIC MATERIALS,CAS 4区
Inorganic Materials-Applied Research,CAS 4区
Inorganics,CAS 3区
IN PRACTICE,CAS 4区
Inquietud Empresarial,CAS 4区
INQUIRY-AN INTERDISCIPLINARY JOURNAL OF PHILOSOPHY,SSCI/SCI/AHCI
INQUIRY-THE JOURNAL OF HEALTH CARE ORGANIZATION PROVISION AND FINANCING,SSCI/SCIE/SCI
INRAE Productions Animales,CAS 4区
Insan & Toplum-The Journal of Humanity & Society,CAS 4区
INSECT BIOCHEMISTRY AND MOLECULAR BIOLOGY,CAS 1区 Top
Insect Conservation and Diversity,CAS 2区
INSECTES SOCIAUX,CAS 3区
INSECT MOLECULAR BIOLOGY,CAS 3区
Insects,CAS 2区
Insect Science,CAS 1区 Top
Insect Systematics and Diversity,CAS 1区 Top
INSECT SYSTEMATICS & EVOLUTION,CAS 2区
INSIGHT,CAS 4区
Insight on Africa,CAS 4区
Insights into Imaging,CAS 2区 Top
Insights-The UKSG Journal,CAS 4区
Insight Turkey,CAS 4区
in silico Plants,CAS 3区
In Situ-Revue de Patrimoines,CAS 4区
Insolvency Law Journal,CAS 4区
INSTRUCTIONAL SCIENCE,CAS 2区
INSTRUMENTATION SCIENCE & TECHNOLOGY,CAS 4区
INSTRUMENTS AND EXPERIMENTAL TECHNIQUES,CAS 4区
Insuficiencia Cardiaca,CAS 4区
INSULA-REVISTA DE LETRAS Y CIENCIAS HUMANAS,CAS 4区
INSURANCE MATHEMATICS & ECONOMICS,SSCI/SCIE/SCI
Intangible Capital,CAS 4区
INTEGRAL EQUATIONS AND OPERATOR THEORY,CAS 3区
INTEGRAL TRANSFORMS AND SPECIAL FUNCTIONS,CAS 4区
Integrated Blood Pressure Control,CAS 4区
INTEGRATED COMPUTER-AIDED ENGINEERING,CAS 2区
Integrated Environmental Assessment and Management,CAS 4区
INTEGRATED FERROELECTRICS,CAS 4区
Integrated Pharmacy Research and Practice,CAS 4区
Integrating Materials and Manufacturing Innovation,CAS 3区
INTEGRATION-THE VLSI JOURNAL,CAS 3区
INTEGRATIVE AND COMPARATIVE BIOLOGY,CAS 3区
Integrative Biology,CAS 4区
INTEGRATIVE CANCER THERAPIES,CAS 4区
INTEGRATIVE CONSERVATION,Indexed
INTEGRATIVE MEDICINE IN NEPHROLOGY AND ANDROLOGY,Indexed
Integrative Medicine Reports,Indexed
Integrative Medicine Research,CAS 3区
Integrative Organismal Biology,CAS 2区
Integrative Psychological and Behavioral Science,CAS 4区
Integrative Zoology,CAS 1区 Top
Inteligencia Artificial-Iberoamerical Journal of Artificial Intelligence,CAS 4区
Inteligencia Artificial-Iberoamerican Journal of Artificial Intelligence,Indexed
Intellectual and Developmental Disabilities,CAS 4区
Intellectual Discourse,CAS 4区
Intellectual History Review,Indexed
INTELLIGENCE,CAS 2区
INTELLIGENCE AND NATIONAL SECURITY,CAS 3区
Intelligence & Robotics,Indexed
Intelligent Buildings International,CAS 4区
Intelligent Computing,Indexed
Intelligent Data Analysis,CAS 4区
Intelligent Decision Technologies-Netherlands,CAS 4区
Intelligent Medicine,CAS 4区
Intelligent Oncology,Indexed
Intelligent Pharmacy,Indexed
Intelligent Service Robotics,CAS 4区
Intelligent Systems in Accounting Finance & Management,CAS 3区
Intelligent Systems with Applications,Indexed
Intelligenza Artificiale,CAS 4区
Intensive and Critical Care Nursing,SSCI/SCIE/SCI
INTENSIVE CARE MEDICINE,CAS 1区 Top
Intensive Care Medicine Experimental,CAS 3区
Intensivist,Indexed
Interaccion y Perspectiva,CAS 4区
INTERACTING WITH COMPUTERS,SSCI/SCIE/SCI
Interaction Design and Architectures,CAS 4区
Interaction Studies,CAS 4区
Interactive Journal of Medical Research,CAS 4区
INTERACTIVE LEARNING ENVIRONMENTS,CAS 3区
Interactive Technology and Smart Education,CAS 3区
Inter-Asia Cultural Studies,SSCI/SCI/AHCI
InterCambios-Dilemas y transiciones de la Educacion Superior,CAS 4区
INTERCIENCIA,CAS 4区
Intercultural Education,CAS 4区
Intercultural Pragmatics,SSCI/SCI/AHCI
Interdisciplinaria,CAS 4区
Interdisciplinaria Archaeologica-Natural Sciences in Archaeology,CAS 4区
Interdisciplinary Cardiovascular and Thoracic Surgery,CAS 4区
Interdisciplinary Description of Complex Systems,CAS 4区
Interdisciplinary Journal for Religion and Transformation in Contemporary Society,CAS 4区
Interdisciplinary Journal of Management Studies,Indexed
Interdisciplinary Journal of Problem-Based Learning,CAS 4区
Interdisciplinary Literary Studies,CAS 4区
Interdisciplinary Materials,CAS 1区 Top
Interdisciplinary Medicine,Indexed
Interdisciplinary Neurosurgery-Advanced Techniques and Case Management,CAS 4区
INTERDISCIPLINARY SCIENCE REVIEWS,SSCI/SCIE/SCI
Interdisciplinary Sciences-Computational Life Sciences,CAS 2区
Interdisciplinary Studies of Complex Systems,CAS 4区
Interdisciplinary Studies of Literature,CAS 4区
Interest Groups & Advocacy,CAS 3区
Interface-Comunicacao Saude Educacao,CAS 4区
Interface Focus,CAS 3区
INTERFACES AND FREE BOUNDARIES,CAS 3区
Interfacial Phenomena and Heat Transfer,CAS 4区
Interiors-Design Architecture Culture,CAS 4区
Interlitteraria,CAS 4区
Intermedialites,CAS 4区
INTERMETALLICS,CAS 2区
Internal and Emergency Medicine,CAS 3区
Internal Medicine,CAS 4区
INTERNAL MEDICINE JOURNAL,CAS 4区
INTERNASJONAL POLITIKK,CAS 4区
International Advances in Economic Research,CAS 4区
INTERNATIONAL AFFAIRS,CAS 1区 Top
International Agrophysics,CAS 4区
International and Multidisciplinary Journal of Social Sciences-RIMCIS,CAS 4区
INTERNATIONAL ANESTHESIOLOGY CLINICS,CAS 4区
INTERNATIONAL ANGIOLOGY,CAS 4区
INTERNATIONAL APPLIED MECHANICS,CAS 4区
International Arab Journal of Information Technology,CAS 4区
INTERNATIONAL ARCHIVES OF ALLERGY AND IMMUNOLOGY,CAS 4区
International Archives of Health Sciences,CAS 4区
INTERNATIONAL ARCHIVES OF OCCUPATIONAL AND ENVIRONMENTAL HEALTH,CAS 3区
International Archives of Otorhinolaryngology,CAS 4区
International Area Studies Review,CAS 4区
INTERNATIONAL BIODETERIORATION & BIODEGRADATION,CAS 3区
International Braz J Urol,CAS 3区
International Breastfeeding Journal,CAS 2区
International Bulletin of Mission Research,CAS 4区
International Business Review,CAS 2区 Top
International Cancer Conference Journal,CAS 4区
International Cardiovascular Research Journal,CAS 4区
INTERNATIONAL CLINICAL PSYCHOPHARMACOLOGY,CAS 4区
International Communication Gazette,CAS 3区
International Communication of Chinese Culture,CAS 4区
INTERNATIONAL COMMUNICATIONS IN HEAT AND MASS TRANSFER,CAS 2区 Top
International Community Law Review,CAS 4区
International & Comparative Law Quarterly,CAS 2区
International Criminal Justice Review,CAS 4区
International Criminal Law Review,CAS 3区
International Critical Thought,CAS 4区
INTERNATIONAL DAIRY JOURNAL,CAS 2区
International Data Privacy Law,CAS 3区
INTERNATIONAL DENTAL JOURNAL,CAS 2区
INTERNATIONAL DEVELOPMENT PLANNING REVIEW,CAS 3区
INTERNATIONAL ECONOMIC JOURNAL,CAS 4区
INTERNATIONAL ECONOMIC REVIEW,CAS 3区
INTERNATIONAL ECONOMICS AND ECONOMIC POLICY,CAS 4区
International Education Journal-Comparative Perspectives,CAS 4区
International E-Journal of Criminal Sciences,CAS 4区
Internationale Katholische Zeitschrift Communio,CAS 4区
International Electronic Journal of Algebra,CAS 4区
International Electronic Journal of Geometry,CAS 4区
International Electronic Journal of Mathematics Education,CAS 4区
International Emergency Nursing,SSCI/SCIE/SCI
INTERNATIONAL ENDODONTIC JOURNAL,CAS 1区 Top
International Energy Journal,CAS 4区
International Entrepreneurship and Management Journal,CAS 2区
International Environmental Agreements-Politics Law and Economics,CAS 3区
INTERNATIONALES ARCHIV FUR SOZIALGESCHICHTE DER DEUTSCHEN LITERATUR,CAS 3区
International Feminist Journal of Politics,CAS 2区
International Finance,CAS 4区
International Food and Agribusiness Management Review,CAS 4区
International Food Research Journal,CAS 4区
INTERNATIONAL FORESTRY REVIEW,CAS 4区
International Forum of Allergy & Rhinology,CAS 2区
International Forum of Psychoanalysis,CAS 4区
International Gambling Studies,CAS 3区
International Game Theory Review,CAS 4区
INTERNATIONAL GEOLOGY REVIEW,CAS 4区
International Health,SSCI/SCIE/SCI
International Heart Journal,CAS 4区
INTERNATIONAL HISTORY REVIEW,CAS 2区
INTERNATIONAL IMMUNOLOGY,CAS 4区
International Immunopharmacology,CAS 2区
International Indigenous Policy Journal,CAS 4区
International Insolvency Review,CAS 4区
INTERNATIONAL INTERACTIONS,CAS 2区
INTERNATIONAL JOURNAL,CAS 3区
International Journal for Academic Development,CAS 4区
International Journal for Computational Methods in Engineering Science & Mechanics,CAS 4区
International Journal for Crime Justice and Social Democracy,CAS 3区
International Journal for Educational and Vocational Guidance,CAS 4区
International Journal for Educational Integrity,CAS 2区
International Journal for Equity in Health,CAS 2区 Top
"International Journal for History, Culture and Modernity",CAS 4区
International Journal for Lesson and Learning Studies,CAS 4区
International Journal for Multiscale Computational Engineering,CAS 4区
INTERNATIONAL JOURNAL FOR NUMERICAL AND ANALYTICAL METHODS IN GEOMECHANICS,CAS 2区
International Journal for Numerical Methods in Biomedical Engineering,CAS 4区
INTERNATIONAL JOURNAL FOR NUMERICAL METHODS IN ENGINEERING,CAS 3区
INTERNATIONAL JOURNAL FOR NUMERICAL METHODS IN FLUIDS,CAS 3区
INTERNATIONAL JOURNAL FOR PARASITOLOGY,CAS 2区
International Journal for Parasitology-Drugs and Drug Resistance,CAS 2区
International Journal for Parasitology-Parasites and Wildlife,CAS 3区
INTERNATIONAL JOURNAL FOR PHILOSOPHY OF RELIGION,CAS 3区
INTERNATIONAL JOURNAL FOR QUALITY IN HEALTH CARE,SSCI/SCIE/SCI
International Journal for Quality Research,CAS 4区
International Journal for Research in Vocational Education and Training-IJRVET,CAS 4区
International Journal for Technology in Mathematics Education,CAS 4区
INTERNATIONAL JOURNAL FOR THE ADVANCEMENT OF COUNSELLING,CAS 4区
International Journal for the History of Engineering & Technology,CAS 4区
International Journal for the Psychology of Religion,SSCI/SCI/AHCI
INTERNATIONAL JOURNAL FOR THE SEMIOTICS OF LAW-REVUE INTERNATIONALE DE SEMIOTIQUE JURIDIQUE,CAS 3区
International Journal for the Study of Skepticism,CAS 4区
International Journal for the Study of the Christian Church,CAS 3区
International Journal for Uncertainty Quantification,CAS 4区
INTERNATIONAL JOURNAL FOR VITAMIN AND NUTRITION RESEARCH,CAS 4区
International Journal of Abdominal Wall and Hernia Surgery,CAS 4区
International Journal of Academic Medicine,CAS 4区
INTERNATIONAL JOURNAL OF ACAROLOGY,CAS 3区
International Journal of Accounting,CAS 4区
International Journal of Accounting and Information Management,CAS 3区
International Journal of Accounting Information Systems,CAS 2区
International Journal of Acoustics and Vibration,CAS 4区
INTERNATIONAL JOURNAL OF ADAPTIVE CONTROL AND SIGNAL PROCESSING,CAS 4区
INTERNATIONAL JOURNAL OF ADHESION AND ADHESIVES,CAS 3区
International Journal of Ad Hoc and Ubiquitous Computing,CAS 4区
International Journal of Adolescence and Youth,CAS 3区
International Journal of Adult Education and Technology-IJAET,CAS 4区
International Journal of Advanced and Applied Sciences,CAS 4区
International Journal of Advanced Computer Science and Applications,CAS 4区
INTERNATIONAL JOURNAL OF ADVANCED MANUFACTURING TECHNOLOGY,CAS 3区
International Journal of Advanced Robotic Systems,CAS 4区
International Journal of Advances in Engineering Sciences and Applied Mathematics,CAS 4区
International Journal of Advertising,CAS 3区
International Journal of Aeroacoustics,CAS 4区
International Journal of Aeronautical and Space Sciences,CAS 4区
International Journal of Aerospace Engineering,CAS 4区
International Journal of AEROSPACE Psychology,CAS 4区
International Journal of Affective Engineering,CAS 4区
INTERNATIONAL JOURNAL OF AFRICAN HISTORICAL STUDIES,CAS 3区
International Journal of African Renaissance Studies,CAS 4区
INTERNATIONAL JOURNAL OF AGING & HUMAN DEVELOPMENT,CAS 4区
International Journal of Agricultural and Biological Engineering,CAS 3区
International Journal of Agricultural and Environmental Information Systems,CAS 4区
International Journal of Agricultural and Statistical Sciences,CAS 4区
International Journal of Agricultural Sustainability,CAS 2区
International Journal of Agriculture and Natural Resources,CAS 4区
International Journal of Agronomy,CAS 4区
International Journal of Air-Conditioning and Refrigeration,CAS 4区
International Journal of Alcohol and Drug Research,CAS 4区
INTERNATIONAL JOURNAL OF ALGEBRA AND COMPUTATION,CAS 4区
INTERNATIONAL JOURNAL OF AMERICAN LINGUISTICS,SSCI/SCI/AHCI
International Journal of Analysis and Applications,CAS 4区
International Journal of Analytical Chemistry,CAS 4区
International Journal of Angiology,CAS 4区
International Journal of Antennas and Propagation,CAS 4区
International Journal of Antimicrobial Agents,CAS 2区
International Journal of Applied and Basic Medical Research,CAS 4区
International Journal of Applied Behavioral Economics,CAS 4区
International Journal of Applied Ceramic Technology,CAS 4区
International Journal of Applied Earth Observation and Geoinformation,CAS 1区 Top
INTERNATIONAL JOURNAL OF APPLIED ELECTROMAGNETICS AND MECHANICS,CAS 4区
International Journal of Applied Geospatial Research,CAS 4区
International Journal of Applied Glass Science,CAS 4区
International Journal of Applied Linguistics,SSCI
International Journal of Applied Management Science,CAS 4区
International Journal of Applied Mathematics and Computer Science,CAS 4区
International Journal of Applied Mathematics & Statistics,CAS 4区
International Journal of Applied Mechanics,CAS 3区
International Journal of Applied Metaheuristic Computing,CAS 4区
International Journal of Applied Nonlinear Science,CAS 4区
International Journal of Applied Pattern Recognition,CAS 4区
International Journal of Applied Psychoanalytic Studies,CAS 4区
INTERNATIONAL JOURNAL OF APPROXIMATE REASONING,CAS 3区
International Journal of Architectural Computing,CAS 4区
International Journal of Architectural Heritage,SCIE/SCI/AHCI
INTERNATIONAL JOURNAL OF ART & DESIGN EDUCATION,SSCI/SCI/AHCI
International Journal of Artificial Intelligence in Education,CAS 2区
INTERNATIONAL JOURNAL OF ARTIFICIAL ORGANS,CAS 4区
International Journal of Arts and Technology,CAS 4区
International Journal of Arts Management,SSCI/SCI/AHCI
International Journal of Art Therapy,CAS 2区
International Journal of Asian Business and Information Management,CAS 4区
International Journal of Asian Studies,CAS 4区
International Journal of Asia Pacific Studies,CAS 3区
International Journal of Assessment Tools in Education,CAS 4区
International Journal of Astrobiology,CAS 4区
International Journal of Athletic Therapy & Training,CAS 4区
INTERNATIONAL JOURNAL OF AUDIOLOGY,CAS 4区
INTERNATIONAL JOURNAL OF AUDITING,CAS 3区
International Journal of Automation and Control,CAS 4区
International Journal of Automation Technology,CAS 4区
International Journal of Automotive And Mechanical Engineering,CAS 4区
INTERNATIONAL JOURNAL OF AUTOMOTIVE TECHNOLOGY,CAS 4区
International Journal of Automotive Technology and Management,Indexed
International Journal of Autonomous and Adaptive Communications Systems,CAS 4区
International Journal of Aviation Aeronautics and Aerospace,CAS 4区
International Journal of Ayurvedic Medicine,CAS 4区
International Journal of Bank Marketing,CAS 2区
INTERNATIONAL JOURNAL OF BEHAVIORAL DEVELOPMENT,CAS 3区
INTERNATIONAL JOURNAL OF BEHAVIORAL MEDICINE,CAS 3区
International Journal of Behavioral Nutrition and Physical Activity,CAS 1区 Top
INTERNATIONAL JOURNAL OF BIFURCATION AND CHAOS,CAS 4区
International Journal of Bilingual Education and Bilingualism,SSCI/SCI/AHCI
International Journal of Bilingualism,SSCI/SCI/AHCI
INTERNATIONAL JOURNAL OF BIOCHEMISTRY & CELL BIOLOGY,CAS 3区
International Journal of Bio-Inspired Computation,CAS 4区
International Journal of Biological Macromolecules,CAS 2区 Top
INTERNATIONAL JOURNAL OF BIOLOGICAL MARKERS,CAS 4区
International Journal of Biological Sciences,CAS 1区 Top
International Journal of Biology and Chemistry,CAS 4区
International Journal of Biomaterials,CAS 4区
International Journal of Biomathematics,CAS 2区
International Journal of Biomedical Engineering and Technology,CAS 4区
International Journal of Biomedical Imaging,CAS 4区
International Journal of Biomedicine,CAS 4区
INTERNATIONAL JOURNAL OF BIOMETEOROLOGY,CAS 3区
International Journal of Biometrics,CAS 4区
International Journal of Bioprinting,CAS 2区
International Journal of Biostatistics,CAS 4区
International Journal of Bipolar Disorders,CAS 3区
International Journal of Breast Cancer,CAS 4区
International Journal of Bridge Engineering,CAS 4区
International Journal of Buddhist Thought & Culture,CAS 3区
International Journal of Building Pathology and Adaptation,CAS 4区
International Journal of Built Environment and Sustainability,CAS 4区
International Journal of Burns and Trauma,CAS 4区
International Journal of Business,CAS 4区
International Journal of Business Analytics,CAS 4区
International Journal of Business and Society,CAS 4区
International Journal of Business Communication,CAS 3区
International Journal of Business Data Communications and Networking,CAS 4区
International Journal of Business Environment,CAS 4区
International Journal of Business Performance Management,CAS 4区
International Journal of Canadian Studies,Indexed
INTERNATIONAL JOURNAL OF CANCER,CAS 2区
International Journal of Cancer Management,CAS 4区
International Journal of Cardiology,CAS 2区
International Journal of Cardiology Cardiovascular Risk and Prevention,CAS 4区
International Journal of Cardiology Congenital Heart Disease,CAS 4区
INTERNATIONAL JOURNAL OF CARDIOVASCULAR IMAGING,CAS 4区
International Journal of Care and Caring,CAS 4区
International Journal of Care Coordination,CAS 4区
International Journal of Cartography,CAS 4区
INTERNATIONAL JOURNAL OF CAST METALS RESEARCH,CAS 4区
International Journal of Central Banking,CAS 4区
International Journal of Ceramic Engineering and Science,Indexed
International Journal of Chemical Engineering,CAS 4区
INTERNATIONAL JOURNAL OF CHEMICAL KINETICS,CAS 4区
International Journal of Chemical Reactor Engineering,CAS 4区
International Journal of Childbirth,CAS 4区
International Journal of Child Care and Education Policy,CAS 4区
International Journal of Child Health and Nutrition,CAS 4区
International Journal of Childrens Rights,CAS 4区
International Journal of Childrens Spirituality,CAS 2区
International Journal of Child Youth & Family Studies,CAS 4区
International Journal of Chinese & Comparative Philosophy of Medicine,CAS 4区
International Journal of Chinese Linguistics,CAS 4区
International Journal of Christianity & Education,CAS 4区
International Journal of Chronic Obstructive Pulmonary Disease,CAS 3区
INTERNATIONAL JOURNAL OF CIRCUIT THEORY AND APPLICATIONS,CAS 3区
International Journal of Circumpolar Health,SSCI/SCIE/SCI
International Journal of Civil Engineering,CAS 4区
International Journal of Climate Change Strategies and Management,CAS 3区
INTERNATIONAL JOURNAL OF CLIMATOLOGY,CAS 3区
INTERNATIONAL JOURNAL OF CLINICAL AND EXPERIMENTAL HYPNOSIS,CAS 4区
International Journal of Clinical and Experimental Medicine,CAS 4区
International Journal of Clinical and Experimental Pathology,CAS 4区
International Journal of Clinical and Health Psychology,CAS 2区
International Journal of Clinical Oncology,CAS 3区
INTERNATIONAL JOURNAL OF CLINICAL PHARMACOLOGY AND THERAPEUTICS,CAS 4区
International Journal of Clinical Pharmacy,CAS 3区
INTERNATIONAL JOURNAL OF CLINICAL PRACTICE,CAS 4区
International Journal of Clothing Science and Technology,CAS 4区
INTERNATIONAL JOURNAL OF COAL GEOLOGY,CAS 2区
International Journal of Coal Preparation and Utilization,CAS 4区
International Journal of Coal Science & Technology,CAS 1区 Top
INTERNATIONAL JOURNAL OF COGNITIVE BEHAVIORAL THERAPY,Indexed
International Journal of Cognitive Informatics and Natural Intelligence,CAS 4区
International Journal of Cognitive Research in Science Engineering and Education-IJCRSEE,CAS 4区
International Journal of Cognitive Therapy,CAS 4区
INTERNATIONAL JOURNAL OF COLORECTAL DISEASE,CAS 3区
International Journal of Combinatorial Optimization Problems and Informatics,CAS 4区
International Journal of Communication,CAS 2区
International Journal of Communication Networks and Distributed Systems,CAS 4区
INTERNATIONAL JOURNAL OF COMMUNICATION SYSTEMS,CAS 4区
International Journal of Community Music,CAS 1区 Top
International Journal of Comparative and Applied Criminal Justice,CAS 4区
International Journal of Comparative Education and Development,CAS 4区
International Journal of Comparative Labour Law and Industrial Relations,CAS 4区
INTERNATIONAL JOURNAL OF COMPARATIVE SOCIOLOGY,CAS 2区
International Journal of Computational Economics and Econometrics,CAS 4区
INTERNATIONAL JOURNAL OF COMPUTATIONAL FLUID DYNAMICS,CAS 4区
International Journal of Computational Intelligence and Applications,CAS 4区
International Journal of Computational Intelligence Systems,CAS 4区
International Journal of Computational Materials Science and Engineering,CAS 4区
International Journal of Computational Methods,CAS 4区
International Journal of Computational Science and Engineering,CAS 4区
INTERNATIONAL JOURNAL OF COMPUTER APPLICATIONS IN TECHNOLOGY,CAS 4区
International Journal of Computer-Assisted Language Learning and Teaching,CAS 4区
International Journal of Computer Assisted Radiology and Surgery,CAS 4区
International Journal of Computer Games Technology,CAS 4区
INTERNATIONAL JOURNAL OF COMPUTER INTEGRATED MANUFACTURING,CAS 3区
International Journal of Computerized Dentistry,CAS 4区
INTERNATIONAL JOURNAL OF COMPUTER MATHEMATICS,CAS 4区
International Journal of Computer Mathematics- Computer Systems Theory,CAS 4区
International Journal of Computers Communications & Control,CAS 4区
International Journal of Computer-Supported Collaborative Learning,CAS 1区 Top
INTERNATIONAL JOURNAL OF COMPUTER VISION,CAS 2区
International Journal of Computing Science and Mathematics,CAS 4区
International Journal of Concrete Structures and Materials,CAS 3区
International Journal of Conflict and Violence,CAS 4区
INTERNATIONAL JOURNAL OF CONFLICT MANAGEMENT,CAS 3区
International Journal of Conservation Science,CAS 4区
International Journal of Construction Management,CAS 3区
International Journal of Consumer Studies,CAS 2区
International Journal of Contemporary Economics and Administrative Sciences,CAS 4区
International Journal of Contemporary Hospitality Management,CAS 1区 Top
International Journal of Continuing Engineering Education and Life-Long Learning,CAS 4区
INTERNATIONAL JOURNAL OF CONTROL,CAS 4区
INTERNATIONAL JOURNAL OF CONTROL AUTOMATION AND SYSTEMS,CAS 4区
INTERNATIONAL JOURNAL OF COOPERATIVE INFORMATION SYSTEMS,CAS 4区
International Journal of Corpus Linguistics,SSCI/SCI/AHCI
International Journal of Corrosion and Scale Inhibition,CAS 4区
INTERNATIONAL JOURNAL OF COSMETIC SCIENCE,CAS 4区
INTERNATIONAL JOURNAL OF CRASHWORTHINESS,CAS 4区
International Journal of Critical Infrastructure Protection,CAS 3区
International Journal of Critical Infrastructures,CAS 4区
International Journal of Cross Cultural Management,CAS 4区
International Journal of Cuban Studies,CAS 4区
International Journal of Cultural Policy,SSCI/SCI/AHCI
International Journal of Cultural Property,CAS 2区
International Journal of Cultural Studies,SSCI/SCI/AHCI
International Journal of Culture Tourism and Hospitality Research,CAS 4区
International Journal of Cyber Warfare and Terrorism,CAS 4区
INTERNATIONAL JOURNAL OF DAIRY TECHNOLOGY,CAS 3区
INTERNATIONAL JOURNAL OF DAMAGE MECHANICS,CAS 2区
International Journal of Data Mining and Bioinformatics,CAS 4区
International Journal of Data Mining Modelling and Management,CAS 4区
International Journal of Data Science and Analytics,CAS 3区
International Journal of Data Warehousing and Mining,CAS 4区
International Journal of Decision Support System Technology,CAS 4区
International Journal of Dental Hygiene,CAS 4区
International Journal of Dentistry,CAS 4区
INTERNATIONAL JOURNAL OF DERMATOLOGY,CAS 4区
International Journal of Design,SSCI/SCIE/SCI/AHCI
International Journal of Design Creativity and Innovation,CAS 4区
INTERNATIONAL JOURNAL OF DEVELOPMENTAL BIOLOGY,CAS 4区
International Journal of Developmental Disabilities,CAS 4区
INTERNATIONAL JOURNAL OF DEVELOPMENTAL NEUROSCIENCE,CAS 4区
International Journal of Diabetes in Developing Countries,CAS 4区
International Journal of Differential Equations,CAS 4区
International Journal of Digital Crime and Forensics,CAS 4区
International Journal of Digital Earth,CAS 2区
International Journal of Digital Multimedia Broadcasting,CAS 4区
International Journal of Disability Development and Education,CAS 4区
International Journal of Disaster Resilience in the Built Environment,CAS 4区
International Journal of Disaster Risk Reduction,CAS 2区
International Journal of Disaster Risk Science,CAS 2区
International Journal of Disclosure and Governance,CAS 4区
International Journal of Discrimination and the Law,CAS 4区
International Journal of Distance Education Technologies,CAS 4区
International Journal of Distributed Sensor Networks,CAS 4区
International Journal of Distributed Systems and Technologies,CAS 4区
INTERNATIONAL JOURNAL OF DRUG POLICY,CAS 2区 Top
International Journal of Dynamical Systems and Differential Equations,CAS 4区
International Journal of Dynamics and Control,CAS 4区
International Journal of E-Adoption,CAS 4区
INTERNATIONAL JOURNAL OF EARLY CHILDHOOD,CAS 4区
International Journal of Early Years Education,CAS 4区
INTERNATIONAL JOURNAL OF EARTH SCIENCES,CAS 3区
INTERNATIONAL JOURNAL OF EATING DISORDERS,SSCI/SCIE/SCI
International Journal of E-Business Research,CAS 4区
International Journal of e-Collaboration,CAS 4区
International Journal of Ecological Economics & Statistics,CAS 4区
International Journal of Ecology & Development,CAS 4区
International Journal of Economic Policy Studies,CAS 4区
International Journal of Economic Sciences,CAS 3区
International Journal of Economics Management and Accounting,CAS 4区
International Journal of Economic Theory,CAS 4区
INTERNATIONAL JOURNAL OF EDUCATIONAL DEVELOPMENT,CAS 3区
International Journal of Educational Leadership and Management,CAS 4区
International Journal of Educational Management,CAS 4区
International Journal of Educational Psychology,CAS 4区
International Journal of Educational Research,CAS 3区
International Journal of Educational Research and Innovation,CAS 4区
International Journal of Educational Sciences,CAS 4区
International Journal of Educational Technology in Higher Education,CAS 1区 Top
International Journal of Education and Information Technologies,CAS 4区
International Journal of Education and the Arts,CAS 4区
International Journal of Education in Mathematics Science and Technology,CAS 4区
International Journal of Education through Art,CAS 4区
International Journal of E-Health and Medical Communications,CAS 4区
International Journal of Electrical and Computer Engineering Systems,CAS 4区
INTERNATIONAL JOURNAL OF ELECTRICAL POWER & ENERGY SYSTEMS,CAS 2区
International Journal of Electric and Hybrid Vehicles,CAS 4区
International Journal of Electrochemical Science,CAS 4区
International Journal of Electrochemistry,Indexed
INTERNATIONAL JOURNAL OF ELECTRONIC COMMERCE,SSCI/SCIE/SCI
International Journal of Electronic Government Research,CAS 4区
INTERNATIONAL JOURNAL OF ELECTRONICS,CAS 4区
International Journal of Electronics and Telecommunications,CAS 4区
International Journal of Electronic Security and Digital Forensics,CAS 4区
International Journal of Embedded and Real-Time Communication Systems (IJERTCS),CAS 4区
International Journal of Embedded Systems,CAS 4区
International Journal of Emergency Management,CAS 4区
International Journal of Emergency Medicine,CAS 4区
International Journal of Emergency Services,CAS 4区
International Journal of Emerging Electric Power Systems,CAS 4区
International Journal of Emerging Markets,CAS 4区
International Journal of Emotional Education,CAS 4区
International Journal of Endocrinology,CAS 4区
International Journal of Endocrinology and Metabolism,CAS 4区
International Journal of Energetic Materials and Chemical Propulsion,CAS 4区
International Journal of Energy and Environmental Engineering,CAS 4区
International Journal of Energy Optimization and Engineering,CAS 4区
INTERNATIONAL JOURNAL OF ENERGY RESEARCH,CAS 4区
International Journal of Energy Sector Management,CAS 4区
International Journal of Engineering,CAS 4区
International Journal of Engineering and Geosciences,CAS 3区
International Journal of Engineering and Technology Innovation,CAS 4区
International Journal of Engineering Business Management,CAS 3区
INTERNATIONAL JOURNAL OF ENGINEERING EDUCATION,CAS 4区
International Journal of Engineering Pedagogy,CAS 4区
International Journal of Engineering Research in Africa,CAS 4区
INTERNATIONAL JOURNAL OF ENGINEERING SCIENCE,CAS 2区
International Journal of Engineering Social Justice and Peace,CAS 4区
International Journal of Engineering Systems Modelling and SImulation,CAS 4区
International Journal of Engine Research,CAS 4区
International Journal of English Studies,CAS 4区
International Journal of Enterprise Information Systems,CAS 4区
INTERNATIONAL JOURNAL OF ENTREPRENEURIAL BEHAVIOR & RESEARCH,CAS 3区
International Journal of Entrepreneurial Venturing,CAS 4区
International Journal of Entrepreneurship and Innovation,CAS 4区
International Journal of Entrepreneurship & Small Business,Indexed
INTERNATIONAL JOURNAL OF ENVIRONMENTAL ANALYTICAL CHEMISTRY,CAS 4区
INTERNATIONAL JOURNAL OF ENVIRONMENTAL HEALTH RESEARCH,CAS 4区
International Journal of Environmental Research,CAS 4区
International Journal of Environmental Science and Technology,CAS 4区
International Journal of Environmental Technology and Management,CAS 4区
INTERNATIONAL JOURNAL OF ENVIRONMENT AND POLLUTION,CAS 4区
International Journal of Environment and Sustainable Development,CAS 4区
International Journal of Environment and Waste Management,CAS 4区
INTERNATIONAL JOURNAL OF EPIDEMIOLOGY,CAS 2区 Top
International Journal of E-Planning Research,CAS 4区
International Journal of Esthetic Dentistry,CAS 4区
International Journal of Ethics and Systems,CAS 4区
International Journal of Ethics Education,CAS 4区
International Journal of Event and Festival Management,CAS 3区
International Journal of Evidence Based Coaching & Mentoring,CAS 4区
International Journal of Evidence & Proof,CAS 4区
International Journal of Exergy,CAS 4区
INTERNATIONAL JOURNAL OF EXPERIMENTAL PATHOLOGY,CAS 4区
International Journal of Extreme Manufacturing,CAS 1区 Top
International Journal of Fashion Design Technology and Education,CAS 4区
International Journal of Fashion Studies,CAS 4区
International Journal of Fatigue,CAS 2区 Top
International Journal of Feminist Approaches To Bioethics,CAS 4区
International Journal of Fertility & Sterility,CAS 4区
INTERNATIONAL JOURNAL OF FINANCE & ECONOMICS,CAS 3区
International Journal of Financial Engineering,CAS 4区
International Journal of Financial Studies,CAS 3区
International Journal of Fluid Mechanics Research,CAS 4区
International Journal of Fluid Power,CAS 4区
International Journal of Food Engineering,CAS 4区
INTERNATIONAL JOURNAL OF FOOD MICROBIOLOGY,CAS 1区 Top
INTERNATIONAL JOURNAL OF FOOD PROPERTIES,CAS 3区
International Journal of Food Science,CAS 3区
INTERNATIONAL JOURNAL OF FOOD SCIENCE AND TECHNOLOGY,CAS 4区
INTERNATIONAL JOURNAL OF FOOD SCIENCES AND NUTRITION,CAS 2区
INTERNATIONAL JOURNAL OF FORECASTING,CAS 2区
International Journal of Forensic Mental Health,CAS 4区
International Journal of Forest Engineering,CAS 2区
INTERNATIONAL JOURNAL OF FOUNDATIONS OF COMPUTER SCIENCE,CAS 4区
INTERNATIONAL JOURNAL OF FRACTURE,CAS 3区
INTERNATIONAL JOURNAL OF FRANCOPHONE STUDIES,CAS 4区
International Journal of Fruit Science,CAS 3区
International Journal of Fuzzy Logic and Intelligent Systems,CAS 4区
International Journal of Fuzzy Systems,CAS 4区
International Journal of Game-Based Learning,CAS 4区
INTERNATIONAL JOURNAL OF GAME THEORY,SSCI/SCIE/SCI
International Journal of Gaming and Computer-Mediated Simulations,CAS 4区
International Journal of Gastrointestinal Intervention,CAS 4区
International Journal of Gastronomy and Food Science,CAS 2区
International Journal of Gender and Entrepreneurship,CAS 4区
International Journal of General Medicine,CAS 4区
INTERNATIONAL JOURNAL OF GENERAL SYSTEMS,CAS 4区
International Journal of Genomics,CAS 4区
International Journal of Geo-Engineering,CAS 3区
INTERNATIONAL JOURNAL OF GEOGRAPHICAL INFORMATION SCIENCE,SSCI/SCIE/SCI
International Journal of GEOMATE,CAS 4区
International Journal of Geomechanics,CAS 3区
INTERNATIONAL JOURNAL OF GEOMETRIC METHODS IN MODERN PHYSICS,CAS 3区
International Journal of Geophysics,CAS 4区
International Journal of Geosynthetics and Ground Engineering,CAS 4区
International Journal of Geotechnical Earthquake Engineering,CAS 4区
International Journal of Geotechnical Engineering,CAS 3区
INTERNATIONAL JOURNAL OF GERIATRIC PSYCHIATRY,SSCI/SCIE/SCI
International Journal of Gerontology,CAS 4区
INTERNATIONAL JOURNAL OF GLOBAL ENERGY ISSUES,CAS 4区
International Journal of Global Warming,CAS 4区
International Journal of Green Energy,CAS 4区
International Journal of Greenhouse Gas Control,CAS 3区
International Journal of Grid and High Performance Computing,CAS 4区
International Journal of Grid and Utility Computing,CAS 4区
INTERNATIONAL JOURNAL OF GROUP PSYCHOTHERAPY,CAS 4区
International Journal of Group Theory,CAS 4区
INTERNATIONAL JOURNAL OF GYNECOLOGICAL CANCER,CAS 3区
INTERNATIONAL JOURNAL OF GYNECOLOGICAL PATHOLOGY,CAS 4区
INTERNATIONAL JOURNAL OF GYNECOLOGY & OBSTETRICS,CAS 4区
International Journal of Happiness and Development,CAS 4区
International Journal of Healthcare Information Systems and Informatics,CAS 4区
International Journal of Healthcare Management,CAS 4区
INTERNATIONAL JOURNAL OF HEALTH CARE QUALITY ASSURANCE,CAS 4区
International Journal of Healthcare Technology and Management,CAS 4区
International Journal of Health Economics and Management,CAS 4区
International Journal of Health Geographics,SSCI/SCIE/SCI
International Journal of Health Governance,CAS 4区
International journal of Health Medicine and Current Research-IJHMCR,CAS 4区
INTERNATIONAL JOURNAL OF HEALTH PLANNING AND MANAGEMENT,CAS 4区
International Journal of Health Policy and Management,SSCI/SCIE/SCI
International Journal of Health Promotion and Education,CAS 4区
International Journal of Health Sciences-IJHS,CAS 4区
INTERNATIONAL JOURNAL OF HEAT AND FLUID FLOW,CAS 3区
INTERNATIONAL JOURNAL OF HEAT AND MASS TRANSFER,CAS 2区
International Journal of Heat and Technology,CAS 4区
International Journal of Heavy Vehicle Systems,CAS 4区
INTERNATIONAL JOURNAL OF HEMATOLOGY,CAS 4区
International Journal of Hepatobiliary and Pancreatic Diseases,Indexed
International Journal of Hepatology,CAS 4区
International Journal of Heritage Studies,SSCI/SCI/AHCI
INTERNATIONAL JOURNAL OF HIGH PERFORMANCE COMPUTING APPLICATIONS,CAS 3区
International Journal of Hindu Studies,CAS 3区
International Journal of Historical Archaeology,CAS 2区 Top
International Journal of Hospitality Management,CAS 1区 Top
International Journal of Hospitality & Tourism Administration,CAS 4区
International Journal of Housing Markets and Analysis,CAS 4区
International Journal of Housing Policy,CAS 3区
International Journal of Human Capital and Information Technology Professionals,CAS 4区
INTERNATIONAL JOURNAL OF HUMAN-COMPUTER INTERACTION,SSCI/SCIE/SCI
INTERNATIONAL JOURNAL OF HUMAN-COMPUTER STUDIES,SSCI/SCIE/SCI
International Journal of Human Factors and Ergonomics,CAS 4区
INTERNATIONAL JOURNAL OF HUMAN GENETICS,CAS 4区
International Journal of Humanities and Arts Computing-A Journal of Digital Humanities,CAS 4区
International Journal of Humanoid Robotics,CAS 4区
INTERNATIONAL JOURNAL OF HUMAN RESOURCE MANAGEMENT,CAS 3区
International Journal of Human Rights,CAS 3区
International Journal of Human Rights and Constitutional Studies,CAS 4区
International Journal of Human Rights in Health Care,CAS 4区
INTERNATIONAL JOURNAL OF HYDROGEN ENERGY,CAS 2区
International Journal of Hydrology Science and Technology,CAS 4区
International Journal of Hydromechatronics,CAS 1区 Top
INTERNATIONAL JOURNAL OF HYGIENE AND ENVIRONMENTAL HEALTH,CAS 2区
International Journal of Hypertension,CAS 4区
INTERNATIONAL JOURNAL OF HYPERTHERMIA,CAS 3区
INTERNATIONAL JOURNAL OF IBERIAN STUDIES,CAS 4区
International Journal of Image and Data Fusion,CAS 4区
International Journal of Image and Graphics,CAS 4区
INTERNATIONAL JOURNAL OF IMAGING SYSTEMS AND TECHNOLOGY,CAS 4区
International Journal of Immunogenetics,CAS 4区
INTERNATIONAL JOURNAL OF IMMUNOPATHOLOGY AND PHARMACOLOGY,CAS 4区
INTERNATIONAL JOURNAL OF IMPACT ENGINEERING,CAS 2区
International Journal of Implant Dentistry,CAS 2区
INTERNATIONAL JOURNAL OF IMPOTENCE RESEARCH,CAS 3区
International Journal of Inclusive Education,CAS 4区
International Journal of Indian Culture and Business Management,CAS 4区
International Journal of Indigenous Health,CAS 4区
International Journal of Industrial Engineering and Management,CAS 4区
International Journal of Industrial Engineering Computations,CAS 4区
INTERNATIONAL JOURNAL OF INDUSTRIAL ENGINEERING-THEORY APPLICATIONS AND PRACTICE,CAS 4区
INTERNATIONAL JOURNAL OF INDUSTRIAL ERGONOMICS,SSCI/SCIE/SCI
INTERNATIONAL JOURNAL OF INDUSTRIAL ORGANIZATION,CAS 3区
INTERNATIONAL JOURNAL OF INFECTIOUS DISEASES,CAS 2区
International Journal of Inflammation,CAS 4区
International Journal of Information and Communication Technology Education,CAS 4区
International Journal of Information and Computer Security,Indexed
International Journal of Information and Learning Technology,CAS 3区
INTERNATIONAL JOURNAL OF INFORMATION MANAGEMENT,CAS 1区 Top
International Journal of Information Retrieval Research,CAS 4区
International Journal of Information Security,CAS 4区
International Journal of Information Security and Privacy,CAS 4区
International Journal of Information System Modeling and Design,CAS 4区
International Journal of Information Systems and Supply Chain Management,CAS 4区
International Journal of Information Systems in the Service Sector,CAS 4区
International Journal of Information Technologies and Systems Approach,CAS 4区
International Journal of Information Technology and Web Engineering,CAS 4区
INTERNATIONAL JOURNAL OF INFORMATION TECHNOLOGY & DECISION MAKING,CAS 4区
International Journal of Information Technology Project Management,CAS 4区
International Journal of Injury Control and Safety Promotion,CAS 4区
International Journal of Innovation,CAS 4区
International Journal of Innovation and Learning,CAS 4区
International Journal of Innovation and Sustainable Development,CAS 4区
International Journal of Innovation and Technology Management,CAS 4区
International Journal of Innovation Management,CAS 4区
International Journal of Innovation Science,CAS 4区
International Journal of Innovation Studies,CAS 2区
International Journal of Innovative Computing Information and Control,CAS 4区
International Journal of Instruction,CAS 3区
International Journal of Intangible Heritage,CAS 4区
International Journal of Integrated Care,SSCI/SCIE/SCI
International Journal of Integrated Engineering,CAS 4区
International Journal of Integrative Psychotherapy,CAS 4区
International Journal of Intelligence and Counterintelligence,CAS 4区
International Journal of Intelligent Computing and Cybernetics,CAS 4区
International Journal of Intelligent Engineering Informatics,CAS 4区
International Journal of Intelligent Information Technologies,CAS 4区
International Journal of Intelligent Robotics and Applications,CAS 4区
INTERNATIONAL JOURNAL OF INTELLIGENT SYSTEMS,CAS 3区
International Journal of Intelligent Transportation Systems Research,CAS 4区
International Journal of Intelligent Unmanned Systems,CAS 4区
International Journal of Interactive Design and Manufacturing - IJIDeM,CAS 4区
International Journal of Interactive Multimedia and Artificial Intelligence,CAS 3区
International Journal of Intercultural Relations,CAS 2区
International Journal of Interdisciplinary Telecommunications and Networking,CAS 4区
INTERNATIONAL JOURNAL OF INTERNET MARKETING AND ADVERTISING,CAS 4区
International Journal of Internet Protocol Technology,CAS 4区
International Journal of Islamic and Middle Eastern Finance and Management,CAS 3区
International Journal of Islamic Architecture,CAS 4区
INTERNATIONAL JOURNAL OF ISLAMIC FINANCE AND SUSTAINABLE DEVELOPMENT-IJIFSD,Indexed
International Journal of Islamic Thought,CAS 3区
International Journal of Knowledge and Learning,CAS 4区
International Journal of Knowledge and Systems Science,CAS 4区
International Journal of Knowledge-Based and Intelligent Engineering Systems,CAS 4区
International Journal of Knowledge-Based Development,CAS 4区
International Journal of Knowledge Management,CAS 4区
International Journal of Knowledge Management Studies,CAS 4区
International Journal of Korean History,CAS 4区
International Journal of Laboratory Hematology,CAS 4区
INTERNATIONAL JOURNAL OF LANGUAGE & COMMUNICATION DISORDERS,SSCI/SCIE/SCI
International Journal of Latin American Religions,CAS 2区
International Journal of Law and Information Technology,CAS 4区
International Journal of Law and Management,CAS 4区
INTERNATIONAL JOURNAL OF LAW AND PSYCHIATRY,CAS 4区
International Journal of Law Crime and Justice,CAS 4区
International Journal of Law in Context,CAS 4区
International Journal of Law Policy and the Family,CAS 4区
International Journal of Leadership in Education,CAS 3区
International Journal of Lean Six Sigma,SSCI/SCIE/SCI
International Journal of Learner Corpus Research,CAS 3区
INTERNATIONAL JOURNAL OF LEARNING AND INTELLECTUAL CAPITAL,CAS 4区
International Journal of Learning Technology,CAS 4区
International Journal of Legal Discourse,CAS 1区 Top
INTERNATIONAL JOURNAL OF LEGAL MEDICINE,CAS 3区
INTERNATIONAL JOURNAL OF LEXICOGRAPHY,SSCI/SCI/AHCI
INTERNATIONAL JOURNAL OF LGBTQ+ YOUTH STUDIES,Indexed
INTERNATIONAL JOURNAL OF LIFE CYCLE ASSESSMENT,CAS 3区
International Journal of Lifelong Education,CAS 4区
International Journal of Limnology,CAS 4区
International Journal of Logistics Management,CAS 3区
International Journal of Logistics-Research and Applications,CAS 4区
International Journal of Low-Carbon Technologies,CAS 4区
International Journal of Lower Extremity Wounds,CAS 4区
International Journal of Machine Learning and Cybernetics,CAS 4区
INTERNATIONAL JOURNAL OF MACHINE TOOLS & MANUFACTURE,CAS 1区 Top
International Journal of Management and Economics,CAS 4区
International Journal of Management Education,CAS 1区 Top
INTERNATIONAL JOURNAL OF MANAGEMENT REVIEWS,CAS 2区
International Journal of Management Science and Engineering Management,CAS 4区
International Journal of Management Studies,CAS 4区
International Journal of Managerial and Financial Accounting,CAS 4区
International Journal of Managerial Finance,CAS 4区
International Journal of Managing Projects in Business,CAS 4区
INTERNATIONAL JOURNAL OF MANPOWER,CAS 3区
International Journal of Manufacturing Materials and Mechanical Engineering,CAS 4区
International Journal of Manufacturing Research,CAS 4区
International Journal of Marine and Coastal Law,CAS 4区
International Journal of Maritime Engineering,CAS 4区
International Journal of Maritime History,CAS 4区
International Journal of Marketing Communication and New Media,CAS 4区
INTERNATIONAL JOURNAL OF MARKET RESEARCH,CAS 4区
International Journal of Masonry Research and Innovation,CAS 4区
INTERNATIONAL JOURNAL OF MASS SPECTROMETRY,CAS 4区
International Journal of Material Forming,CAS 3区
INTERNATIONAL JOURNAL OF MATERIALS & PRODUCT TECHNOLOGY,CAS 4区
International Journal of Materials Research,CAS 4区
International Journal of Mathematical Education in Science and Technology,CAS 4区
International Journal of Mathematical Engineering and Management Sciences,CAS 4区
INTERNATIONAL JOURNAL OF MATHEMATICS,CAS 4区
International Journal of Mathematics and Computer Science,CAS 4区
INTERNATIONAL JOURNAL OF MATHEMATICS AND MATHEMATICAL SCIENCES,CAS 4区
International Journal of Mathematics and Physics,CAS 4区
International Journal of Mathematics for Industry,Indexed
International Journal of Mechanical and Materials Engineering,CAS 4区
International Journal of Mechanical Engineering and Robotics Research,Indexed
International Journal of Mechanical Engineering Education,CAS 4区
INTERNATIONAL JOURNAL OF MECHANICAL SCIENCES,CAS 1区 Top
International Journal of Mechanical System Dynamics,CAS 3区
International Journal of Mechanics and Materials in Design,CAS 3区
International Journal of Media & Cultural Politics,CAS 4区
International Journal of Medical Education,CAS 4区
INTERNATIONAL JOURNAL OF MEDICAL INFORMATICS,CAS 2区
INTERNATIONAL JOURNAL OF MEDICAL MICROBIOLOGY,CAS 2区
International Journal of Medical Robotics and Computer Assisted Surgery,CAS 3区
International Journal of Medical Sciences,CAS 3区
International Journal of Medical Toxicology and Forensic Medicine,CAS 4区
INTERNATIONAL JOURNAL OF MEDICINAL MUSHROOMS,CAS 4区
INTERNATIONAL JOURNAL OF MENTAL HEALTH,CAS 4区
International Journal of Mental Health and Addiction,SSCI/SCIE/SCI
International Journal of Mental Health Nursing,SSCI/SCIE/SCI
International Journal of Mental Health Promotion,CAS 4区
International Journal of Mental Health Systems,CAS 2区
International Journal of Mentoring and Coaching in Education,CAS 4区
International Journal of Metalcasting,CAS 3区
INTERNATIONAL JOURNAL OF METHODS IN PSYCHIATRIC RESEARCH,SSCI/SCIE/SCI
International Journal of Micro Air Vehicles,CAS 4区
International Journal of Microbiology,CAS 3区
International Journal of Microgravity Science and Application,CAS 4区
International Journal of Microwave and Wireless Technologies,CAS 4区
INTERNATIONAL JOURNAL OF MIDDLE EAST STUDIES,CAS 2区
International Journal of Migration Health and Social Care,CAS 4区
International Journal of Military History and Historiography,CAS 4区
International Journal of Minerals Metallurgy and Materials,CAS 2区
International Journal of Mining Reclamation and Environment,CAS 3区
International Journal of Mining Science and Technology,CAS 1区 Top
International Journal of Mobile and Blended Learning,CAS 4区
International Journal of Mobile Communications,CAS 4区
International Journal of Mobile Computing and Multimedia Communications,CAS 4区
International Journal of Mobile Human Computer Interaction,Indexed
International Journal of Mobile Learning and Organisation,CAS 4区
International Journal of Modeling Simulation and Scientific Computing,CAS 4区
INTERNATIONAL JOURNAL OF MODELLING AND SIMULATION,CAS 3区
International Journal of Modelling Identification and Control,CAS 4区
INTERNATIONAL JOURNAL OF MODERN PHYSICS A,CAS 4区
INTERNATIONAL JOURNAL OF MODERN PHYSICS B,CAS 4区
INTERNATIONAL JOURNAL OF MODERN PHYSICS C,CAS 4区
INTERNATIONAL JOURNAL OF MODERN PHYSICS D,CAS 4区
INTERNATIONAL JOURNAL OF MODERN PHYSICS E,CAS 4区
International Journal of Molecular and Cellular Medicine,CAS 4区
INTERNATIONAL JOURNAL OF MOLECULAR MEDICINE,CAS 2区
INTERNATIONAL JOURNAL OF MOLECULAR SCIENCES,CAS 3区
INTERNATIONAL JOURNAL OF MORPHOLOGY,CAS 4区
International Journal of Multicultural Education,CAS 4区
International Journal of Multilingualism,SSCI/SCI/AHCI
International Journal of Multimedia Data Engineering & Management,CAS 4区
International Journal of Multimedia Information Retrieval,CAS 4区
INTERNATIONAL JOURNAL OF MULTIPHASE FLOW,CAS 2区
International Journal of Music Education,SSCI/SCI/AHCI
International Journal of Mycobacteriology,CAS 4区
International Journal of Nano Dimension,CAS 4区
International Journal of Nanoelectronics and Materials,CAS 4区
International Journal of Nanomedicine,CAS 2区
International Journal of Nanoscience,CAS 4区
International Journal of Nanotechnology,CAS 4区
INTERNATIONAL JOURNAL OF NAUTICAL ARCHAEOLOGY,CAS 3区
International Journal of Naval Architecture and Ocean Engineering,CAS 3区
International Journal of Neonatal Screening,CAS 2区
International Journal of Nephrology,CAS 4区
International Journal of Nephrology and Renovascular Disease,CAS 4区
International Journal of Networked and Distributed Computing,CAS 4区
International Journal of Network Management,CAS 4区
International Journal of Neural Systems,CAS 1区 Top
INTERNATIONAL JOURNAL OF NEUROPSYCHOPHARMACOLOGY,CAS 2区
INTERNATIONAL JOURNAL OF NEUROSCIENCE,CAS 4区
International Journal of Noncommunicable Diseases,CAS 4区
INTERNATIONAL JOURNAL OF NON-LINEAR MECHANICS,CAS 3区
INTERNATIONAL JOURNAL OF NONLINEAR SCIENCES AND NUMERICAL SIMULATION,CAS 4区
International Journal of Number Theory,CAS 4区
International Journal of Numerical Analysis and Modeling,CAS 4区
INTERNATIONAL JOURNAL OF NUMERICAL METHODS FOR HEAT & FLUID FLOW,CAS 3区
INTERNATIONAL JOURNAL OF NUMERICAL MODELLING-ELECTRONIC NETWORKS DEVICES AND FIELDS,CAS 4区
International Journal of Nursing Education Scholarship,CAS 4区
International Journal of Nursing Knowledge,SSCI/SCIE/SCI
International Journal of Nursing Practice,SSCI/SCIE/SCI
International Journal of Nursing Sciences,CAS 1区 Top
INTERNATIONAL JOURNAL OF NURSING STUDIES,SSCI/SCIE/SCI
International Journal of Nursing Studies Advances,CAS 3区
INTERNATIONAL JOURNAL OF OBESITY,CAS 2区
INTERNATIONAL JOURNAL OF OBSTETRIC ANESTHESIA,CAS 3区
International Journal of Occupational Medicine and Environmental Health,CAS 4区
International Journal of Occupational Safety and Ergonomics,CAS 4区
INTERNATIONAL JOURNAL OF ODONATOLOGY,CAS 4区
INTERNATIONAL JOURNAL OF OFFENDER THERAPY AND COMPARATIVE CRIMINOLOGY,CAS 4区
INTERNATIONAL JOURNAL OF OFFSHORE AND POLAR ENGINEERING,CAS 4区
International Journal of Oil Gas and Coal Technology,CAS 4区
International Journal of Older People Nursing,SSCI/SCIE/SCI
INTERNATIONAL JOURNAL OF ONCOLOGY,CAS 3区
International Journal of Online and Biomedical Engineering,CAS 4区
International Journal of Online Marketing,CAS 4区
International Journal of Online Pedagogy and Course Design,CAS 4区
INTERNATIONAL JOURNAL OF OPERATIONS & PRODUCTION MANAGEMENT,CAS 2区
International Journal of Ophthalmology,CAS 4区
International Journal of Optics,CAS 4区
International Journal of Optimization and Control-Theories & Applications-IJOCTA,CAS 4区
International Journal of Optomechatronics,CAS 2区
INTERNATIONAL JOURNAL OF ORAL AND MAXILLOFACIAL SURGERY,CAS 3区
International Journal of Oral Implantology,CAS 3区
INTERNATIONAL JOURNAL OF ORAL & MAXILLOFACIAL IMPLANTS,CAS 4区
International Journal of Oral Science,CAS 1区 Top
International Journal of Organizational Analysis,CAS 4区
International Journal of Organizational Leadership,CAS 4区
International Journal of Organ Transplantation Medicine,CAS 4区
International Journal of Orthodontic Rehabilitation,CAS 4区
International Journal of Orthopaedic and Trauma Nursing,CAS 4区
INTERNATIONAL JOURNAL OF OSTEOARCHAEOLOGY,SSCI/SCI/AHCI
International Journal of Osteopathic Medicine,CAS 4区
International Journal of Paediatric Dentistry,CAS 3区
International Journal of Paleopathology,CAS 4区
International Journal of Palliative Nursing,CAS 4区
International Journal of Parallel Emergent and Distributed Systems,CAS 4区
INTERNATIONAL JOURNAL OF PARALLEL PROGRAMMING,CAS 4区
International Journal of Parliamentary Studies,Indexed
International Journal of Particle Therapy,CAS 4区
INTERNATIONAL JOURNAL OF PATTERN RECOGNITION AND ARTIFICIAL INTELLIGENCE,CAS 4区
International Journal of Pavement Engineering,CAS 3区
International Journal of Pavement Research and Technology,CAS 3区
INTERNATIONAL JOURNAL OF PEDIATRIC OTORHINOLARYNGOLOGY,CAS 4区
International Journal of Pediatrics,CAS 4区
International Journal of Peptide Research and Therapeutics,CAS 4区
International Journal of Performance Analysis in Sport,CAS 4区
International Journal of Performance Arts and Digital Media,CAS 2区
INTERNATIONAL JOURNAL OF PERIODONTICS & RESTORATIVE DENTISTRY,CAS 4区
International Journal of Persian Literature,CAS 4区
International Journal of Pervasive Computing and Communications,CAS 4区
INTERNATIONAL JOURNAL OF PEST MANAGEMENT,CAS 4区
International Journal of Pharmaceutical and Healthcare Marketing,CAS 4区
International Journal of Pharmaceutical Investigation,CAS 4区
International Journal of Pharmaceutics,CAS 2区
International Journal of Pharmaceutics-X,CAS 2区
International Journal of Pharmacology,CAS 4区
INTERNATIONAL JOURNAL OF PHARMACY PRACTICE,CAS 4区
INTERNATIONAL JOURNAL OF PHILOSOPHICAL STUDIES,CAS 3区
International Journal of Philosophy and Theology,CAS 4区
INTERNATIONAL JOURNAL OF PHOTOENERGY,CAS 4区
INTERNATIONAL JOURNAL OF PHYSICAL DISTRIBUTION & LOGISTICS MANAGEMENT,CAS 3区
International Journal of Physical Modelling in Geotechnics,CAS 4区
International Journal of Physiotherapy,CAS 4区
International Journal of Phytopathology,Indexed
INTERNATIONAL JOURNAL OF PHYTOREMEDIATION,CAS 4区
International Journal of Plant Production,CAS 3区
INTERNATIONAL JOURNAL OF PLANT SCIENCES,CAS 3区
INTERNATIONAL JOURNAL OF PLASTICITY,CAS 1区 Top
International Journal of Play,CAS 4区
INTERNATIONAL JOURNAL OF POLITICAL ECONOMY,CAS 4区
International Journal of Politics Culture and Society,CAS 3区
INTERNATIONAL JOURNAL OF POLYMER ANALYSIS AND CHARACTERIZATION,CAS 4区
International Journal of Polymeric Materials and Polymeric Biomaterials,CAS 4区
International Journal of Polymer Science,CAS 3区
International Journal of Population Data Science (IJPDS),CAS 4区
INTERNATIONAL JOURNAL OF POPULATION STUDIES,Indexed
INTERNATIONAL JOURNAL OF POWDER METALLURGY,CAS 4区
International Journal of Power and Energy Systems,CAS 4区
International Journal of Practical Theology,CAS 4区
International Journal of Precision Engineering and Manufacturing,CAS 3区
International Journal of Precision Engineering and Manufacturing-Green Technology,CAS 3区
International Journal of Press-Politics,CAS 1区 Top
INTERNATIONAL JOURNAL OF PRESSURE VESSELS AND PIPING,CAS 2区
International Journal of Preventive Medicine,CAS 4区
INTERNATIONAL JOURNAL OF PRIMATOLOGY,CAS 3区
International Journal of Prisoner Health,CAS 4区
INTERNATIONAL JOURNAL OF PRODUCTION ECONOMICS,CAS 1区 Top
International Journal of Production Management and Engineering,CAS 4区
INTERNATIONAL JOURNAL OF PRODUCTION RESEARCH,CAS 2区
International Journal of Productivity and Performance Management,CAS 4区
International Journal of Prognostics and Health Management,CAS 4区
INTERNATIONAL JOURNAL OF PROJECT MANAGEMENT,CAS 1区 Top
INTERNATIONAL JOURNAL OF PROSTHODONTICS,CAS 4区
International Journal of Protective Structures,CAS 4区
INTERNATIONAL JOURNAL OF PSYCHIATRY IN CLINICAL PRACTICE,CAS 4区
INTERNATIONAL JOURNAL OF PSYCHIATRY IN MEDICINE,SSCI/SCIE/SCI
INTERNATIONAL JOURNAL OF PSYCHOANALYSIS,CAS 3区
International Journal of Psychological Research,CAS 4区
INTERNATIONAL JOURNAL OF PSYCHOLOGY,CAS 2区
International Journal of Psychology and Psychological Therapy,CAS 4区
INTERNATIONAL JOURNAL OF PSYCHOPHYSIOLOGY,SSCI/SCIE/SCI
INTERNATIONAL JOURNAL OF PUBLIC ADMINISTRATION,CAS 4区
International Journal of Public Administration in the Digital Age,CAS 4区
International Journal of Public Health,SSCI/SCIE/SCI
International Journal of Public Leadership,CAS 4区
INTERNATIONAL JOURNAL OF PUBLIC OPINION RESEARCH,CAS 3区
International Journal of Public Sector Management,CAS 3区
International Journal of Public Theology,CAS 4区
International Journal of Qualitative Methods,CAS 2区
International Journal of Qualitative Studies in Education,CAS 4区
International Journal of Qualitative Studies on Health and Well-Being,CAS 3区
International Journal of Quality and Service Sciences,CAS 3区
International Journal of Quality & Reliability Management,CAS 4区
INTERNATIONAL JOURNAL OF QUANTUM CHEMISTRY,CAS 3区
INTERNATIONAL JOURNAL OF QUANTUM INFORMATION,CAS 4区
INTERNATIONAL JOURNAL OF RADIATION BIOLOGY,CAS 4区
INTERNATIONAL JOURNAL OF RADIATION ONCOLOGY BIOLOGY PHYSICS,CAS 1区 Top
International Journal of Radiation Research,CAS 4区
International Journal of Rail Transportation,CAS 2区
International Journal of Reconfigurable Computing,Indexed
International Journal Of Recycling of Organic Waste in Agriculture,CAS 4区
INTERNATIONAL JOURNAL OF REFRACTORY METALS & HARD MATERIALS,CAS 2区
INTERNATIONAL JOURNAL OF REFRIGERATION,CAS 2区
International Journal of Refugee Law,CAS 3区
INTERNATIONAL JOURNAL OF REHABILITATION RESEARCH,SSCI/SCIE/SCI
International Journal of Reliability Quality and Safety Engineering,CAS 4区
International Journal of Religion and Spirituality in Society,Indexed
INTERNATIONAL JOURNAL OF REMOTE SENSING,CAS 4区
International Journal of Renewable Energy Development-IJRED,CAS 4区
International Journal of Renewable Energy Research,CAS 4区
International Journal of Reproductive Biomedicine,CAS 4区
INTERNATIONAL JOURNAL OF RESEARCH IN MARKETING,CAS 2区
International Journal of Research in Undergraduate Mathematics Education,CAS 4区
International Journal of Research & Method in Education,CAS 4区
International Journal of Retail & Distribution Management,CAS 3区
International Journal of Retina and Vitreous,CAS 4区
INTERNATIONAL JOURNAL OF RF AND MICROWAVE COMPUTER-AIDED ENGINEERING,CAS 4区
International Journal of RF Technologies-Research and Applications,Indexed
International Journal of Rheumatic Diseases,CAS 4区
INTERNATIONAL JOURNAL OF RISK & SAFETY IN MEDICINE,CAS 4区
INTERNATIONAL JOURNAL OF RIVER BASIN MANAGEMENT,CAS 4区
INTERNATIONAL JOURNAL OF ROBOTICS & AUTOMATION,CAS 4区
INTERNATIONAL JOURNAL OF ROBOTICS RESEARCH,CAS 2区
INTERNATIONAL JOURNAL OF ROBUST AND NONLINEAR CONTROL,CAS 4区
INTERNATIONAL JOURNAL OF ROCK MECHANICS AND MINING SCIENCES,CAS 1区 Top
International Journal of Rotating Machinery,CAS 4区
INTERNATIONAL JOURNAL OF SATELLITE COMMUNICATIONS AND NETWORKING,CAS 4区
International Journal of School & Educational Psychology,CAS 4区
International Journal of Science and Mathematics Education,CAS 3区
INTERNATIONAL JOURNAL OF SCIENCE EDUCATION,CAS 3区
International Journal of Science Education Part B-Communication and Public Engagement,CAS 4区
International Journal of Sediment Research,CAS 2区
INTERNATIONAL JOURNAL OF SELECTION AND ASSESSMENT,CAS 4区
International Journal of Self-Propagating High-Temperature Synthesis,CAS 4区
International Journal of Semantic Computing,CAS 4区
International Journal of Sensor Networks,CAS 4区
International Journal of Serious Games,CAS 4区
International Journal of Services Technology and Management,CAS 4区
International Journal of Sexual Health,CAS 3区
International Journal of Shipping and Transport Logistics,CAS 4区
International Journal of Signal and Imaging Systems Engineering,Indexed
International Journal of Simulation Modelling,CAS 3区
International Journal of Sino-Western Studies,CAS 4区
International Journal of Smart and Nano Materials,CAS 3区
International Journal of Social Determinants of Health and Health Services,SSCI/SCIE/SCI
INTERNATIONAL JOURNAL OF SOCIAL ECONOMICS,CAS 3区
INTERNATIONAL JOURNAL OF SOCIAL PSYCHIATRY,CAS 3区
International Journal of Social Psychology,CAS 4区
International Journal of Social Research Methodology,CAS 3区
International Journal of Social Robotics,CAS 2区
INTERNATIONAL JOURNAL OF SOCIAL WELFARE,CAS 4区
International Journal of Sociology,CAS 3区
International Journal of Sociology and Social Policy,CAS 4区
International Journal of Sociology of Education,CAS 4区
INTERNATIONAL JOURNAL OF SOFTWARE ENGINEERING AND KNOWLEDGE ENGINEERING,CAS 4区
International Journal of Software Innovation,CAS 4区
International Journal of Software Science and Computational Intelligence-IJSSCI,CAS 4区
INTERNATIONAL JOURNAL OF SOLIDS AND STRUCTURES,CAS 2区
International Journal of Special Education,CAS 4区
International Journal of Speech Language and the Law,CAS 4区
International Journal of Speech-Language Pathology,SSCI/SCIE/SCI
INTERNATIONAL JOURNAL OF SPELEOLOGY,CAS 4区
International Journal of Spine Surgery,CAS 4区
International Journal of Sport and Exercise Psychology,CAS 3区
International Journal of Sport Communication,CAS 2区
International Journal of Sport Finance,CAS 4区
INTERNATIONAL JOURNAL OF SPORT NUTRITION AND EXERCISE METABOLISM,CAS 3区
International Journal of Sport Policy and Politics,CAS 3区
INTERNATIONAL JOURNAL OF SPORT PSYCHOLOGY,SSCI/SCIE/SCI
International Journal of Sports Marketing & Sponsorship,CAS 3区
INTERNATIONAL JOURNAL OF SPORTS MEDICINE,CAS 4区
International Journal of Sports Physical Therapy,CAS 4区
International Journal of Sports Physiology and Performance,CAS 2区
International Journal of Sports Science & Coaching,CAS 4区
International Journal of Spray and Combustion Dynamics,CAS 4区
INTERNATIONAL JOURNAL OF STD & AIDS,CAS 4区
International Journal of Steel Structures,CAS 4区
International Journal of Stem Cells,CAS 4区
International Journal of STEM Education,CAS 1区 Top
International Journal of Strategic Communication,CAS 2区
International Journal of Strategic Property Management,CAS 4区
INTERNATIONAL JOURNAL OF STRESS MANAGEMENT,CAS 3区
International Journal of Stroke,CAS 2区
International Journal of Structural Engineering,CAS 4区
International Journal of Structural Integrity,CAS 4区
International Journal of Structural Stability and Dynamics,CAS 3区
International Journal of Surface Science and Engineering,CAS 4区
International Journal of Surgery,CAS 2区
International Journal of Surgery Case Reports,CAS 4区
International Journal of Surgery-Oncology,CAS 4区
International Journal of Surgery Open,CAS 4区
International Journal of Surgery Protocols,CAS 4区
INTERNATIONAL JOURNAL OF SURGICAL PATHOLOGY,CAS 4区
International Journal of Sustainability in Higher Education,CAS 2区
International Journal of Sustainable Agricultural Management and Informatics,CAS 4区
International Journal of Sustainable Aviation,CAS 4区
International Journal of Sustainable Construction Engineering and Technology,CAS 4区
INTERNATIONAL JOURNAL OF SUSTAINABLE DEVELOPMENT AND WORLD ECOLOGY,CAS 3区
International Journal of Sustainable Energy,CAS 4区
International Journal of Sustainable Engineering,CAS 4区
International Journal of Sustainable Transportation,CAS 3区
International Journal of Swarm Intelligence Research,CAS 4区
International Journal of System Assurance Engineering and Management,CAS 4区
INTERNATIONAL JOURNAL OF SYSTEMATIC AND EVOLUTIONARY MICROBIOLOGY,CAS 4区
International Journal of Systematic Theology,CAS 3区
International Journal of System Dynamics Applications,CAS 4区
International Journal of Systemic Therapy,CAS 4区
INTERNATIONAL JOURNAL OF SYSTEMS SCIENCE,CAS 4区
International Journal of Systems Science-Operations & Logistics,CAS 2区
International Journal of Taiwan Studies,CAS 4区
International Journal of Teacher Education and Professional Development,CAS 4区
International Journal of Technoethics,CAS 4区
International Journal of Technologies in Higher Education,CAS 4区
International Journal of Technology,CAS 4区
INTERNATIONAL JOURNAL OF TECHNOLOGY AND DESIGN EDUCATION,SSCI/SCIE/SCI
International Journal of Technology and Human Interaction,CAS 4区
INTERNATIONAL JOURNAL OF TECHNOLOGY ASSESSMENT IN HEALTH CARE,CAS 4区
International Journal of Technology Enhanced Learning,CAS 4区
International Journal of Technology in Education,CAS 4区
INTERNATIONAL JOURNAL OF TECHNOLOGY MANAGEMENT,SSCI/SCIE/SCI
International Journal of Telemedicine and Applications,CAS 4区
International Journal of Telerehabilitation,CAS 4区
International Journal of Testing,CAS 4区
International Journal of the Classical Tradition,CAS 2区
International Journal of the Commons,CAS 3区
International Journal of the Economics of Business,CAS 4区
International Journal of the History of Sport,SSCI/SCI/AHCI
International Journal of the Inclusive Museum,CAS 4区
International Journal of the Legal Profession,CAS 4区
International Journal of Theoretical and Applied Finance,CAS 4区
INTERNATIONAL JOURNAL OF THEORETICAL PHYSICS,CAS 4区
International Journal of the Platonic Tradition,CAS 3区
International Journal of Therapy and Rehabilitation,CAS 4区
INTERNATIONAL JOURNAL OF THERMAL SCIENCES,CAS 2区
International Journal of Thermodynamics,CAS 4区
INTERNATIONAL JOURNAL OF THERMOPHYSICS,CAS 3区
International Journal of the Sociology of Language,CAS 2区
International Journal of Tourism Cities,CAS 3区
International Journal of Tourism Research,CAS 3区
INTERNATIONAL JOURNAL OF TOXICOLOGY,CAS 4区
International Journal of Training and Development,CAS 4区
International Journal of Training Research,CAS 4区
International Journal of Transgender Health,SSCI/SCIE/SCI
International Journal of Transitional Justice,CAS 2区
International Journal of Transportation Science and Technology,CAS 2区
International Journal of Transport Economics,CAS 4区
INTERNATIONAL JOURNAL OF TROPICAL INSECT SCIENCE,CAS 4区
International Journal of Tryptophan Research,CAS 4区
INTERNATIONAL JOURNAL OF TUBERCULOSIS AND LUNG DISEASE,CAS 3区
INTERNATIONAL JOURNAL OF TURBO & JET-ENGINES,CAS 4区
International Journal of Turbomachinery Propulsion and Power,CAS 4区
INTERNATIONAL JOURNAL OF UNCERTAINTY FUZZINESS AND KNOWLEDGE-BASED SYSTEMS,CAS 4区
International Journal of Unconventional Computing,CAS 4区
INTERNATIONAL JOURNAL OF URBAN AND REGIONAL RESEARCH,CAS 1区 Top
INTERNATIONAL JOURNAL OF URBAN SCIENCES,CAS 3区
International Journal of Urban Sustainable Development,CAS 3区
International Journal of Urological Nursing,CAS 4区
INTERNATIONAL JOURNAL OF UROLOGY,CAS 4区
International Journal of Value Chain Management,CAS 4区
International Journal of Vascular Medicine,CAS 3区
International Journal of Vegetable Science,Indexed
INTERNATIONAL JOURNAL OF VEHICLE DESIGN,CAS 4区
International Journal of Vehicle Performance,Indexed
International Journal of Ventilation,CAS 4区
International Journal of Veterinary Science and Medicine,CAS 2区
INTERNATIONAL JOURNAL OF WATER RESOURCES DEVELOPMENT,CAS 4区
International Journal of Wavelets Multiresolution and Information Processing,CAS 4区
International Journal of Web and Grid Services,CAS 4区
International Journal of Web Information Systems,CAS 4区
International Journal of Web Services Research,CAS 4区
International Journal of Whole Schooling,CAS 4区
INTERNATIONAL JOURNAL OF WILDLAND FIRE,CAS 3区
International Journal of Wine Business Research,CAS 2区
International Journal of Wireless Information Networks,CAS 4区
International Journal of Womens Dermatology,Indexed
International Journal of Womens Health,CAS 3区
International Journal of Womens Health and Reproduction Sciences,CAS 4区
International Journal of Work-Integrated Learning,CAS 4区
International Journal of Workplace Health Management,CAS 3区
International Journal of Yoga,CAS 4区
International Journal on Artificial Intelligence Tools,CAS 4区
International Journal on Digital Libraries,CAS 4区
International Journal on Document Analysis and Recognition,CAS 3区
International Journal on Information Technologies and Security,CAS 4区
International Journal on Minority and Group Rights,CAS 4区
International Journal on Semantic Web and Information Systems,CAS 2区
International Journal on Smart Sensing and Intelligent Systems,CAS 4区
International Journal on Software Tools for Technology Transfer,CAS 4区
International Journal on Studies in Education,Indexed
International Journal on Working Conditions,CAS 4区
INTERNATIONAL LABOR AND WORKING-CLASS HISTORY,SSCI/SCI/AHCI
INTERNATIONAL LABOUR REVIEW,CAS 3区
International Maritime Health,CAS 4区
INTERNATIONAL MARKETING REVIEW,CAS 3区
INTERNATIONAL MATERIALS REVIEWS,CAS 1区 Top
INTERNATIONAL MATHEMATICS RESEARCH NOTICES,CAS 2区
International Medical Case Reports Journal,CAS 4区
INTERNATIONAL MICROBIOLOGY,CAS 4区
INTERNATIONAL MIGRATION,CAS 3区
INTERNATIONAL MIGRATION REVIEW,CAS 2区
International Multilingual Research Journal,SSCI/SCI/AHCI
International Nano Letters,CAS 4区
International Negotiation-A Journal of Theory and Practice,CAS 4区
International Neurourology Journal,CAS 4区
INTERNATIONAL NURSING REVIEW,SSCI/SCIE/SCI
INTERNATIONAL OPHTHALMOLOGY,CAS 4区
INTERNATIONAL ORGANIZATION,CAS 1区 Top
International Organizations Law Review,CAS 4区
International Orthodontics,CAS 3区
INTERNATIONAL ORTHOPAEDICS,CAS 3区
International Peacekeeping,CAS 2区
INTERNATIONAL PHILOSOPHICAL QUARTERLY,CAS 4区
International Planning Studies,CAS 3区
INTERNATIONAL POLITICAL SCIENCE REVIEW,CAS 2区
International Political Sociology,CAS 1区 Top
International Politics,CAS 3区
INTERNATIONAL POLYMER PROCESSING,CAS 4区
International Productivity Monitor,CAS 4区
INTERNATIONAL PSYCHOGERIATRICS,SSCI/SCIE/SCI
International Public History,CAS 4区
International Public Management Journal,CAS 4区
International Real Estate Review,CAS 4区
INTERNATIONAL REGIONAL SCIENCE REVIEW,CAS 3区
International Relations,CAS 2区
International Relations of the Asia-Pacific,CAS 2区
International Research in Childrens Literature,CAS 4区
International Research in Early Childhood Education,CAS 4区
International Research in Geographical and Environmental Education,CAS 4区
International Review,CAS 4区
International Review for Spatial Planning and Sustainable Development,CAS 4区
International Review for the Sociology of Sport,CAS 3区
INTERNATIONAL REVIEW OF ADMINISTRATIVE SCIENCES,CAS 3区
International Review of Applied Economics,CAS 4区
International Review of Economics Education,CAS 4区
International Review of Economics & Finance,CAS 2区
INTERNATIONAL REVIEW OF EDUCATION,CAS 3区
International Review of Environmental and Resource Economics,CAS 4区
International Review of Finance,CAS 4区
International Review of Financial Analysis,CAS 2区 Top
INTERNATIONAL REVIEW OF HYDROBIOLOGY,CAS 4区
International Review of Information Ethics,CAS 4区
INTERNATIONAL REVIEW OF LAW AND ECONOMICS,CAS 4区
International Review of Mission,CAS 4区
International Review of Pragmatics,CAS 4区
INTERNATIONAL REVIEW OF PSYCHIATRY,CAS 3区
International Review of Research in Open and Distributed Learning,CAS 3区
International Review of Retail Distribution and Consumer Research,CAS 4区
International Review of Scottish Studies,CAS 4区
INTERNATIONAL REVIEW OF SOCIAL HISTORY,SSCI/SCI/AHCI
International Review of Social Psychology,CAS 3区
International Review of Sociology-Revue Internationale de Sociologie,CAS 4区
International Review of Sport and Exercise Psychology,CAS 1区 Top
INTERNATIONAL REVIEW OF THE AESTHETICS AND SOCIOLOGY OF MUSIC,CAS 4区
International Review of the Red Cross,CAS 4区
International Review of Victimology,CAS 3区
International Review on Public and Nonprofit Marketing,CAS 4区
INTERNATIONAL REVIEWS IN PHYSICAL CHEMISTRY,CAS 3区
INTERNATIONAL REVIEWS OF IMMUNOLOGY,CAS 4区
INTERNATIONAL SECURITY,CAS 1区 Top
International Shipbuilding Progress,CAS 4区
International Small Business Journal-Researching Entrepreneurship,CAS 3区
International Social Security Review,CAS 4区
INTERNATIONAL SOCIAL WORK,CAS 4区
INTERNATIONAL SOCIOLOGY,CAS 4区
International Soil and Water Conservation Research,CAS 1区 Top
International Spectator,CAS 2区
International Sport Coaching Journal,CAS 4区
International Sports Law Journal,CAS 3区
International Sports Studies,CAS 4区
INTERNATIONAL STATISTICAL REVIEW,CAS 4区
International Studies in Catholic Education,CAS 4区
International Studies in Sociology of Education,CAS 3区
International Studies in the Philosophy of Science,CAS 3区
International Studies of Economics,CAS 4区
INTERNATIONAL STUDIES OF MANAGEMENT & ORGANIZATION,CAS 4区
International Studies Perspectives,CAS 2区
INTERNATIONAL STUDIES QUARTERLY,CAS 1区 Top
International Studies Review,CAS 1区 Top
INTERNATIONAL SURGERY,CAS 4区
INTERNATIONAL TAX AND PUBLIC FINANCE,CAS 4区
International Theory,CAS 2区
International Trade Journal,CAS 4区
International Transactions in Operational Research,SSCI/SCIE/SCI
International Transactions on Electrical Energy Systems,CAS 4区
INTERNATIONAL UROGYNECOLOGY JOURNAL,CAS 3区
INTERNATIONAL UROLOGY AND NEPHROLOGY,CAS 4区
International Wood Products Journal,CAS 4区
International Wound Journal,CAS 3区
Internet and Higher Education,CAS 1区 Top
Internet Histories,CAS 2区
Internet Interventions-The Application of Information Technology in Mental and Behavioural Health,SSCI/SCIE/SCI
Internet Journal of Allied Health Sciences and Practice,CAS 4区
Internet of Things,CAS 2区
Internet Policy Review,CAS 3区
Internet Pragmatics,CAS 3区
Internet Research,SSCI/SCIE/SCI
Internet Technology Letters,CAS 4区
Internetworking Indonesia,CAS 4区
INTERPRETATION-A JOURNAL OF BIBLE AND THEOLOGY,CAS 4区
Interpretation-A Journal of Political Philosophy,CAS 4区
Interpretation-A Journal of Subsurface Characterization,CAS 4区
Interpreter and Translator Trainer,SSCI/SCI/AHCI
Interpreting,SSCI/SCI/AHCI
Intersecciones en Antropologia,SSCI/SCI/AHCI
Intersectionalities-A Global Journal of Social Work Analysis Research Polity and Practice,CAS 4区
Intersections-East European Journal of Society and Politics,CAS 4区
Intersections-Gender and Sexuality in Asia and the Pacific,CAS 4区
Intersezioni,CAS 4区
Intertax,CAS 4区
Intervencion-Revista Internacional de Conservacion Restauracion y Museologia,CAS 4区
Interventional Cardiology-Reviews Research Resources,CAS 3区
INTERVENTIONAL NEURORADIOLOGY,CAS 4区
Interventional Radiology,Indexed
INTERVENTION IN SCHOOL AND CLINIC,CAS 4区
Intervention-International Journal of Mental Health Psychosocial Work and Counselling in Areas of Armed Conflict,CAS 4区
Interventions-International Journal of Postcolonial Studies,SSCI/SCI/AHCI
INTERVIROLOGY,CAS 4区
Intestinal Research,CAS 3区
Intractable & Rare Diseases Research,CAS 4区
Intrecci d Arte,CAS 3区
Invasive Plant Science and Management,CAS 4区
INVENTIONES MATHEMATICAE,CAS 1区 Top
Inventions,CAS 4区
INVERSE PROBLEMS,CAS 3区
Inverse Problems and Imaging,CAS 4区
INVERTEBRATE BIOLOGY,CAS 4区
INVERTEBRATE REPRODUCTION & DEVELOPMENT,CAS 4区
INVERTEBRATE SYSTEMATICS,CAS 2区
Investigacion Bibliotecologica,CAS 4区
INVESTIGACION CLINICA,CAS 4区
Investigacion Economica,CAS 4区
Investigaciones de Historia Economica,CAS 4区
Investigaciones Feministas,CAS 4区
Investigaciones Fenomenologicas,CAS 4区
Investigaciones Geograficas-Spain,CAS 4区
Investigaciones Historicas-epoca moderna y contemporanea,Indexed
Investigaciones Regionales-Journal of Regional Research,CAS 4区
Investigaciones sobre Lectura,CAS 4区
Investigaciones Turisticas,CAS 4区
Investigacion y Educacion en Enfermeria,CAS 4区
INVESTIGATIONAL NEW DRUGS,CAS 3区
Investigative and Clinical Urology,CAS 3区
Investigative Magnetic Resonance Imaging,Indexed
INVESTIGATIVE OPHTHALMOLOGY & VISUAL SCIENCE,CAS 2区
INVESTIGATIVE RADIOLOGY,CAS 1区 Top
Investment Analysts Journal,CAS 4区
IN VITRO CELLULAR & DEVELOPMENTAL BIOLOGY-ANIMAL,CAS 4区
IN VITRO CELLULAR & DEVELOPMENTAL BIOLOGY-PLANT,CAS 3区
In vitro models,Indexed
IN VIVO,CAS 4区
"Involve, a journal of mathematics",CAS 4区
Inzinerine Ekonomika-Engineering Economics,CAS 4区
Inzynieria Mineralna-Journal of the Polish Mineral Engineering Society,CAS 4区
IONICS,CAS 4区
IoT,Indexed
IOWA LAW REVIEW,CAS 4区
I-Perception,CAS 3区
Ipotesi-Revista de Estudos Literarios,CAS 4区
IPRI Journal,CAS 4区
IPSI BgD Transactions on Internet Research,CAS 4区
IPSI TRANSACTIONS ON INTERNET RESEARCH,Indexed
IRADIOLOGY,Indexed
IRAL-INTERNATIONAL REVIEW OF APPLIED LINGUISTICS IN LANGUAGE TEACHING,CAS 2区
Iran and the Caucasus,CAS 4区
IRANIAN BIOMEDICAL JOURNAL,Indexed
Iranian Heart Journal,CAS 4区
Iranian Journal of Allergy Asthma and Immunology,CAS 4区
Iranian Journal of Applied Animal Science,CAS 4区
Iranian Journal of Basic Medical Sciences,CAS 4区
Iranian Journal of Biotechnology,CAS 4区
Iranian Journal of Catalysis,CAS 4区
IRANIAN JOURNAL OF CHEMISTRY & CHEMICAL ENGINEERING-INTERNATIONAL ENGLISH EDITION,CAS 4区
Iranian Journal of Child Neurology,CAS 4区
Iranian Journal of Earth Sciences,CAS 4区
IRANIAN JOURNAL OF FISHERIES SCIENCES,CAS 4区
Iranian Journal of Fuzzy Systems,CAS 4区
Iranian Journal of Immunology,CAS 4区
Iranian Journal of Kidney Diseases,CAS 4区
Iranian Journal of Language Teaching Research,CAS 4区
Iranian Journal of Management Studies,CAS 4区
Iranian Journal of Materials Science and Engineering,CAS 4区
Iranian Journal of Mathematical Chemistry,CAS 3区
Iranian Journal of Mathematical Sciences and Informatics,CAS 4区
Iranian Journal of Medical Sciences,CAS 4区
Iranian Journal of Microbiology,CAS 4区
Iranian Journal of Neonatology,CAS 4区
Iranian Journal of Nuclear Medicine,CAS 4区
Iranian Journal of Nursing and Midwifery Research,CAS 4区
Iranian Journal of Parasitology,CAS 4区
Iranian Journal of Pediatric Hematology and Oncology,CAS 4区
Iranian Journal of Pediatrics,CAS 4区
Iranian Journal of Pharmaceutical Research,CAS 4区
Iranian Journal of Psychiatry and Behavioral Sciences,CAS 4区
Iranian Journal of Psychiatry and Clinical Psychology,CAS 4区
Iranian Journal of Public Health,SSCI/SCIE/SCI
Iranian Journal of Radiology,CAS 4区
Iranian Journal of Science,CAS 4区
Iranian Journal of Science and Technology-Transactions of Electrical Engineering,CAS 4区
Iranian Journal of Science and Technology-Transactions of Mechanical Engineering,CAS 4区
Iranian Journal of Veterinary Research,CAS 4区
IRANIAN POLYMER JOURNAL,CAS 3区
Iranian Red Crescent Medical Journal,CAS 4区
Iranian Studies,SSCI/SCI/AHCI
Iranica Antiqua,CAS 4区
Iran-Journal of the British Institute of Persian Studies,CAS 3区
Iraqi Journal of Agricultural Sciences,CAS 4区
Iraqi Journal of Hematology,CAS 4区
IRBM,CAS 2区
Iride-Filosofia e Discussione Pubblica,CAS 4区
Irish Economic and Social History,CAS 4区
Irish Educational Studies,CAS 3区
IRISH HISTORICAL STUDIES,CAS 3区
IRISH JOURNAL OF AGRICULTURAL AND FOOD RESEARCH,CAS 4区
Irish Journal of Management,CAS 4区
IRISH JOURNAL OF MEDICAL SCIENCE,CAS 4区
IRISH JOURNAL OF PSYCHOLOGICAL MEDICINE,CAS 4区
Irish Jurist,CAS 4区
Irish Political Studies,CAS 4区
Irish Studies Review,CAS 3区
Irish Theological Quarterly,CAS 3区
IRISH UNIVERSITY REVIEW,CAS 4区
IRISH VETERINARY JOURNAL,CAS 2区
IRONMAKING & STEELMAKING,CAS 4区
IRRIGATION AND DRAINAGE,CAS 4区
IRRIGATION SCIENCE,CAS 2区
ISA TRANSACTIONS,CAS 2区 Top
iScience,CAS 2区
ISeCure-ISC International Journal of Information Security,CAS 4区
Isegoria,CAS 4区
ISI Bilimi ve Teknigi Dergisi-Journal of Thermal Science and Technology,CAS 4区
ISIJ INTERNATIONAL,CAS 4区
ISIS,SSCI/SCIE/SCI/AHCI
ISJ-Invertebrate Survival Journal,CAS 4区
Islam and Christian-Muslim Relations,CAS 3区
Islamic Africa,CAS 3区
Islamic Law and Society,CAS 3区
Islamiyyat-The International Journal of Islamic Studies,CAS 3区
ISLAM-ZEITSCHRIFT FUR GESCHICHTE UND KULTUR DES ISLAMISCHEN ORIENTS,CAS 3区
ISLAND ARC,CAS 4区
Island Studies Journal,CAS 3区
ISLE-Interdisciplinary Studies in Literature and Environment,CAS 4区
Islets,CAS 4区
ISME Communications,CAS 2区
ISME Journal,CAS 1区 Top
Isogloss Open Journal of Romance Linguistics,Indexed
ISOKINETICS AND EXERCISE SCIENCE,CAS 4区
ISOTOPES IN ENVIRONMENTAL AND HEALTH STUDIES,CAS 4区
ISPRS International Journal of Geo-Information,CAS 3区
ISPRS JOURNAL OF PHOTOGRAMMETRY AND REMOTE SENSING,CAS 1区 Top
Israel Affairs,CAS 4区
ISRAEL EXPLORATION JOURNAL,CAS 3区
ISRAELI JOURNAL OF AQUACULTURE-BAMIDGEH,CAS 4区
ISRAEL JOURNAL OF CHEMISTRY,CAS 4区
Israel Journal of Ecology & Evolution,CAS 4区
Israel Journal of Health Policy Research,CAS 3区
ISRAEL JOURNAL OF MATHEMATICS,CAS 3区
ISRAEL JOURNAL OF PLANT SCIENCES,CAS 4区
ISRAEL JOURNAL OF PSYCHIATRY AND RELATED SCIENCES,CAS 4区
ISRAEL JOURNAL OF VETERINARY MEDICINE,CAS 4区
ISRAEL LAW REVIEW,CAS 4区
ISRAEL MEDICAL ASSOCIATION JOURNAL,CAS 4区
Israel Studies,CAS 3区
Israel Studies Review,CAS 4区
ISRA International Journal of Islamic Finance,CAS 2区
ISSUES IN ACCOUNTING EDUCATION,CAS 4区
Issues in Educational Research,CAS 4区
ISSUES IN LAW & MEDICINE,CAS 4区
Issues in Mental Health Nursing,SSCI/SCIE/SCI
ISSUES IN SCIENCE AND TECHNOLOGY,SSCI/SCIE/SCI
ISSUES & STUDIES,CAS 4区
Istanbul Business Research,CAS 4区
Istanbul Hukuk Mecmuasi,CAS 4区
Istanbul Iktisat Dergisi-Istanbul Journal of Economics,CAS 4区
Istanbul Journal of Pharmacy,CAS 4区
Istanbul Medical Journal,CAS 4区
Istanbul Universitesi Sosyoloji Dergisi-Istanbul University Journal of Sociology,CAS 4区
Istorija,CAS 4区
Istorija 20 Veka,CAS 4区
Istoriya-Elektronnyi Nauchno-Obrazovatelnyi Zhurnal,CAS 4区
Istoriya-History,CAS 4区
Italian Culture,CAS 3区
Italian Economic Journal,CAS 4区
Italian Geotechnical Journal-Rivista Italiana di Geotecnica,CAS 4区
Italianist,CAS 4区
Italianistica-Rivista di letteratura Italiana,CAS 3区
Italian Journal of Agrometeorology-Rivista Italiana di Agrometeorologia,CAS 4区
Italian Journal of Agronomy,CAS 3区
Italian Journal of Animal Science,CAS 3区
Italian Journal of Dermatology and Venereology,CAS 4区
Italian Journal of Engineering Geology and Environment,CAS 4区
Italian Journal of Food Safety,CAS 4区
ITALIAN JOURNAL OF FOOD SCIENCE,CAS 3区
Italian Journal of Geosciences,CAS 4区
Italian Journal of Linguistics,CAS 3区
Italian Journal of Medicine,CAS 4区
Italian Journal of Pediatrics,CAS 3区
Italian Journal of Planning Practice,CAS 4区
Italian Journal of Pure and Applied Mathematics,CAS 4区
Italian Journal of Vascular and Endovascular Surgery,CAS 4区
Italiano LinguaDue,CAS 4区
Italian Political Science Review-Rivista Italiana di Scienza Politica,CAS 3区
Italian Studies,CAS 3区
Italica Belgradensia,CAS 4区
I Tatti Studies,CAS 4区
ITEA-Informacion Tecnica Economica Agraria,CAS 4区
ITE JOURNAL-INSTITUTE OF TRANSPORTATION ENGINEERS,CAS 4区
ITE Transactions on Media Technology and Applications,CAS 4区
Itineraria,CAS 2区
Itinerario-International Journal on the History of European Expansion and Global Interaction,CAS 3区
Itinerario-Journal of Imperial and Global Interactions,SSCI/SCI/AHCI
ItinerArios-Revista de Literatura,CAS 4区
IT-Information Technology,CAS 4区
ITL-International Journal of Applied Linguistics,CAS 2区
IT Professional,CAS 4区
IUBMB LIFE,CAS 3区
IUCrJ,CAS 3区
Ius Canonicum,CAS 4区
Ius Humani-Revista de Derecho,CAS 4区
IZA Journal of Labor Policy,CAS 4区
Izquierdas,CAS 4区
IZVESTIYA ATMOSPHERIC AND OCEANIC PHYSICS,CAS 4区
Izvestiya Instituta Matematiki i Informatiki-Udmurtskogo Gosudarstvennogo Universiteta,CAS 4区
IZVESTIYA MATHEMATICS,CAS 4区
Izvestiya of Saratov University Mathematics Mechanics Informatics,CAS 4区
IZVESTIYA-PHYSICS OF THE SOLID EARTH,CAS 4区
Izvestiya Uralskogo Federalnogo Universiteta-Seriya 2-Gumanitarnye Nauki,CAS 4区
Izvestiya Vuzov-Prikladnaya Khimiya i Biotekhnologiya,CAS 4区
Izvestiya Vysshikh Uchebnykh Zavedenii Khimiya i Khimicheskaya Tekhnologiya,CAS 4区
Izvestiya Vysshikh Uchebnykh Zavedeniy-Prikladnaya Nelineynaya Dinamika,CAS 4区
J19-The Journal of Nineteenth-Century Americanists,CAS 4区
JAAD International,Indexed
JAAPA-Journal of the American Academy of Physician Assistants,CAS 4区
JAC-Antimicrobial Resistance,CAS 4区
JACC-Basic to Translational Science,CAS 1区 Top
JACC: CardioOncology,CAS 1区 Top
JACC-Cardiovascular Imaging,CAS 1区 Top
JACC-Cardiovascular Interventions,CAS 1区 Top
JACC-Clinical Electrophysiology,CAS 1区 Top
JACC-Heart Failure,CAS 1区 Top
JA Clinical Reports,CAS 4区
JACS Au,CAS 1区 Top
Jaen Journal on Approximation,CAS 4区
JAHRBUCH DER BERLINER MUSEEN,CAS 4区
Jahrbuch der Oesterreichischen Byzantinistik,CAS 4区
JAHRBUCHER FUR GESCHICHTE OSTEUROPAS,CAS 4区
JAHRBUCHER FUR NATIONALOKONOMIE UND STATISTIK,CAS 4区
JAHRBUCH FUR INTERNATIONALE GERMANISTIK,CAS 4区
Jahrbuch Fur Wirtschaftsgeschichte,CAS 4区
JAIDS-JOURNAL OF ACQUIRED IMMUNE DEFICIENCY SYNDROMES,CAS 3区
JAMA Cardiology,CAS 1区 Top
JAMA Dermatology,CAS 1区 Top
JAMA Health Forum,SSCI/SCIE/SCI
JAMA Internal Medicine,CAS 1区 Top
JAMA-JOURNAL OF THE AMERICAN MEDICAL ASSOCIATION,CAS 1区 Top
JAMA Network Open,CAS 1区 Top
JAMA Neurology,CAS 1区 Top
JAMA Oncology,CAS 1区 Top
JAMA Ophthalmology,CAS 1区 Top
JAMA Otolaryngology-Head & Neck Surgery,CAS 1区 Top
JAMA Pediatrics,CAS 1区 Top
JAMA Psychiatry,SSCI/SCIE/SCI
JAMA Surgery,CAS 1区 Top
JAMA: The Journal of the American Medical Association,Indexed
Jamba-Journal of Disaster Risk Studies,CAS 4区
JAMES JOYCE QUARTERLY,CAS 3区
JAMIA Open,CAS 3区
JANAC-JOURNAL OF THE ASSOCIATION OF NURSES IN AIDS CARE,SSCI/SCIE/SCI
Janus-Estudios Sobre El Siglo de Oro,CAS 3区
JAPAN AND THE WORLD ECONOMY,CAS 4区
Japan Architectural Review,CAS 4区
Japanese Accounting Review,Indexed
Japanese Dental Science Review,CAS 2区
JAPANESE ECONOMIC REVIEW,CAS 4区
JAPANESE JOURNAL OF APPLIED ENTOMOLOGY AND ZOOLOGY,CAS 4区
JAPANESE JOURNAL OF APPLIED PHYSICS,CAS 4区
JAPANESE JOURNAL OF CLINICAL ONCOLOGY,CAS 4区
JAPANESE JOURNAL OF INFECTIOUS DISEASES,CAS 4区
Japanese Journal of Mathematics,CAS 3区
JAPANESE JOURNAL OF OPHTHALMOLOGY,CAS 4区
Japanese Journal of Political Science,CAS 4区
Japanese Journal of Radiology,CAS 4区
JAPANESE JOURNAL OF RELIGIOUS STUDIES,CAS 3区
Japanese Journal of Sociology,CAS 4区
Japanese Journal of Statistics and Data Science,CAS 4区
JAPANESE JOURNAL OF VETERINARY RESEARCH,CAS 4区
Japanese Political Economy,Indexed
JAPANESE PSYCHOLOGICAL RESEARCH,CAS 4区
Japanese Studies,CAS 4区
Japanese Studies in Russia,CAS 4区
Japan Forum,CAS 4区
JAPAN JOURNAL OF INDUSTRIAL AND APPLIED MATHEMATICS,CAS 4区
Japan Journal of Nursing Science,SSCI/SCIE/SCI
Japan Review,CAS 4区
JARO-JOURNAL OF THE ASSOCIATION FOR RESEARCH IN OTOLARYNGOLOGY,CAS 2区
JARQ-JAPAN AGRICULTURAL RESEARCH QUARTERLY,CAS 4区
JASA Express Letters,CAS 4区
JASSS-THE JOURNAL OF ARTIFICIAL SOCIETIES AND SOCIAL SIMULATION,CAS 3区
JATI-Journal of Southeast Asian Studies,CAS 4区
JAVMA-JOURNAL OF THE AMERICAN VETERINARY MEDICAL ASSOCIATION,CAS 3区
JAVNOST-THE PUBLIC,CAS 3区
Jazz Research Journal,CAS 4区
JBI Evidence Implementation,CAS 4区
JBI Evidence Synthesis,CAS 4区
JBJS Essential Surgical Techniques,CAS 4区
JBJS Open Access,CAS 4区
JBJS Reviews,CAS 4区
JBMR Plus,CAS 3区
JCI Insight,CAS 1区 Top
JCMS-Journal of Cinema and Media Studies,CAS 2区 Top
JCMS-Journal of Common Market Studies,CAS 1区 Top
JCO Clinical Cancer Informatics,CAS 3区
JCO Global Oncology,CAS 3区
JCOM-Journal of Science Communication,CAS 3区
JCO Oncology Practice,CAS 2区
JCO Precision Oncology,CAS 2区
JCPP Advances,Indexed
JCPSP-Journal of the College of Physicians and Surgeons Pakistan,CAS 4区
JCR-JOURNAL OF CLINICAL RHEUMATOLOGY,CAS 4区
JDR Clinical & Translational Research,CAS 3区
JDS Communications,Indexed
JEADV Clinical Practice,Indexed
Jebat-Malaysian Journal of History Politics and Strategic Studies,CAS 4区
JETP LETTERS,CAS 4区
Jeunesse-Young People Texts Cultures,CAS 4区
Jeu-Revue de Theatre,CAS 4区
Jewish Film & New Media-An International Journal,CAS 3区
Jewish Historical Studies-Transactions of the Jewish Historical Society of England,CAS 4区
Jewish History,CAS 3区
JEWISH QUARTERLY REVIEW,CAS 3区
JEWISH SOCIAL STUDIES,CAS 2区
Jewish Studies Quarterly,CAS 3区
Jezikoslovlje,CAS 4区
JFR-Journal of Family Research,CAS 2区
JGH Open,CAS 4区
JHEP Reports,CAS 1区 Top
JIMD Reports,Indexed
JIMS8M-The Journal of Indian Management & Strategy,CAS 4区
JIRSS-Journal of the Iranian Statistical Society,CAS 4区
JLIS.it,CAS 4区
JMA Journal,CAS 4区
JMIR Aging,SSCI/SCIE/SCI
JMIR AI,Indexed
JMIR Cancer,CAS 3区
JMIR Cardio,Indexed
JMIR Diabetes,Indexed
JMIR Formative Research,CAS 4区
JMIR Human Factors,CAS 3区
JMIR Infodemiology,CAS 3区
JMIR Medical Education,CAS 3区
JMIR Medical Informatics,CAS 3区
JMIR Mental Health,CAS 2区
JMIR mHealth and uHealth,CAS 2区 Top
JMIR Nursing,Indexed
JMIR Pediatrics and Parenting,CAS 3区
JMIR Public Health and Surveillance,SSCI/SCIE/SCI
JMIR Rehabilitation and Assistive Technologies,Indexed
JMIR Research Protocols,CAS 4区
JMIR Serious Games,CAS 2区
JMM-International Journal on Media Management,CAS 4区
JNCI Cancer Spectrum,CAS 3区
JNCI-Journal of the National Cancer Institute,CAS 1区 Top
JNP- The Journal for Nurse Practitioners,SSCI/SCIE/SCI
JNT-JOURNAL OF NARRATIVE THEORY,CAS 4区
JOGNN-JOURNAL OF OBSTETRIC GYNECOLOGIC AND NEONATAL NURSING,SSCI/SCIE/SCI
JOHNS HOPKINS APL TECHNICAL DIGEST,CAS 4区
Johnson Matthey Technology Review,CAS 4区
JOINT BONE SPINE,CAS 3区
Joint Commission Journal on Quality and Patient Safety,CAS 3区
Joint Diseases and Related Surgery,CAS 3区
Jokull,CAS 4区
JOM,CAS 4区
JOMR-Journal of Oral & Maxillofacial Research,CAS 4区
Jordanian Journal of Computers and Information Technology,CAS 4区
Jordan Journal of Chemistry,CAS 4区
Jordan Journal of Civil Engineering,CAS 4区
Jordan Journal of Electrical Engineering,CAS 4区
Jordan Journal of Mathematics and Statistics,CAS 4区
Jordan Journal of Mechanical and Industrial Engineering,CAS 4区
Jordan Journal of Modern Languages & Literature,CAS 4区
Jordan Journal of Physics,CAS 4区
Jornal Brasileiro de Nefrologia,CAS 4区
Jornal Brasileiro de Pneumologia,CAS 4区
Jornal Brasileiro de Reproducao Assistida,CAS 4区
Jornal de Pediatria,CAS 3区
Jornal Vascular Brasileiro,CAS 4区
JOR Spine,CAS 3区
Joule,CAS 1区 Top
Journal Asiatique,CAS 4区
Journal AWWA,CAS 4区
JOURNAL D ANALYSE MATHEMATIQUE,CAS 3区
Journal de la Societe des Americanistes,CAS 4区
Journal de l Ecole Polytechnique-Mathematiques,CAS 2区
JOURNAL DE MATHEMATIQUES PURES ET APPLIQUEES,CAS 1区 Top
JOURNAL DE MYCOLOGIE MEDICALE,CAS 4区
JOURNAL DER DEUTSCHEN DERMATOLOGISCHEN GESELLSCHAFT,CAS 2区
Journal de Theorie des Nombres de Bordeaux,CAS 4区
Journal for Critical Education Policy Studies,CAS 4区
Journal for Cultural Research,CAS 3区
Journal for Early Modern Cultural Studies,CAS 4区
Journal for Educational Research Online-JERO,CAS 4区
Journal for Eighteenth-Century Studies,CAS 3区
Journal for European Environmental & Planning Law,CAS 4区
Journal for General Philosophy of Science,CAS 2区
Journal for Geometry and Graphics,CAS 4区
Journal for Healthcare Quality,SSCI/SCIE/SCI
Journal for ImmunoTherapy of Cancer,CAS 1区 Top
Journal for International Business and Entrepreneurship Development,CAS 4区
Journal for Labour Market Research,CAS 4区
Journal for Multicultural Education,CAS 4区
JOURNAL FOR NATURE CONSERVATION,CAS 3区
Journal for New Generation Sciences,CAS 4区
Journal for Nurses in Professional Development,CAS 4区
Journal for Peace and Nuclear Disarmament,CAS 4区
JOURNAL FOR RESEARCH IN MATHEMATICS EDUCATION,CAS 2区
Journal for Semitics,CAS 4区
Journal for Specialists in Group Work,CAS 4区
Journal for Specialists in Pediatric Nursing,SSCI/SCIE/SCI
Journal for the Academic Study of Religion,CAS 4区
Journal for the Cognitive Science of Religion,CAS 4区
JOURNAL FOR THE EDUCATION OF THE GIFTED,CAS 4区
JOURNAL FOR THE HISTORY OF ASTRONOMY,SCIE/SCI/AHCI
Journal for the History of Modern Theology-Zeitschrift fur Neuere Theologiegeschichte,CAS 3区
Journal for the Measurement of Physical Behaviour,Indexed
JOURNAL FOR THE SCIENTIFIC STUDY OF RELIGION,SSCI/SCI/AHCI
Journal for the Study of Christian Culture,CAS 4区
Journal for the Study of Education and Development,CAS 4区
Journal for the Study of Judaism,CAS 1区 Top
Journal for the Study of Religion,CAS 3区
Journal for the Study of Religion Nature and Culture,CAS 4区
JOURNAL FOR THE STUDY OF RELIGIONS AND IDEOLOGIES,CAS 3区
Journal for the Study of Spirituality,CAS 3区
Journal for the Study of Sports and Athletes in Education,CAS 4区
Journal for the Study of the Historical Jesus,CAS 3区
Journal for the Study of the New Testament,CAS 2区
Journal for the Study of the Old Testament,CAS 3区
Journal for the Study of the Pseudepigrapha,CAS 2区
JOURNAL FOR THE THEORY OF SOCIAL BEHAVIOUR,CAS 3区
JOURNAL FRANCAIS D OPHTALMOLOGIE,CAS 4区
JOURNAL FUR DIE REINE UND ANGEWANDTE MATHEMATIK,CAS 1区 Top
Journal fur Endokrinologie Diabetologie und Stoffwechsel,Indexed
Journal fur Hypertonie,CAS 4区
Journal fur Kardiologie,CAS 4区
Journal fur Kulturpflanzen,CAS 4区
Journal fur Mathematik-Didaktik,CAS 4区
Journalism,CAS 2区 Top
Journalism and Media,CAS 2区
JOURNALISM & MASS COMMUNICATION QUARTERLY,CAS 1区 Top
Journalism Practice,CAS 2区
Journalism Studies,CAS 1区 Top
JOURNAL OF AAPOS,CAS 4区
Journal of Academic Ethics,CAS 4区
Journal of Academic Language and Learning,CAS 4区
JOURNAL OF ACADEMIC LIBRARIANSHIP,CAS 3区
Journal of Academic Research in Medicine-JAREM,CAS 4区
Journal of Accounting and Organizational Change,CAS 3区
JOURNAL OF ACCOUNTING AND PUBLIC POLICY,CAS 3区
Journal of Accounting Auditing and Finance,CAS 4区
JOURNAL OF ACCOUNTING & ECONOMICS,CAS 1区 Top
Journal of Accounting in Emerging Economies,CAS 3区
Journal of Accounting Literature,CAS 4区
JOURNAL OF ACCOUNTING RESEARCH,CAS 1区 Top
Journal of Accounting Review,CAS 4区
Journal of Active and Passive Electronic Devices,CAS 4区
Journal of Acupuncture and Meridian Studies,CAS 4区
Journal of Acupuncture and Tuina Science,CAS 4区
Journal of Acute Care Physical Therapy,CAS 4区
Journal of Acute Disease,CAS 4区
Journal of Acute Medicine,CAS 4区
Journal of Adaptation in Film & Performance,CAS 3区
Journal of Addiction Medicine,CAS 2区
Journal of Addictions Nursing,SSCI/SCIE/SCI
JOURNAL OF ADDICTIONS & OFFENDER COUNSELING,CAS 4区
JOURNAL OF ADDICTIVE DISEASES,CAS 4区
JOURNAL OF ADHESION,CAS 3区
JOURNAL OF ADHESION SCIENCE AND TECHNOLOGY,CAS 4区
JOURNAL OF ADHESIVE DENTISTRY,CAS 3区
JOURNAL OF ADOLESCENCE,CAS 2区
JOURNAL OF ADOLESCENT & ADULT LITERACY,CAS 4区
Journal of Adolescent and Young Adult Oncology,CAS 4区
Journal of Adolescent Health,SSCI/SCIE/SCI
JOURNAL OF ADOLESCENT RESEARCH,CAS 3区
Journal of Adult and Continuing Education,CAS 4区
JOURNAL OF ADULT DEVELOPMENT,CAS 3区
Journal of Adult Protection,CAS 4区
Journal of Advanced Academics,CAS 4区
JOURNAL OF ADVANCED APPLIED SCIENTIFIC RESEARCH,CAS 4区
Journal of Advanced Ceramics,CAS 1区 Top
Journal of Advanced Computational Intelligence and Intelligent Informatics,CAS 4区
Journal of Advanced Concrete Technology,CAS 4区
Journal of Advanced Dielectrics,CAS 3区
Journal of Advanced Joining Processes,CAS 3区
Journal of Advanced Manufacturing Systems,CAS 4区
Journal of Advanced Mechanical Design Systems and Manufacturing,CAS 4区
JOURNAL OF ADVANCED NURSING,SSCI/SCIE/SCI
Journal of Advanced Oral Research,CAS 4区
Journal of Advanced Prosthodontics,CAS 3区
Journal of Advanced Research,CAS 1区 Top
Journal of Advanced Simulation in Science and Engineering,CAS 4区
JOURNAL OF ADVANCED TRANSPORTATION,CAS 4区
Journal of Advanced Veterinary and Animal Research,CAS 4区
Journal of Advances in Information Technology,CAS 4区
Journal of Advances in Management Research,CAS 4区
Journal of Advances in Modeling Earth Systems,CAS 2区
Journal of Adventure Education and Outdoor Learning,CAS 4区
JOURNAL OF ADVERTISING,CAS 3区
JOURNAL OF ADVERTISING RESEARCH,CAS 4区
Journal of Aeronautics Astronautics and Aviation,CAS 4区
Journal of Aerosol Medicine and Pulmonary Drug Delivery,CAS 4区
JOURNAL OF AEROSOL SCIENCE,CAS 2区
JOURNAL OF AEROSPACE ENGINEERING,CAS 4区
Journal of Aerospace Information Systems,CAS 4区
Journal of Aerospace Technology and Management,CAS 4区
JOURNAL OF AESTHETIC EDUCATION,CAS 3区
JOURNAL OF AESTHETICS AND ART CRITICISM,CAS 1区 Top
Journal of Aesthetics and Phenomenology,CAS 4区
Journal of Aesthetics & Culture,CAS 1区 Top
JOURNAL OF AFFECTIVE DISORDERS,SSCI/SCIE/SCI
Journal of African American Studies,CAS 4区
Journal of African Archaeology,CAS 2区
Journal of Africana Religions,CAS 3区
Journal of African Business,CAS 4区
Journal of African Cinemas,CAS 3区
Journal of African Cultural Studies,SSCI/SCI/AHCI
JOURNAL OF AFRICAN EARTH SCIENCES,CAS 3区
JOURNAL OF AFRICAN ECONOMIES,CAS 4区
JOURNAL OF AFRICAN HISTORY,SSCI/SCI/AHCI
Journal of African Languages and Linguistics,SSCI/SCI/AHCI
Journal of African Law,CAS 4区
Journal of African Media Studies,SSCI/SCI/AHCI
Journal of African Military History,CAS 4区
Journal of Aggression Conflict and Peace Research,CAS 4区
Journal of Aggression Maltreatment & Trauma,CAS 4区
Journal of Aging and Environment,CAS 4区
JOURNAL OF AGING AND HEALTH,CAS 3区
JOURNAL OF AGING AND PHYSICAL ACTIVITY,SSCI/SCIE/SCI
Journal of Aging Research,CAS 4区
Journal of Aging & Social Policy,CAS 3区
JOURNAL OF AGING STUDIES,CAS 3区
Journal of Agrarian Change,CAS 2区
Journal of Agribusiness in Developing and Emerging Economies,CAS 3区
Journal of Agricultural and Applied Economics,CAS 4区
JOURNAL OF AGRICULTURAL AND FOOD CHEMISTRY,CAS 1区 Top
JOURNAL OF AGRICULTURAL AND RESOURCE ECONOMICS,SSCI/SCIE/SCI
JOURNAL OF AGRICULTURAL BIOLOGICAL AND ENVIRONMENTAL STATISTICS,CAS 4区
JOURNAL OF AGRICULTURAL ECONOMICS,SSCI/SCIE/SCI
Journal of Agricultural Education & Extension,CAS 4区
Journal of Agricultural Engineering,CAS 4区
JOURNAL OF AGRICULTURAL & ENVIRONMENTAL ETHICS,SSCI/SCIE/SCI/AHCI
Journal of Agricultural Extension,CAS 4区
Journal of Agricultural & Food Information,CAS 4区
Journal of Agricultural Machinery,CAS 4区
JOURNAL OF AGRICULTURAL METEOROLOGY,CAS 4区
Journal of Agricultural Safety and Health,CAS 4区
JOURNAL OF AGRICULTURAL SCIENCE,CAS 4区
Journal of Agricultural Science and Technology,CAS 4区
Journal of Agricultural Sciences,CAS 4区
Journal of Agricultural Sciences-Tarim Bilimleri Dergisi,CAS 4区
Journal of Agriculture and Environment for International Development,CAS 4区
Journal of Agriculture and Food Research,CAS 2区 Top
Journal of Agriculture Food Systems and Community Development,CAS 4区
Journal of Agromedicine,CAS 4区
JOURNAL OF AGRONOMY AND CROP SCIENCE,CAS 2区
JOURNAL OF AIRCRAFT,CAS 3区
JOURNAL OF AIR TRANSPORT MANAGEMENT,CAS 2区
JOURNAL OF ALGEBRA,CAS 2区
JOURNAL OF ALGEBRA AND ITS APPLICATIONS,CAS 4区
JOURNAL OF ALGEBRAIC COMBINATORICS,CAS 3区
JOURNAL OF ALGEBRAIC GEOMETRY,CAS 2区
Journal of Algebraic Systems,Indexed
Journal of Algorithms & Computational Technology,CAS 4区
JOURNAL OF ALLERGY AND CLINICAL IMMUNOLOGY,CAS 1区 Top
Journal of Allergy and Clinical Immunology-In Practice,CAS 1区 Top
Journal of Alloys and Compounds,CAS 2区
Journal of Al-Tamaddun,CAS 3区
Journal of Alternative Investments,CAS 4区
JOURNAL OF ALZHEIMERS DISEASE,CAS 3区
Journal of Alzheimers Disease Reports,CAS 4区
Journal of Ambient Intelligence and Smart Environments,CAS 4区
JOURNAL OF AMBULATORY CARE MANAGEMENT,CAS 4区
JOURNAL OF AMERICAN COLLEGE HEALTH,CAS 4区
JOURNAL OF AMERICAN CULTURE,CAS 4区
Journal of American-East Asian Relations,CAS 4区
JOURNAL OF AMERICAN ETHNIC HISTORY,CAS 4区
JOURNAL OF AMERICAN FOLKLORE,CAS 3区
JOURNAL OF AMERICAN HISTORY,SSCI/SCI/AHCI
JOURNAL OF AMERICAN STUDIES,CAS 3区
Journal of Anaesthesiology Clinical Pharmacology,CAS 4区
Journal of Analysis,CAS 4区
Journal of Analysis and Testing,CAS 1区 Top
JOURNAL OF ANALYTICAL AND APPLIED PYROLYSIS,CAS 2区 Top
JOURNAL OF ANALYTICAL ATOMIC SPECTROMETRY,CAS 2区
JOURNAL OF ANALYTICAL CHEMISTRY,CAS 4区
Journal of Analytical Methods in Chemistry,CAS 3区
JOURNAL OF ANALYTICAL PSYCHOLOGY,CAS 4区
Journal of Analytical Science and Technology,CAS 3区
JOURNAL OF ANALYTICAL TOXICOLOGY,CAS 4区
JOURNAL OF ANATOMY,CAS 3区
Journal of Ancient History and Archaeology,CAS 4区
Journal of Ancient Judaism,CAS 3区
Journal of Ancient Near Eastern History,CAS 2区
Journal of Ancient Near Eastern Religions,CAS 3区
Journal of Anesthesia,CAS 3区
Journal of Anesthesia Analgesia and Critical Care,Indexed
Journal of Anglican Studies,CAS 3区
JOURNAL OF ANIMAL AND FEED SCIENCES,CAS 4区
Journal of Animal and Plant Sciences-JAPS,CAS 4区
Journal of Animal Behaviour and Biometeorology,CAS 4区
JOURNAL OF ANIMAL BREEDING AND GENETICS,CAS 3区
JOURNAL OF ANIMAL ECOLOGY,CAS 2区 Top
JOURNAL OF ANIMAL PHYSIOLOGY AND ANIMAL NUTRITION,CAS 3区
JOURNAL OF ANIMAL SCIENCE,CAS 2区
Journal of Animal Science and Biotechnology,CAS 1区 Top
JOURNAL OF ANIMAL SCIENCE AND TECHNOLOGY,CAS 3区
JOURNAL OF ANTHROPOLOGICAL ARCHAEOLOGY,SSCI/SCI/AHCI
JOURNAL OF ANTHROPOLOGICAL RESEARCH,CAS 3区
Journal of Anthropological Sciences,CAS 3区
JOURNAL OF ANTIBIOTICS,CAS 4区
JOURNAL OF ANTIMICROBIAL CHEMOTHERAPY,CAS 2区
Journal of Antitrust Enforcement,CAS 4区
JOURNAL OF ANXIETY DISORDERS,CAS 2区
JOURNAL OF AOAC INTERNATIONAL,CAS 4区
JOURNAL OF APICULTURAL RESEARCH,CAS 4区
JOURNAL OF APICULTURAL SCIENCE,CAS 4区
Journal of Applied Accounting Research,CAS 3区
Journal of Applied Analysis,CAS 4区
Journal of Applied Analysis and Computation,CAS 4区
Journal of Applied and Computational Mechanics,CAS 3区
Journal of Applied and Numerical Analysis,Indexed
JOURNAL OF APPLIED ANIMAL RESEARCH,CAS 4区
JOURNAL OF APPLIED ANIMAL WELFARE SCIENCE,CAS 3区
JOURNAL OF APPLIED AQUACULTURE,CAS 4区
JOURNAL OF APPLIED BEHAVIORAL SCIENCE,CAS 3区
JOURNAL OF APPLIED BEHAVIOR ANALYSIS,CAS 1区 Top
Journal of Applied Biomaterials & Functional Materials,CAS 4区
Journal of Applied Biomechanics,CAS 4区
Journal of Applied Biomedicine,CAS 4区
JOURNAL OF APPLIED BOTANY AND FOOD QUALITY,CAS 4区
Journal of Applied Clinical Medical Physics,CAS 4区
JOURNAL OF APPLIED COMMUNICATION RESEARCH,CAS 3区
Journal of Applied Corporate Finance,CAS 4区
JOURNAL OF APPLIED CRYSTALLOGRAPHY,CAS 3区
JOURNAL OF APPLIED DEVELOPMENTAL PSYCHOLOGY,CAS 3区
JOURNAL OF APPLIED ECOLOGY,CAS 1区 Top
JOURNAL OF APPLIED ECONOMETRICS,CAS 3区
Journal of Applied Economics,CAS 4区
Journal of Applied Economics and Business Research,CAS 4区
JOURNAL OF APPLIED ELECTROCHEMISTRY,CAS 4区
Journal of Applied Engineering Sciences,CAS 4区
JOURNAL OF APPLIED ENTOMOLOGY,CAS 3区
Journal of Applied Fluid Mechanics,CAS 4区
JOURNAL OF APPLIED GENETICS,CAS 4区
Journal of Applied Geodesy,CAS 4区
JOURNAL OF APPLIED GEOPHYSICS,CAS 3区
JOURNAL OF APPLIED GERONTOLOGY,CAS 3区
Journal of Applied Glycoscience,CAS 4区
Journal of Applied Hermeneutics,CAS 4区
JOURNAL OF APPLIED ICHTHYOLOGY,CAS 4区
Journal of Applied Journalism & Media Studies,CAS 4区
Journal of Applied Laboratory Medicine,CAS 4区
Journal of Applied Logics-IfCoLoG Journal of Logics and their Applications,CAS 4区
Journal of Applied Mathematics,CAS 4区
Journal of Applied Mathematics and Computational Mechanics,CAS 4区
Journal of Applied Mathematics and Computing,CAS 2区
Journal of Applied Mathematics & Informatics,CAS 4区
Journal of Applied Mathematics Statistics and Informatics,CAS 4区
Journal of Applied Mechanics and Technical Physics,CAS 4区
JOURNAL OF APPLIED MECHANICS-TRANSACTIONS OF THE ASME,CAS 3区
Journal of Applied Meteorology and Climatology,CAS 3区
JOURNAL OF APPLIED MICROBIOLOGY,CAS 3区
Journal of Applied Nonlinear Dynamics,CAS 4区
Journal of Applied Oral Science,CAS 3区
Journal of Applied Philosophy,SSCI/SCI/AHCI
JOURNAL OF APPLIED PHYCOLOGY,CAS 3区
JOURNAL OF APPLIED PHYSICS,CAS 3区
Journal of Applied Physiology,CAS 2区
JOURNAL OF APPLIED POLYMER SCIENCE,CAS 3区
JOURNAL OF APPLIED POULTRY RESEARCH,CAS 3区
JOURNAL OF APPLIED PROBABILITY,CAS 4区
JOURNAL OF APPLIED PSYCHOLOGY,CAS 1区 Top
Journal of Applied Remote Sensing,CAS 4区
Journal of Applied Research in Higher Education,CAS 4区
JOURNAL OF APPLIED RESEARCH IN INTELLECTUAL DISABILITIES,CAS 3区
Journal of Applied Research in Memory and Cognition,CAS 2区
Journal of Applied Research on Medicinal and Aromatic Plants,CAS 2区
Journal of Applied School Psychology,CAS 4区
Journal of Applied Science and Engineering,CAS 4区
Journal of Applied Security Research,CAS 4区
JOURNAL OF APPLIED SOCIAL PSYCHOLOGY,CAS 3区
Journal of Applied Spectroscopy,CAS 4区
Journal of Applied Sport and Exercise Psychology-Zeitschrift fur Sportpsychologie,Indexed
Journal of Applied Sport Management,CAS 4区
JOURNAL OF APPLIED SPORT PSYCHOLOGY,SSCI/SCIE/SCI
JOURNAL OF APPLIED STATISTICS,CAS 4区
JOURNAL OF APPLIED TOXICOLOGY,CAS 4区
Journal of Applied Water Engineering and Research,CAS 4区
JOURNAL OF APPROXIMATION THEORY,CAS 4区
JOURNAL OF AQUATIC ANIMAL HEALTH,CAS 4区
Journal of Aquatic Food Product Technology,CAS 4区
JOURNAL OF AQUATIC PLANT MANAGEMENT,CAS 4区
JOURNAL OF ARABIC LITERATURE,CAS 3区
Journal of Arab & Muslim Media Research,CAS 4区
JOURNAL OF ARACHNOLOGY,CAS 3区
JOURNAL OF ARCHAEOLOGICAL METHOD AND THEORY,SSCI/SCI/AHCI
JOURNAL OF ARCHAEOLOGICAL RESEARCH,SSCI/SCI/AHCI
JOURNAL OF ARCHAEOLOGICAL SCIENCE,SSCI/SCIE/SCI/AHCI
Journal of Archaeological Science-Reports,CAS 2区 Top
Journal of Architectural Conservation,CAS 4区
JOURNAL OF ARCHITECTURAL EDUCATION,CAS 4区
Journal of Architectural Engineering,CAS 4区
Journal of Architecture,CAS 2区
Journal of Architecture and Planning -King Saud University,CAS 4区
Journal of Architecture and Urbanism,CAS 4区
Journal of Argumentation in Context,CAS 3区
Journal of Arid Environments,CAS 3区
Journal of Arid Land,CAS 3区
Journal of Arrhythmia,CAS 4区
Journal of Art History-Sanat Tarihi Yilligi,CAS 4区
JOURNAL OF ARTHROPLASTY,CAS 2区 Top
Journal of Arthropod-Borne Diseases,CAS 4区
Journal of Artificial Intelligence and Soft Computing Research,CAS 2区
JOURNAL OF ARTIFICIAL INTELLIGENCE RESEARCH,CAS 3区
JOURNAL OF ARTIFICIAL ORGANS,CAS 4区
JOURNAL OF ARTS MANAGEMENT LAW AND SOCIETY,CAS 4区
Journal of Asia Business Studies,CAS 4区
JOURNAL OF ASIAN AND AFRICAN STUDIES,CAS 4区
Journal of Asian Architecture and Building Engineering,SCIE/SCI/AHCI
Journal of Asian Business and Economic Studies,CAS 3区
Journal of Asian Ceramic Societies,CAS 4区
JOURNAL OF ASIAN EARTH SCIENCES,CAS 3区
Journal of Asian Earth Sciences-X,CAS 4区
Journal of Asian Economics,CAS 2区
JOURNAL OF ASIAN HISTORY,CAS 4区
JOURNAL OF ASIAN NATURAL PRODUCTS RESEARCH,CAS 4区
Journal of Asian Pacific Communication,CAS 3区
Journal of Asian Public Policy,CAS 4区
Journal of Asian Security and International Affairs,CAS 3区
JOURNAL OF ASIAN STUDIES,SSCI/SCI/AHCI
Journal of Asia-Pacific Biodiversity,CAS 4区
JOURNAL OF ASIA-PACIFIC ENTOMOLOGY,CAS 4区
Journal of Asia-Pacific Pop Culture,CAS 4区
Journal of Asia TEFL,CAS 4区
Journal of Asset Management,CAS 4区
JOURNAL OF ASSISTED REPRODUCTION AND GENETICS,CAS 3区
JOURNAL OF ASTHMA,CAS 4区
Journal of Asthma and Allergy,CAS 3区
Journal of Astronomical History and Heritage,CAS 4区
Journal of Astronomical Instrumentation,CAS 4区
Journal of Astronomical Telescopes Instruments and Systems,CAS 4区
Journal of Astronomy and Earth Sciences Education,CAS 4区
Journal of Astronomy and Space Sciences,CAS 4区
JOURNAL OF ASTROPHYSICS AND ASTRONOMY,CAS 4区
Journal of Atherosclerosis and Thrombosis,CAS 3区
Journal of Athletic Training,CAS 3区
JOURNAL OF ATMOSPHERIC AND OCEANIC TECHNOLOGY,CAS 4区
JOURNAL OF ATMOSPHERIC AND SOLAR-TERRESTRIAL PHYSICS,CAS 4区
JOURNAL OF ATMOSPHERIC CHEMISTRY,CAS 3区
Journal of Attention Disorders,SSCI/SCIE/SCI
Journal of Audiology and Otology,CAS 4区
Journal of Australian Political Economy,CAS 4区
Journal of Australian Studies,SSCI/SCI/AHCI
Journal of Austrian Studies,CAS 4区
JOURNAL OF AUTISM AND DEVELOPMENTAL DISORDERS,CAS 3区
JOURNAL OF AUTOIMMUNITY,CAS 1区 Top
JOURNAL OF AUTOMATED REASONING,CAS 3区
JOURNAL OF AVIAN BIOLOGY,CAS 3区
JOURNAL OF AVIAN MEDICINE AND SURGERY,CAS 4区
Journal of Ayurveda and Integrative Medicine,CAS 4区
JOURNAL OF BACK AND MUSCULOSKELETAL REHABILITATION,CAS 4区
JOURNAL OF BACTERIOLOGY,CAS 3区
Journal of Balkan and Near Eastern Studies,CAS 3区
Journal of Baltic Science Education,CAS 4区
JOURNAL OF BALTIC STUDIES,CAS 4区
JOURNAL OF BAND RESEARCH,Indexed
Journal of Banking and Finance Law and Practice,CAS 4区
JOURNAL OF BANKING & FINANCE,CAS 2区
Journal of Banking Regulation,CAS 4区
Journal of Basic and Applied Zoology,CAS 4区
Journal of Basic and Clinical Health Sciences,CAS 4区
JOURNAL OF BASIC MICROBIOLOGY,CAS 4区
JOURNAL OF BECKETT STUDIES,CAS 3区
Journal of Behavioral Addictions,SSCI/SCIE/SCI
Journal of Behavioral and Cognitive Therapy,CAS 4区
Journal of Behavioral and Experimental Economics,CAS 3区
Journal of Behavioral and Experimental Finance,CAS 3区
JOURNAL OF BEHAVIORAL DECISION MAKING,CAS 3区
Journal of Behavioral Education,CAS 4区
Journal of Behavioral Finance,CAS 4区
JOURNAL OF BEHAVIORAL HEALTH SERVICES & RESEARCH,SSCI/SCIE/SCI
JOURNAL OF BEHAVIORAL MEDICINE,CAS 3区
Journal of Behavioral Science,CAS 4区
JOURNAL OF BEHAVIOR THERAPY AND EXPERIMENTAL PSYCHIATRY,CAS 4区
Journal of Behcet Uz Childrens Hospital,CAS 4区
Journal of Belgian History-Revue Belge d Histoire Contemporaine-Belgisch Tijdschrift voor Nieuwste Geschiedenis,CAS 4区
Journal of Beliefs & Values-Studies in Religion & Education,SSCI/SCI/AHCI
Journal of Benefit-Cost Analysis,CAS 3区
Journal of Berry Research,CAS 4区
JOURNAL OF BIBLICAL LITERATURE,CAS 1区 Top
Journal of Big Data,CAS 2区
JOURNAL OF BIOACTIVE AND COMPATIBLE POLYMERS,CAS 4区
JOURNAL OF BIOCHEMICAL AND MOLECULAR TOXICOLOGY,CAS 3区
Journal of Biochemistry,CAS 4区
JOURNAL OF BIOENERGETICS AND BIOMEMBRANES,CAS 3区
Journal of Bioethical Inquiry,SSCI/SCIE/SCI
JOURNAL OF BIOGEOGRAPHY,CAS 2区
Journal of Bioinformatics and Computational Biology,CAS 4区
JOURNAL OF BIOLOGICAL CHEMISTRY,CAS 2区
Journal of Biological Dynamics,CAS 3区
JOURNAL OF BIOLOGICAL EDUCATION,SSCI/SCIE/SCI
Journal of Biological Engineering,CAS 2区
JOURNAL OF BIOLOGICAL INORGANIC CHEMISTRY,CAS 3区
Journal of Biologically Active Products from Nature,CAS 4区
JOURNAL OF BIOLOGICAL PHYSICS,CAS 4区
Journal of Biological Research-Bollettino della Societa Italiana di Biologia Sperimentale,CAS 4区
Journal of Biological Research-Thessaloniki,CAS 4区
JOURNAL OF BIOLOGICAL RHYTHMS,CAS 3区
JOURNAL OF BIOLOGICAL SYSTEMS,CAS 4区
JOURNAL OF BIOMATERIALS APPLICATIONS,CAS 4区
JOURNAL OF BIOMATERIALS SCIENCE-POLYMER EDITION,CAS 4区
JOURNAL OF BIOMECHANICAL ENGINEERING-TRANSACTIONS OF THE ASME,CAS 4区
JOURNAL OF BIOMECHANICS,CAS 3区
JOURNAL OF BIOMEDICAL INFORMATICS,CAS 2区
JOURNAL OF BIOMEDICAL MATERIALS RESEARCH PART A,CAS 3区
JOURNAL OF BIOMEDICAL MATERIALS RESEARCH PART B-APPLIED BIOMATERIALS,CAS 4区
JOURNAL OF BIOMEDICAL OPTICS,CAS 3区
Journal of Biomedical Research,CAS 4区
JOURNAL OF BIOMEDICAL SCIENCE,CAS 1区 Top
Journal of Biomedical Semantics,CAS 4区
Journal of Biomimetics Biomaterials and Biomedical Engineering,CAS 4区
JOURNAL OF BIOMOLECULAR NMR,CAS 3区
JOURNAL OF BIOMOLECULAR STRUCTURE & DYNAMICS,CAS 4区
Journal of Bionic Engineering,CAS 3区
Journal of Biopharmaceutical Statistics,CAS 4区
Journal of Biophotonics,CAS 3区
Journal of Bioresources and Bioproducts,CAS 1区 Top
JOURNAL OF BIOSCIENCE AND BIOENGINEERING,CAS 4区
JOURNAL OF BIOSCIENCES,CAS 4区
JOURNAL OF BIOSOCIAL SCIENCE,CAS 3区
Journal of Biosystems Engineering,Indexed
JOURNAL OF BIOTECHNOLOGY,CAS 2区
JOURNAL OF BIO-X RESEARCH,Indexed
Journal of Bisexuality,CAS 3区
Journal of Black Psychology,CAS 2区
JOURNAL OF BLACK STUDIES,CAS 4区
Journal of Blood Medicine,CAS 4区
JOURNAL OF BODYWORK AND MOVEMENT THERAPIES,CAS 4区
Journal Of Bone And Joint Infection,CAS 4区
JOURNAL OF BONE AND JOINT SURGERY-AMERICAN VOLUME,CAS 1区 Top
JOURNAL OF BONE AND MINERAL METABOLISM,CAS 4区
JOURNAL OF BONE AND MINERAL RESEARCH,CAS 1区 Top
Journal of Bone Oncology,CAS 3区
Journal of Borderlands Studies,CAS 3区
Journal of Brachial Plexus and Peripheral Nerve Injury,CAS 4区
Journal of Brand Management,CAS 3区
Journal of Breast Cancer,CAS 4区
Journal of Breast Imaging,CAS 4区
Journal of Breath Research,CAS 4区
Journal of Bridge Engineering,CAS 3区
Journal of British and Irish Innovative Poetry,CAS 4区
Journal of British Cinema and Television,CAS 2区
JOURNAL OF BRITISH STUDIES,SSCI/SCI/AHCI
JOURNAL OF BROADCASTING & ELECTRONIC MEDIA,CAS 2区
Journal of Bronchology & Interventional Pulmonology,CAS 2区
JOURNAL OF BRYOLOGY,CAS 4区
Journal of Building Engineering,CAS 2区 Top
Journal of Building Performance Simulation,CAS 4区
Journal of Building Physics,CAS 4区
Journal of Burn Care & Research,CAS 4区
Journal of Business Analytics,CAS 4区
JOURNAL OF BUSINESS AND PSYCHOLOGY,CAS 2区
JOURNAL OF BUSINESS AND TECHNICAL COMMUNICATION,CAS 2区
Journal of Business Economics and Management,CAS 4区
JOURNAL OF BUSINESS & ECONOMIC STATISTICS,SSCI/SCIE/SCI
JOURNAL OF BUSINESS ETHICS,CAS 1区 Top
Journal of Business Finance & Accounting,CAS 4区
Journal of Business & Finance Librarianship,CAS 4区
JOURNAL OF BUSINESS & INDUSTRIAL MARKETING,CAS 3区
Journal of Business Logistics,CAS 2区
Journal of Business Research,CAS 1区 Top
Journal of Business-to-Business Marketing,CAS 4区
JOURNAL OF BUSINESS VENTURING,CAS 1区 Top
Journal of Cachexia Sarcopenia and Muscle,CAS 1区 Top
JOURNAL OF CANADIAN STUDIES-REVUE D ETUDES CANADIENNES,CAS 4区
Journal of Cancer,CAS 3区
JOURNAL OF CANCER EDUCATION,CAS 4区
Journal of Cancer Metastasis and Treatment,CAS 4区
Journal of Cancer Policy,CAS 4区
Journal of Cancer Prevention,CAS 4区
JOURNAL OF CANCER RESEARCH AND CLINICAL ONCOLOGY,CAS 4区
Journal of Cancer Research and Therapeutics,CAS 4区
Journal of Cancer Survivorship,SSCI/SCIE/SCI
Journal of Candido Tostes Dairy Institute,CAS 4区
Journal of Cannabis Research,CAS 3区
JOURNAL OF CARBOHYDRATE CHEMISTRY,CAS 4区
JOURNAL OF CARDIAC FAILURE,CAS 2区
JOURNAL OF CARDIAC SURGERY,CAS 4区
Journal of Cardiology,CAS 3区
Journal of Cardiopulmonary Rehabilitation and Prevention,CAS 3区
JOURNAL OF CARDIOTHORACIC AND VASCULAR ANESTHESIA,CAS 4区
Journal of Cardiothoracic Surgery,CAS 4区
Journal of Cardiovascular Aging,Indexed
Journal Of Cardiovascular and Thoracic Research,CAS 4区
Journal of Cardiovascular Computed Tomography,CAS 2区
Journal of Cardiovascular Development and Disease,CAS 3区
Journal of Cardiovascular Echography,CAS 4区
JOURNAL OF CARDIOVASCULAR ELECTROPHYSIOLOGY,CAS 3区
Journal of Cardiovascular Emergencies,CAS 4区
JOURNAL OF CARDIOVASCULAR MAGNETIC RESONANCE,CAS 2区
Journal of Cardiovascular Medicine,CAS 3区
Journal of Cardiovascular Nursing,SSCI/SCIE/SCI
JOURNAL OF CARDIOVASCULAR PHARMACOLOGY,CAS 4区
JOURNAL OF CARDIOVASCULAR PHARMACOLOGY AND THERAPEUTICS,CAS 4区
JOURNAL OF CARDIOVASCULAR SURGERY,CAS 4区
Journal of Cardiovascular Translational Research,CAS 4区
JOURNAL OF CAREER ASSESSMENT,CAS 2区
JOURNAL OF CAREER DEVELOPMENT,CAS 3区
Journal of Cases on Information Technology,CAS 4区
JOURNAL OF CATALYSIS,CAS 1区 Top
JOURNAL OF CATARACT AND REFRACTIVE SURGERY,CAS 3区
Journal of Causal Inference,SSCI/SCIE/SCI
JOURNAL OF CAVE AND KARST STUDIES,CAS 4区
JOURNAL OF CELL BIOLOGY,CAS 1区 Top
Journal of Cell Communication and Signaling,CAS 3区
JOURNAL OF CELL SCIENCE,CAS 3区
JOURNAL OF CELLULAR AND MOLECULAR MEDICINE,CAS 3区
Journal of Cellular Automata,CAS 4区
JOURNAL OF CELLULAR BIOCHEMISTRY,CAS 3区
JOURNAL OF CELLULAR PHYSIOLOGY,CAS 3区
JOURNAL OF CELLULAR PLASTICS,CAS 3区
Journal of Central Banking Theory and Practice,CAS 3区
Journal of Central European Agriculture,CAS 4区
Journal of Central Nervous System Disease,CAS 4区
Journal of Central South University,CAS 2区
JOURNAL OF CERAMIC PROCESSING RESEARCH,CAS 4区
Journal of Ceramic Science and Technology,CAS 4区
Journal of Cereal Science,CAS 2区
JOURNAL OF CEREBRAL BLOOD FLOW AND METABOLISM,CAS 2区
JOURNAL OF CHANGE MANAGEMENT,CAS 3区
JOURNAL OF CHEMICAL AND ENGINEERING DATA,CAS 3区
JOURNAL OF CHEMICAL CRYSTALLOGRAPHY,CAS 4区
JOURNAL OF CHEMICAL ECOLOGY,CAS 3区
JOURNAL OF CHEMICAL EDUCATION,CAS 3区
JOURNAL OF CHEMICAL ENGINEERING OF JAPAN,CAS 4区
Journal of Chemical Information and Modeling,CAS 2区 Top
Journal of Chemical Metrology,CAS 4区
JOURNAL OF CHEMICAL NEUROANATOMY,CAS 4区
JOURNAL OF CHEMICAL PHYSICS,CAS 2区
JOURNAL OF CHEMICAL RESEARCH,CAS 4区
JOURNAL OF CHEMICAL SCIENCES,CAS 4区
JOURNAL OF CHEMICAL TECHNOLOGY AND BIOTECHNOLOGY,CAS 4区
Journal of Chemical Theory and Computation,CAS 1区 Top
JOURNAL OF CHEMICAL THERMODYNAMICS,CAS 3区
Journal of Cheminformatics,CAS 2区
Journal of Chemistry,CAS 4区
Journal of Chemistry and Technologies,CAS 4区
JOURNAL OF CHEMOMETRICS,CAS 4区
JOURNAL OF CHEMOTHERAPY,CAS 4区
Journal of Chest Surgery,Indexed
Journal of Child & Adolescent Trauma,CAS 4区
Journal of Child and Adolescent Mental Health,CAS 4区
Journal of Child and Adolescent Psychiatric Nursing,CAS 4区
JOURNAL OF CHILD AND ADOLESCENT PSYCHOPHARMACOLOGY,CAS 4区
Journal of Child and Family Studies,CAS 3区
Journal of Child - Cocuk Dergisi,Indexed
Journal of Child Health Care,SSCI/SCIE/SCI
Journal of Childhood Studies,CAS 4区
JOURNAL OF CHILD LANGUAGE,CAS 2区
JOURNAL OF CHILD NEUROLOGY,CAS 3区
JOURNAL OF CHILD PSYCHOLOGY AND PSYCHIATRY,SSCI/SCIE/SCI
JOURNAL OF CHILD PSYCHOTHERAPY,CAS 4区
Journal of Children and Media,CAS 4区
Journal of Childrens Orthopaedics,CAS 4区
Journal of Childrens Services,CAS 4区
Journal of Child Science,CAS 4区
Journal of Child Sexual Abuse,CAS 4区
Journal of China Tourism Research,CAS 4区
Journal of Chinese Cinemas,CAS 3区
Journal of Chinese Economic and Business Studies,CAS 4区
Journal of Chinese Economic and Foreign Trade Studies,CAS 4区
Journal of Chinese Governance,CAS 3区
Journal of Chinese History,CAS 3区
Journal of Chinese Human Resources Management,CAS 4区
JOURNAL OF CHINESE LINGUISTICS,SSCI/SCI/AHCI
Journal of Chinese Literature and Culture,CAS 3区
Journal of Chinese Military History,CAS 4区
Journal of Chinese Overseas,CAS 4区
JOURNAL OF CHINESE PHILOSOPHY,CAS 4区
Journal of Chinese Political Science,CAS 1区 Top
Journal of Chinese Religions,CAS 2区
Journal of Chinese Sociology,CAS 4区
Journal of Chiropractic Education,CAS 4区
Journal of Chiropractic Medicine,CAS 4区
Journal of Choice Modelling,CAS 3区
Journal of Christian Nursing,CAS 4区
JOURNAL OF CHROMATOGRAPHIC SCIENCE,CAS 4区
JOURNAL OF CHROMATOGRAPHY A,CAS 2区 Top
JOURNAL OF CHROMATOGRAPHY B-ANALYTICAL TECHNOLOGIES IN THE BIOMEDICAL AND LIFE SCIENCES,CAS 3区
Journal of Chromatography Open,Indexed
JOURNAL OF CHURCH AND STATE,CAS 4区
JOURNAL OF CIRCUITS SYSTEMS AND COMPUTERS,CAS 4区
Journal of Civil Engineering and Management,CAS 3区
Journal of Civil Engineering Education,CAS 4区
Journal of Civil Society,CAS 4区
Journal of Civil Structural Health Monitoring,CAS 3区
Journal of Classical Sociology,CAS 3区
Journal of Classics Teaching,CAS 4区
JOURNAL OF CLASSIFICATION,SSCI/SCIE/SCI
Journal of Cleaner Production,CAS 1区 Top
JOURNAL OF CLIMATE,CAS 2区 Top
Journal of Climate Change,CAS 4区
Journal of Climate Change and Health,Indexed
Journal of Clinical and Diagnostic Research,CAS 4区
Journal of Clinical and Experimental Hematopathology,CAS 4区
Journal of Clinical and Experimental Hepatology,CAS 4区
JOURNAL OF CLINICAL AND EXPERIMENTAL NEUROPSYCHOLOGY,SSCI/SCIE/SCI
Journal of Clinical and Translational Endocrinology,CAS 3区
Journal of Clinical and Translational Hepatology,CAS 3区
Journal of Clinical and Translational Science,CAS 4区
Journal of Clinical Anesthesia,CAS 2区
JOURNAL OF CLINICAL APHERESIS,CAS 4区
JOURNAL OF CLINICAL BIOCHEMISTRY AND NUTRITION,CAS 4区
JOURNAL OF CLINICAL CHILD AND ADOLESCENT PSYCHOLOGY,CAS 1区 Top
JOURNAL OF CLINICAL DENSITOMETRY,CAS 4区
JOURNAL OF CLINICAL ENDOCRINOLOGY & METABOLISM,CAS 2区 Top
JOURNAL OF CLINICAL EPIDEMIOLOGY,CAS 2区 Top
JOURNAL OF CLINICAL GASTROENTEROLOGY,CAS 3区
Journal of Clinical Hypertension,CAS 3区
Journal of Clinical Imaging Science,CAS 4区
JOURNAL OF CLINICAL IMMUNOLOGY,CAS 2区
JOURNAL OF CLINICAL INVESTIGATION,CAS 1区 Top
JOURNAL OF CLINICAL LABORATORY ANALYSIS,CAS 4区
Journal of Clinical Lipidology,CAS 3区
Journal of Clinical Medicine,CAS 3区
Journal of Clinical Medicine Research-Canada,CAS 4区
JOURNAL OF CLINICAL MICROBIOLOGY,CAS 2区
JOURNAL OF CLINICAL MONITORING AND COMPUTING,CAS 3区
Journal of Clinical Neonatology,CAS 4区
Journal of Clinical Neurology,CAS 4区
JOURNAL OF CLINICAL NEUROPHYSIOLOGY,CAS 4区
JOURNAL OF CLINICAL NEUROSCIENCE,CAS 4区
JOURNAL OF CLINICAL NURSING,SSCI/SCIE/SCI
Journal of Clinical Obstetrics and Gynecology,CAS 4区
JOURNAL OF CLINICAL ONCOLOGY,CAS 1区 Top
JOURNAL OF CLINICAL PATHOLOGY,CAS 4区
Journal of Clinical Pediatric Dentistry,CAS 4区
JOURNAL OF CLINICAL PERIODONTOLOGY,CAS 1区 Top
JOURNAL OF CLINICAL PHARMACOLOGY,CAS 4区
JOURNAL OF CLINICAL PHARMACY AND THERAPEUTICS,CAS 4区
Journal of Clinical Practice and Research,CAS 4区
JOURNAL OF CLINICAL PSYCHIATRY,SSCI/SCIE/SCI
JOURNAL OF CLINICAL PSYCHOLOGY,CAS 3区
JOURNAL OF CLINICAL PSYCHOLOGY IN MEDICAL SETTINGS,CAS 4区
JOURNAL OF CLINICAL PSYCHOPHARMACOLOGY,CAS 3区
Journal of Clinical Research in Pediatric Endocrinology,CAS 4区
Journal of Clinical Sciences,CAS 4区
Journal of Clinical Sleep Medicine,CAS 3区
Journal of Clinical Sport Psychology,CAS 4区
Journal of Clinical Tuberculosis and Other Mycobacterial Diseases,CAS 4区
JOURNAL OF CLINICAL ULTRASOUND,CAS 4区
Journal of Clinical Urology,CAS 4区
JOURNAL OF CLINICAL VIROLOGY,CAS 3区
Journal of Clinical Virology Plus,CAS 4区
Journal of Cloud Computing-Advances Systems and Applications,CAS 3区
JOURNAL OF CLUSTER SCIENCE,CAS 4区
Journal of CO2 Utilization,CAS 2区
JOURNAL OF COASTAL CONSERVATION,CAS 4区
Journal of Coatings Technology and Research,CAS 4区
Journal of Cognition,Indexed
Journal of Cognition and Culture,CAS 4区
Journal of Cognition and Development,CAS 3区
Journal of Cognitive Education and Psychology,CAS 4区
Journal of Cognitive Engineering and Decision Making,CAS 3区
Journal of Cognitive Enhancement,CAS 4区
JOURNAL OF COGNITIVE NEUROSCIENCE,SSCI/SCIE/SCI
Journal of Cognitive Psychology,CAS 4区
Journal of Cognitive Psychotherapy,CAS 4区
Journal of Cognitive Science,CAS 4区
JOURNAL OF COLD REGIONS ENGINEERING,CAS 4区
Journal of Cold War Studies,SSCI/SCI/AHCI
Journal of College of Sharia and Islamic Studies,CAS 4区
JOURNAL OF COLLEGE STUDENT DEVELOPMENT,CAS 4区
JOURNAL OF COLLEGE STUDENT MENTAL HEALTH,Indexed
JOURNAL OF COLLEGE STUDENT PSYCHOTHERAPY,CAS 4区
Journal of College Student Retention-Research Theory & Practice,CAS 4区
JOURNAL OF COLLOID AND INTERFACE SCIENCE,CAS 1区 Top
Journal of Combinatorial Algebra,CAS 3区
JOURNAL OF COMBINATORIAL DESIGNS,CAS 4区
JOURNAL OF COMBINATORIAL OPTIMIZATION,CAS 4区
JOURNAL OF COMBINATORIAL THEORY SERIES A,CAS 3区
JOURNAL OF COMBINATORIAL THEORY SERIES B,CAS 1区 Top
Journal of Combinatorics,CAS 4区
Journal of Combustion,CAS 4区
Journal of Commodity Markets,CAS 3区
JOURNAL OF COMMONWEALTH LITERATURE,CAS 3区
JOURNAL OF COMMUNICATION,CAS 1区 Top
JOURNAL OF COMMUNICATION DISORDERS,SSCI/SCIE/SCI
Journal of Communication in Healthcare,Indexed
Journal of Communication Inquiry,CAS 3区
Journal of Communication Management,CAS 2区
JOURNAL OF COMMUNICATIONS AND NETWORKS,CAS 4区
Journal of Communications Software and Systems,CAS 4区
JOURNAL OF COMMUNICATIONS TECHNOLOGY AND ELECTRONICS,CAS 4区
JOURNAL OF COMMUNITY & APPLIED SOCIAL PSYCHOLOGY,CAS 3区
Journal of Community Genetics,CAS 4区
JOURNAL OF COMMUNITY HEALTH,CAS 3区
Journal of Community Health Nursing,SSCI/SCIE/SCI
Journal of Community Hospital Internal Medicine Perspectives,CAS 4区
Journal of Community Practice,CAS 3区
JOURNAL OF COMMUNITY PSYCHOLOGY,CAS 3区
Journal of Commutative Algebra,CAS 4区
JOURNAL OF COMPARATIVE ECONOMICS,CAS 2区
Journal of Comparative Effectiveness Research,CAS 4区
JOURNAL OF COMPARATIVE FAMILY STUDIES,CAS 4区
Journal of Comparative Germanic Linguistics,SSCI/SCI/AHCI
JOURNAL OF COMPARATIVE NEUROLOGY,CAS 3区
JOURNAL OF COMPARATIVE PATHOLOGY,CAS 4区
JOURNAL OF COMPARATIVE PHYSIOLOGY A-NEUROETHOLOGY SENSORY NEURAL AND BEHAVIORAL PHYSIOLOGY,CAS 4区
Journal of Comparative Physiology B-Biochemical Systems and Environmental Physiology,CAS 3区
Journal of Comparative Policy Analysis,CAS 3区
Journal of Comparative Politics,CAS 3区
JOURNAL OF COMPARATIVE PSYCHOLOGY,SSCI/SCIE/SCI
Journal of Competition Law & Economics,CAS 3区
Journal of Competitiveness,CAS 2区
JOURNAL OF COMPLEXITY,CAS 2区
Journal of Complex Networks,CAS 4区
JOURNAL OF COMPOSITE MATERIALS,CAS 4区
JOURNAL OF COMPOSITES FOR CONSTRUCTION,CAS 3区
Journal of Composites Science,CAS 4区
JOURNAL OF COMPUTATIONAL AND APPLIED MATHEMATICS,CAS 2区
JOURNAL OF COMPUTATIONAL AND GRAPHICAL STATISTICS,CAS 3区
Journal of Computational and Nonlinear Dynamics,CAS 4区
Journal of Computational and Theoretical Transport,CAS 4区
Journal of Computational Applied Mechanics,CAS 4区
JOURNAL OF COMPUTATIONAL BIOLOGY,CAS 4区
Journal of Computational Biophysics and Chemistry,CAS 4区
JOURNAL OF COMPUTATIONAL CHEMISTRY,CAS 3区
Journal of Computational Design and Engineering,CAS 2区
Journal of Computational Dynamics,CAS 4区
Journal of Computational Electronics,CAS 4区
Journal of Computational Finance,CAS 4区
Journal of Computational Geometry,CAS 4区
JOURNAL OF COMPUTATIONAL MATHEMATICS,CAS 4区
Journal of Computational Methods in Sciences and Engineering,CAS 4区
JOURNAL OF COMPUTATIONAL NEUROSCIENCE,CAS 4区
JOURNAL OF COMPUTATIONAL PHYSICS,CAS 2区 Top
Journal of Computational Science,CAS 3区
Journal of Computational Social Science,CAS 3区
Journal of Computer Aided Chemistry,Indexed
JOURNAL OF COMPUTER-AIDED MOLECULAR DESIGN,CAS 3区
JOURNAL OF COMPUTER AND SYSTEM SCIENCES,CAS 3区
JOURNAL OF COMPUTER AND SYSTEMS SCIENCES INTERNATIONAL,CAS 4区
JOURNAL OF COMPUTER ASSISTED LEARNING,CAS 1区 Top
JOURNAL OF COMPUTER ASSISTED TOMOGRAPHY,CAS 4区
Journal of Computer Chemistry-Japan,CAS 4区
JOURNAL OF COMPUTER INFORMATION SYSTEMS,CAS 4区
Journal of Computer Languages,CAS 4区
Journal of Computer-Mediated Communication,CAS 1区 Top
Journal of Computer Networks and Communications,CAS 4区
JOURNAL OF COMPUTER SCIENCE AND TECHNOLOGY,CAS 4区
Journal of Computer Security,CAS 4区
Journal of Computers in Education,CAS 2区
Journal of Computer Virology and Hacking Techniques,CAS 4区
JOURNAL OF COMPUTING AND INFORMATION SCIENCE IN ENGINEERING,CAS 3区
JOURNAL OF COMPUTING IN CIVIL ENGINEERING,CAS 2区
Journal of Computing in Higher Education,CAS 3区
JOURNAL OF CONCHOLOGY,CAS 4区
Journal of Condensed Matter Nuclear Science,CAS 4区
Journal of Conflict Archaeology,CAS 3区
JOURNAL OF CONFLICT RESOLUTION,CAS 1区 Top
JOURNAL OF CONFLICT & SECURITY LAW,CAS 3区
Journal of Confucian Philosophy and Culture,Indexed
JOURNAL OF CONSCIOUSNESS STUDIES,SSCI/SCI/AHCI
Journal of Conservation and Museum Studies,CAS 2区
Journal of Constructional Steel Research,CAS 2区
JOURNAL OF CONSTRUCTION ENGINEERING AND MANAGEMENT,CAS 2区
Journal of Construction in Developing Countries,CAS 4区
JOURNAL OF CONSTRUCTIVIST PSYCHOLOGY,CAS 4区
JOURNAL OF CONSULTING AND CLINICAL PSYCHOLOGY,CAS 1区 Top
JOURNAL OF CONSUMER AFFAIRS,CAS 3区
Journal of Consumer Behaviour,CAS 3区
Journal of Consumer Culture,SSCI/SCI/AHCI
JOURNAL OF CONSUMER HEALTH ON THE INTERNET,CAS 4区
JOURNAL OF CONSUMER MARKETING,CAS 4区
JOURNAL OF CONSUMER POLICY,CAS 4区
Journal of Consumer Protection and Food Safety,CAS 4区
JOURNAL OF CONSUMER PSYCHOLOGY,CAS 3区
JOURNAL OF CONSUMER RESEARCH,CAS 2区 Top
Journal of Consumer Sciences,Indexed
JOURNAL OF CONTAMINANT HYDROLOGY,CAS 3区
Journal of Contemporary Accounting & Economics,CAS 3区
Journal of Contemporary African Studies,CAS 4区
Journal of Contemporary Archaeology,CAS 3区
JOURNAL OF CONTEMPORARY ASIA,CAS 2区
Journal of Contemporary Brachytherapy,CAS 4区
Journal of Contemporary China,CAS 2区
Journal of Contemporary Chinese Art,CAS 3区
Journal of Contemporary Criminal Justice,CAS 4区
Journal of Contemporary Drama in English,CAS 3区
Journal of Contemporary East Asia Studies,CAS 2区
JOURNAL OF CONTEMPORARY ETHNOGRAPHY,CAS 3区
Journal of Contemporary European Research,CAS 3区
Journal of Contemporary European Studies,CAS 3区
JOURNAL OF CONTEMPORARY HISTORY,SSCI/SCI/AHCI
Journal of Contemporary Mathematical Analysis-Armenian Academy of Sciences,CAS 4区
Journal of Contemporary Medical Sciences,CAS 4区
Journal of Contemporary Painting,CAS 4区
Journal of Contemporary Physics-Armenian Academy of Sciences,CAS 4区
JOURNAL OF CONTEMPORARY PSYCHOTHERAPY,CAS 4区
Journal of Contemporary Religion,CAS 2区
Journal of Contemporary Water Research & Education,CAS 4区
Journal of Contextual Behavioral Science,CAS 2区
Journal of Contingencies and Crisis Management,CAS 3区
JOURNAL OF CONTINUING EDUCATION IN NURSING,SSCI/SCIE/SCI
JOURNAL OF CONTINUING EDUCATION IN THE HEALTH PROFESSIONS,CAS 4区
Journal of Continuing Higher Education,CAS 4区
Journal of Control and Decision,CAS 4区
Journal of Control Automation and Electrical Systems,CAS 4区
JOURNAL OF CONTROLLED RELEASE,CAS 1区 Top
Journal of Control Science and Engineering,CAS 4区
Journal of Convention & Event Tourism,CAS 4区
JOURNAL OF CONVEX ANALYSIS,CAS 4区
Journal of Co-operative Organization and Management,CAS 4区
JOURNAL OF COORDINATION CHEMISTRY,CAS 4区
Journal of Corporate Accounting and Finance,CAS 4区
JOURNAL OF CORPORATE FINANCE,CAS 1区 Top
Journal of Corporate Law Studies,CAS 3区
Journal of Corporate Real Estate,CAS 4区
Journal of Correctional Health Care,CAS 4区
Journal of Cosmetic and Laser Therapy,CAS 4区
Journal of Cosmetic Dermatology,CAS 4区
JOURNAL OF COSMETIC SCIENCE,CAS 4区
Journal of Cosmology and Astroparticle Physics,CAS 2区
Journal of Cotton Research,CAS 4区
Journal of Cotton Science,CAS 4区
JOURNAL OF COUNSELING AND DEVELOPMENT,CAS 3区
JOURNAL OF COUNSELING PSYCHOLOGY,CAS 1区 Top
Journal of Couple & Relationship Therapy-Innovations in Clinical and Educational Interventions,CAS 4区
JOURNAL OF CRANIOFACIAL SURGERY,CAS 4区
JOURNAL OF CRANIO-MAXILLOFACIAL SURGERY,CAS 2区
Journal of Craniovertebral Junction and Spine,CAS 4区
Journal of Creating Value,CAS 4区
JOURNAL OF CREATIVE BEHAVIOR,CAS 2区
Journal of Creative Communications,CAS 3区
Journal of Creativity in Mental Health,CAS 4区
Journal of Credit Risk,CAS 4区
JOURNAL OF CRIME & JUSTICE,CAS 3区
JOURNAL OF CRIMINAL JUSTICE,CAS 2区
JOURNAL OF CRIMINAL JUSTICE EDUCATION,CAS 4区
Journal of Criminal Law,CAS 4区
JOURNAL OF CRIMINAL LAW & CRIMINOLOGY,CAS 3区
Journal of Criminal Psychology,CAS 2区
Journal of Criminological Research Policy and Practice,CAS 4区
Journal of Criminology,CAS 3区
JOURNAL OF CRITICAL CARE,CAS 3区
Journal of Critical Care Medicine,CAS 4区
Journal of Critical & Intensive Care,CAS 4区
Journal of Critical Realism,CAS 2区
Journal of Crohns & Colitis,CAS 2区 Top
Journal of Crop Health,Indexed
Journal of Crop Improvement,CAS 4区
Journal of Crop Science and Biotechnology,Indexed
Journal of Cross-Cultural Gerontology,CAS 4区
JOURNAL OF CROSS-CULTURAL PSYCHOLOGY,CAS 2区
JOURNAL OF CRUSTACEAN BIOLOGY,CAS 4区
Journal of Cryptographic Engineering,CAS 4区
JOURNAL OF CRYPTOLOGY,CAS 3区
JOURNAL OF CRYSTAL GROWTH,CAS 4区
Journal of Culinary Science & Technology,CAS 4区
Journal of Cultural Cognitive Science,CAS 4区
Journal of Cultural Economics,CAS 3区
Journal of Cultural Economy,SSCI/SCI/AHCI
Journal of Cultural Geography,CAS 4区
JOURNAL OF CULTURAL HERITAGE,SCIE/SCI/AHCI
Journal of Cultural Heritage Management and Sustainable Development,CAS 4区
Journal of Curatorial Studies,CAS 4区
Journal of Current Issues and Research In Advertising,CAS 3区
Journal of Current Ophthalmology,CAS 4区
Journal of Current Southeast Asian Affairs,CAS 2区
JOURNAL OF CURRICULUM STUDIES,CAS 2区
Journal of Cutaneous Immunology and Allergy,CAS 4区
JOURNAL OF CUTANEOUS MEDICINE AND SURGERY,CAS 4区
JOURNAL OF CUTANEOUS PATHOLOGY,CAS 4区
Journal of Cybersecurity,CAS 3区
Journal of Cystic Fibrosis,CAS 2区
Journal of Cytology,CAS 4区
JOURNAL OF DAIRY RESEARCH,CAS 3区
JOURNAL OF DAIRY SCIENCE,CAS 1区 Top
Journal of Dance Medicine & Science,CAS 4区
Journal of Dance & Somatic Practices,CAS 4区
Journal of Data and Information Science,CAS 2区
JOURNAL OF DATABASE MANAGEMENT,CAS 4区
Journal of Deaf Studies and Deaf Education,CAS 4区
Journal of Decision Systems,CAS 4区
JOURNAL OF DEEP SPACE EXPLORATION,Indexed
Journal of Defense Modeling and Simulation-Applications Methodology Technology-JDMS,CAS 4区
JOURNAL OF DEMOCRACY,CAS 1区 Top
Journal of Demographic Economics,CAS 4区
Journal of Dental Anesthesia and Pain Medicine,Indexed
JOURNAL OF DENTAL EDUCATION,CAS 4区
JOURNAL OF DENTAL RESEARCH,CAS 1区 Top
Journal of Dental Sciences,CAS 3区
JOURNAL OF DENTISTRY,CAS 2区 Top
JOURNAL OF DENTISTRY FOR CHILDREN,CAS 4区
Journal of Dentistry Indonesia,CAS 4区
Journal of Derivatives,CAS 4区
JOURNAL OF DERMATOLOGICAL SCIENCE,CAS 3区
JOURNAL OF DERMATOLOGICAL TREATMENT,CAS 4区
JOURNAL OF DERMATOLOGY,CAS 4区
Journal of Dermatology & Dermatologic Surgery-JDDS,CAS 4区
Journal of Design History,CAS 2区
Journal of Destination Marketing & Management,CAS 1区 Top
Journal of Developing Societies,CAS 4区
JOURNAL OF DEVELOPMENTAL AND BEHAVIORAL PEDIATRICS,SSCI/SCIE/SCI
Journal of Developmental and Life-Course Criminology,CAS 3区
JOURNAL OF DEVELOPMENTAL AND PHYSICAL DISABILITIES,CAS 4区
Journal of Developmental Biology,CAS 4区
Journal of Developmental Entrepreneurship,CAS 4区
Journal of Developmental Origins of Health and Disease,CAS 4区
JOURNAL OF DEVELOPMENT ECONOMICS,CAS 1区 Top
Journal of Development Effectiveness,CAS 4区
JOURNAL OF DEVELOPMENT STUDIES,CAS 3区
JOURNAL OF DHARMA,CAS 4区
Journal of Diabetes,CAS 3区
JOURNAL OF DIABETES AND ITS COMPLICATIONS,CAS 3区
Journal of Diabetes and Metabolic Disorders,CAS 4区
Journal of Diabetes Investigation,CAS 3区
Journal of Diabetes Research,CAS 3区
Journal of Diabetes Science and Technology,CAS 3区
Journal of Diabetology,CAS 4区
JOURNAL OF DIAGNOSTIC MEDICAL SONOGRAPHY,CAS 4区
Journal of Dietary Supplements,CAS 4区
JOURNAL OF DIFFERENCE EQUATIONS AND APPLICATIONS,CAS 4区
Journal of Differential Equations,CAS 1区 Top
JOURNAL OF DIFFERENTIAL GEOMETRY,CAS 1区 Top
Journal of Digestive Diseases,CAS 4区
Journal of Digestive Endoscopy,CAS 4区
Journal of Digital Forensics Security and Law,CAS 4区
JOURNAL OF DIGITAL IMAGING,CAS 3区
Journal of Digital Media & Policy,CAS 3区
Journal of Disability Policy Studies,CAS 4区
Journal of Disaster Research,CAS 4区
JOURNAL OF DISCRETE MATHEMATICAL SCIENCES & CRYPTOGRAPHY,CAS 4区
JOURNAL OF DISPERSION SCIENCE AND TECHNOLOGY,CAS 4区
Journal of Distribution Science,Indexed
Journal of Diversity in Higher Education,CAS 3区
Journal of Doctoral Nursing Practice,CAS 4区
JOURNAL OF DOCUMENTATION,CAS 3区
JOURNAL OF DRUG DELIVERY SCIENCE AND TECHNOLOGY,CAS 3区
JOURNAL OF DRUG EDUCATION,CAS 4区
JOURNAL OF DRUG ISSUES,CAS 4区
Journal of Drugs in Dermatology,CAS 4区
JOURNAL OF DRUG TARGETING,CAS 4区
Journal of Dual Diagnosis,CAS 4区
JOURNAL OF DYNAMICAL AND CONTROL SYSTEMS,CAS 4区
Journal of Dynamical Systems and Geometric Theories,CAS 4区
Journal of Dynamic Behavior of Materials,CAS 4区
Journal of Dynamics and Differential Equations,CAS 4区
Journal of Dynamics and Games,CAS 4区
JOURNAL OF DYNAMIC SYSTEMS MEASUREMENT AND CONTROL-TRANSACTIONS OF THE ASME,CAS 4区
JOURNAL OF EARLY ADOLESCENCE,CAS 3区
Journal of Early American History,CAS 4区
Journal of Early Childhood Literacy,CAS 3区
Journal of Early Childhood Research,CAS 3区
Journal of Early Childhood Teacher Education,CAS 4区
Journal of Early Christian History,CAS 4区
JOURNAL OF EARLY CHRISTIAN STUDIES,CAS 2区
JOURNAL OF EARLY INTERVENTION,CAS 4区
Journal of Early Modern Christianity,CAS 4区
Journal of Early Modern History,SSCI/SCI/AHCI
Journal of Early Modern Studies,CAS 2区
Journal of Early Modern Studies-Romania,CAS 4区
Journal of Earthquake and Tsunami,CAS 4区
JOURNAL OF EARTHQUAKE ENGINEERING,CAS 3区
Journal of Earth Science,CAS 1区 Top
Journal of Earth System Science,CAS 4区
Journal of East Asia and International Law,CAS 4区
JOURNAL OF EAST ASIAN LINGUISTICS,SSCI/SCI/AHCI
Journal of East Asian Studies,CAS 3区
Journal of Eastern African Studies,CAS 3区
Journal of Eastern Mediterranean Archaeology and Heritage Studies,CAS 3区
Journal of East European Management Studies,CAS 4区
Journal of East-West Business,CAS 4区
Journal of Eating Disorders,SSCI/SCIE/SCI
JOURNAL OF ECCLESIASTICAL HISTORY,CAS 2区
Journal of Echocardiography,CAS 4区
Journal of Ecohydraulics,CAS 3区
Journal of Ecological Engineering,CAS 4区
JOURNAL OF ECOLOGY,CAS 1区 Top
Journal of Econometrics,SSCI/SCIE/SCI
Journal of Economic and Administrative Sciences,CAS 4区
JOURNAL OF ECONOMIC BEHAVIOR & ORGANIZATION,CAS 3区
JOURNAL OF ECONOMIC DYNAMICS & CONTROL,CAS 3区
JOURNAL OF ECONOMIC EDUCATION,CAS 4区
JOURNAL OF ECONOMIC ENTOMOLOGY,CAS 2区
JOURNAL OF ECONOMIC GEOGRAPHY,CAS 2区
JOURNAL OF ECONOMIC GROWTH,CAS 2区
JOURNAL OF ECONOMIC HISTORY,SSCI/SCI/AHCI
Journal of Economic Inequality,CAS 2区
Journal of Economic Integration,CAS 4区
Journal of Economic Interaction and Coordination,CAS 4区
JOURNAL OF ECONOMIC ISSUES,CAS 3区
JOURNAL OF ECONOMIC LITERATURE,CAS 1区 Top
Journal of Economic Methodology,CAS 3区
JOURNAL OF ECONOMIC PERSPECTIVES,CAS 1区 Top
Journal of Economic Policy Reform,CAS 2区
Journal of Economic Policy Researches-Iktisat Politikasi Arastirmalari Dergisi,Indexed
JOURNAL OF ECONOMIC PSYCHOLOGY,CAS 2区
Journal of Economics,CAS 4区
JOURNAL OF ECONOMICS AND BUSINESS,CAS 3区
Journal of Economics and Development,Indexed
JOURNAL OF ECONOMICS AND FINANCE,CAS 4区
Journal of Economics Finance and Administrative Science,CAS 3区
JOURNAL OF ECONOMICS & MANAGEMENT STRATEGY,CAS 4区
Journal of Economic Sociology-Ekonomicheskaya Sotsiologiya,CAS 4区
Journal of Economics Race and Policy,Indexed
JOURNAL OF ECONOMIC STUDIES,CAS 4区
JOURNAL OF ECONOMIC SURVEYS,CAS 2区
JOURNAL OF ECONOMIC THEORY,CAS 3区
Journal of Economy Culture and Society,CAS 4区
JOURNAL OF ECOTOURISM,CAS 4区
JOURNAL OF ECT,SSCI/SCIE/SCI
JOURNAL OF ECUMENICAL STUDIES,CAS 3区
Journal of Education,CAS 4区
JOURNAL OF EDUCATIONAL ADMINISTRATION,CAS 3区
Journal of Educational Administration and History,CAS 3区
JOURNAL OF EDUCATIONAL AND BEHAVIORAL STATISTICS,CAS 3区
JOURNAL OF EDUCATIONAL AND PSYCHOLOGICAL CONSULTATION,CAS 4区
Journal of Educational Change,CAS 2区
JOURNAL OF EDUCATIONAL COMPUTING RESEARCH,CAS 2区
Journal of Educational Cultural and Psychological Studies,CAS 4区
Journal of Educational Evaluation for Health Professions,CAS 4区
JOURNAL OF EDUCATIONAL MEASUREMENT,CAS 4区
JOURNAL OF EDUCATIONAL PSYCHOLOGY,CAS 1区 Top
JOURNAL OF EDUCATIONAL RESEARCH,CAS 4区
Journal of Educational Sciences & Psychology,CAS 4区
Journal of Education and Future-Egitim ve Gelecek Dergisi,CAS 4区
Journal of Education and Health Promotion,CAS 4区
Journal of Education and Work,CAS 4区
Journal of Education Culture and Society,CAS 4区
Journal of Education Finance,CAS 4区
Journal of Education for Business,CAS 4区
Journal of Education for Students Placed at Risk,CAS 4区
JOURNAL OF EDUCATION FOR TEACHING,CAS 3区
JOURNAL OF EDUCATION POLICY,CAS 1区 Top
Journal of Education-US,CAS 4区
JOURNAL OF EGYPTIAN ARCHAEOLOGY,CAS 2区
Journal of Egyptian History,CAS 3区
Journal of Egyptian Womens Dermatological Society,CAS 4区
JOURNAL OF ELASTICITY,CAS 3区
JOURNAL OF ELASTOMERS AND PLASTICS,CAS 4区
JOURNAL OF ELDER ABUSE & NEGLECT,CAS 3区
Journal of E-Learning and Knowledge Society,CAS 4区
Journal of Elections Public Opinion and Parties,CAS 3区
Journal of Electrical and Computer Engineering,CAS 4区
Journal of Electrical Engineering-Elektrotechnicky Casopis,CAS 4区
Journal of Electrical Engineering & Technology,CAS 4区
Journal of Electroanalytical Chemistry,CAS 3区
Journal of Electrocardiology,CAS 4区
JOURNAL OF ELECTROCERAMICS,CAS 4区
Journal of Electrochemical Energy Conversion and Storage,CAS 4区
Journal of Electrochemical Science and Engineering,CAS 4区
Journal of Electrochemical Science and Technology,CAS 4区
Journal of Electromagnetic Engineering and Science,CAS 3区
JOURNAL OF ELECTROMAGNETIC WAVES AND APPLICATIONS,CAS 4区
JOURNAL OF ELECTROMYOGRAPHY AND KINESIOLOGY,CAS 3区
Journal of Electronic Commerce in Organizations,CAS 4区
Journal of Electronic Commerce Research,CAS 4区
JOURNAL OF ELECTRONIC IMAGING,CAS 4区
JOURNAL OF ELECTRONIC MATERIALS,CAS 4区
JOURNAL OF ELECTRONIC PACKAGING,CAS 4区
Journal of Electronics & Information Technology,CAS 3区
JOURNAL OF ELECTRONIC TESTING-THEORY AND APPLICATIONS,CAS 4区
JOURNAL OF ELECTRON SPECTROSCOPY AND RELATED PHENOMENA,CAS 3区
JOURNAL OF ELECTROSTATICS,CAS 3区
Journal of Elementology,CAS 4区
Journal of Elliptic and Parabolic Equations,CAS 4区
Journal of EMDR Practice and Research,CAS 4区
Journal of Emergencies Trauma and Shock,CAS 4区
JOURNAL OF EMERGENCY MEDICINE,CAS 4区
Journal of Emergency Medicine Case Reports,CAS 4区
Journal of Emergency Nursing,SSCI/SCIE/SCI
Journal of Emerging Market Finance,CAS 3区
Journal of Emerging Technologies in Accounting,CAS 4区
JOURNAL OF EMOTIONAL AND BEHAVIORAL DISORDERS,CAS 4区
Journal of Empirical Finance,CAS 3区
Journal of Empirical Legal Studies,CAS 3区
Journal of Empirical Research on Human Research Ethics,SSCI/SCIE/SCI
Journal of Empirical Theology,CAS 3区
JOURNAL OF EMPLOYMENT COUNSELING,CAS 4区
Journal of Enabling Technologies,CAS 4区
JOURNAL OF ENDOCRINOLOGICAL INVESTIGATION,CAS 2区
JOURNAL OF ENDOCRINOLOGY,CAS 3区
Journal of Endocrinology and Metabolism,CAS 4区
Journal of Endocrinology Metabolism and Diabetes of South Africa,CAS 4区
JOURNAL OF ENDODONTICS,CAS 2区
Journal of Endometriosis and Pelvic Pain Disorders,CAS 4区
JOURNAL OF ENDOUROLOGY,CAS 2区
Journal of EndoVascular Resuscitation and Trauma Management,CAS 4区
JOURNAL OF ENDOVASCULAR THERAPY,CAS 3区
Journal of Energetic Materials,CAS 4区
Journal of Energy Chemistry,CAS 1区 Top
JOURNAL OF ENERGY ENGINEERING,CAS 4区
Journal of Energy in Southern Africa,CAS 4区
Journal of Energy Markets,CAS 4区
Journal of Energy & Natural Resources Law,CAS 4区
JOURNAL OF ENERGY RESOURCES TECHNOLOGY PART A-SUSTAINABLE AND RENEWABLE ENERGY and JOURNAL OF ENERGY RESOURCES TECHNOLOGY PART B-SUBSURFACE ENERGY AND CARBON CAPTURE,Indexed
JOURNAL OF ENERGY RESOURCES TECHNOLOGY-TRANSACTIONS OF THE ASME,CAS 3区
Journal of Energy Storage,CAS 2区
Journal of Engineered Fibers and Fabrics,CAS 4区
Journal of Engineering,CAS 4区
Journal of Engineering and Technological Sciences,CAS 4区
JOURNAL OF ENGINEERING AND TECHNOLOGY MANAGEMENT,SSCI/SCIE/SCI
JOURNAL OF ENGINEERING DESIGN,CAS 2区
Journal of Engineering Design and Technology,CAS 4区
JOURNAL OF ENGINEERING EDUCATION,SSCI/SCIE/SCI
JOURNAL OF ENGINEERING FOR GAS TURBINES AND POWER-TRANSACTIONS OF THE ASME,CAS 4区
Journal of Engineering-JOE,CAS 4区
JOURNAL OF ENGINEERING MATERIALS AND TECHNOLOGY-TRANSACTIONS OF THE ASME,CAS 4区
JOURNAL OF ENGINEERING MATHEMATICS,CAS 4区
JOURNAL OF ENGINEERING MECHANICS,CAS 3区
JOURNAL OF ENGINEERING PHYSICS AND THERMOPHYSICS,CAS 4区
Journal of Engineering Research,CAS 4区
Journal of Engineering Science and Technology,CAS 4区
Journal of Engineering Sciences-Ukraine,Indexed
JOURNAL OF ENGINEERING TECHNOLOGY,CAS 4区
Journal of Engineering Thermophysics,CAS 4区
JOURNAL OF ENGLISH AND GERMANIC PHILOLOGY,CAS 2区
Journal of English as a Lingua Franca,CAS 2区
Journal of English for Academic Purposes,SSCI/SCI/AHCI
JOURNAL OF ENGLISH LINGUISTICS,SSCI/SCI/AHCI
JOURNAL OF ENHANCED HEAT TRANSFER,CAS 4区
Journal of Enterprise Information Management,CAS 3区
Journal of Enterprising Communities-People and Places in the Global Economy,CAS 4区
JOURNAL OF ENTERPRISING CULTURE,CAS 4区
JOURNAL OF ENTOMOLOGICAL SCIENCE,CAS 4区
Journal of Entrepreneurship,CAS 4区
Journal of Entrepreneurship and Public Policy,CAS 4区
Journal of Entrepreneurship in Emerging Economies,CAS 4区
Journal of Entrepreneurship Management and Innovation,CAS 4区
Journal of Environmental Accounting and Management,CAS 4区
JOURNAL OF ENVIRONMENTAL AND ENGINEERING GEOPHYSICS,CAS 4区
JOURNAL OF ENVIRONMENTAL BIOLOGY,CAS 4区
Journal of Environmental Chemical Engineering,CAS 2区
JOURNAL OF ENVIRONMENTAL ECONOMICS AND MANAGEMENT,CAS 2区
Journal of Environmental Economics and Policy,CAS 4区
JOURNAL OF ENVIRONMENTAL EDUCATION,CAS 4区
JOURNAL OF ENVIRONMENTAL ENGINEERING,CAS 4区
Journal of Environmental Engineering and Landscape Management,CAS 4区
Journal of Environmental Engineering and Science,CAS 4区
JOURNAL OF ENVIRONMENTAL HEALTH,CAS 4区
Journal of Environmental Health Science and Engineering,CAS 4区
Journal of Environmental Informatics,CAS 2区
JOURNAL OF ENVIRONMENTAL LAW,CAS 3区
Journal of Environmental Management,CAS 2区 Top
JOURNAL OF ENVIRONMENTAL PATHOLOGY TOXICOLOGY AND ONCOLOGY,CAS 4区
Journal of Environmental Planning and Management,CAS 4区
Journal of Environmental Policy & Planning,CAS 3区
JOURNAL OF ENVIRONMENTAL PSYCHOLOGY,CAS 1区 Top
JOURNAL OF ENVIRONMENTAL QUALITY,CAS 4区
JOURNAL OF ENVIRONMENTAL RADIOACTIVITY,CAS 3区
JOURNAL OF ENVIRONMENTAL SCIENCE AND HEALTH PART A-TOXIC/HAZARDOUS SUBSTANCES & ENVIRONMENTAL ENGINEERING,CAS 4区
JOURNAL OF ENVIRONMENTAL SCIENCE AND HEALTH PART B-PESTICIDES FOOD CONTAMINANTS AND AGRICULTURAL WASTES,CAS 4区
Journal of Environmental Science and Health Part C-Toxicology and Carcinogenesis,CAS 4区
Journal of Environmental Science and Management,CAS 4区
Journal of Environmental Sciences,CAS 2区
Journal of Environmental Studies and Sciences,CAS 4区
Journal of Environment & Development,CAS 3区
JOURNAL OF ENZYME INHIBITION AND MEDICINAL CHEMISTRY,CAS 2区
JOURNAL OF EPIDEMIOLOGY,CAS 2区
JOURNAL OF EPIDEMIOLOGY AND COMMUNITY HEALTH,SSCI/SCIE/SCI
Journal of Epidemiology and Global Health,SSCI/SCIE/SCI
Journal of Epidemiology and Population Health,Indexed
JOURNAL OF EQUINE VETERINARY SCIENCE,CAS 3区
Journal of Essential Oil Bearing Plants,CAS 4区
JOURNAL OF ESSENTIAL OIL RESEARCH,CAS 3区
Journal of Esthetic and Restorative Dentistry,CAS 3区
Journal of Eta Maritime Science,CAS 4区
Journal of Ethics,CAS 2区
JOURNAL OF ETHNIC AND MIGRATION STUDIES,CAS 2区 Top
Journal of Ethnic & Cultural Diversity in Social Work,CAS 4区
Journal of Ethnicity in Criminal Justice,CAS 4区
JOURNAL OF ETHNICITY IN SUBSTANCE ABUSE,SSCI/SCIE/SCI
JOURNAL OF ETHNOBIOLOGY,SSCI/SCIE/SCI
Journal of Ethnobiology and Ethnomedicine,CAS 2区
JOURNAL OF ETHNOPHARMACOLOGY,CAS 2区
JOURNAL OF ETHOLOGY,CAS 4区
JOURNAL OF EUKARYOTIC MICROBIOLOGY,CAS 3区
Journal of European Competition Law & Practice,CAS 4区
Journal of European Integration,CAS 1区 Top
JOURNAL OF EUROPEAN PUBLIC POLICY,CAS 1区 Top
Journal of European Real Estate Research,CAS 4区
JOURNAL OF EUROPEAN SOCIAL POLICY,CAS 1区 Top
JOURNAL OF EUROPEAN STUDIES,CAS 4区
JOURNAL OF EVALUATION IN CLINICAL PRACTICE,CAS 4区
Journal of Evidence-Based Dental Practice,CAS 3区
Journal of Evidence-Based Integrative Medicine,CAS 4区
Journal of Evidence Based Medicine,CAS 2区
Journal of Evidence-Based Psychotherapies,CAS 4区
Journal of Evidence-Based Social Work,CAS 4区
JOURNAL OF EVOLUTIONARY BIOCHEMISTRY AND PHYSIOLOGY,CAS 4区
JOURNAL OF EVOLUTIONARY BIOLOGY,CAS 3区
JOURNAL OF EVOLUTIONARY ECONOMICS,CAS 4区
JOURNAL OF EVOLUTION EQUATIONS,CAS 3区
Journal of Exercise Rehabilitation,CAS 4区
Journal of Exercise Science & Fitness,CAS 3区
Journal of Exotic Pet Medicine,CAS 4区
Journal of Experiential Education,CAS 4区
JOURNAL OF EXPERIMENTAL AND THEORETICAL PHYSICS,CAS 4区
JOURNAL OF EXPERIMENTAL BIOLOGY,CAS 2区
JOURNAL OF EXPERIMENTAL BOTANY,CAS 2区 Top
JOURNAL OF EXPERIMENTAL CHILD PSYCHOLOGY,CAS 3区
JOURNAL OF EXPERIMENTAL & CLINICAL CANCER RESEARCH,CAS 1区 Top
Journal of Experimental Criminology,CAS 2区
JOURNAL OF EXPERIMENTAL EDUCATION,CAS 3区
JOURNAL OF EXPERIMENTAL MARINE BIOLOGY AND ECOLOGY,CAS 3区
JOURNAL OF EXPERIMENTAL MEDICINE,CAS 1区 Top
Journal of Experimental Nanoscience,CAS 4区
Journal of Experimental Orthopaedics,CAS 3区
Journal of Experimental Political Science,CAS 2区
JOURNAL OF EXPERIMENTAL PSYCHOLOGY-ANIMAL LEARNING AND COGNITION,SSCI/SCIE/SCI
JOURNAL OF EXPERIMENTAL PSYCHOLOGY-APPLIED,CAS 3区
JOURNAL OF EXPERIMENTAL PSYCHOLOGY-GENERAL,CAS 1区 Top
JOURNAL OF EXPERIMENTAL PSYCHOLOGY-HUMAN PERCEPTION AND PERFORMANCE,SSCI/SCIE/SCI
JOURNAL OF EXPERIMENTAL PSYCHOLOGY-LEARNING MEMORY AND COGNITION,SSCI/SCIE/SCI
Journal of Experimental Psychopathology,CAS 4区
JOURNAL OF EXPERIMENTAL SOCIAL PSYCHOLOGY,CAS 2区
JOURNAL OF EXPERIMENTAL & THEORETICAL ARTIFICIAL INTELLIGENCE,CAS 4区
Journal of Experimental Zoology Part A-Ecological and Integrative Physiology,CAS 3区
JOURNAL OF EXPERIMENTAL ZOOLOGY PART B-MOLECULAR AND DEVELOPMENTAL EVOLUTION,CAS 4区
Journal of Exposure Science and Environmental Epidemiology,CAS 3区
JOURNAL OF EXTENSION,CAS 4区
Journal of Extracellular Vesicles,CAS 1区 Top
Journal of Eye Movement Research,CAS 4区
Journal of Facilities Management,CAS 4区
Journal of Failure Analysis and Prevention,CAS 4区
Journal of Family and Community Medicine,CAS 4区
Journal of Family and Economic Issues,CAS 3区
Journal of Family Business Management,CAS 3区
Journal of Family Business Strategy,CAS 1区 Top
JOURNAL OF FAMILY COMMUNICATION,CAS 2区
JOURNAL OF FAMILY HISTORY,CAS 4区
JOURNAL OF FAMILY ISSUES,CAS 4区
Journal of Family Medicine and Primary Care,CAS 4区
Journal of Family Nursing,SSCI/SCIE/SCI
JOURNAL OF FAMILY PSYCHOLOGY,CAS 2区
Journal of Family Social Work,CAS 4区
Journal of Family Studies,CAS 4区
Journal of Family Theory & Review,CAS 2区
JOURNAL OF FAMILY THERAPY,CAS 4区
Journal of Family Trauma Child Custody & Child Development,CAS 4区
JOURNAL OF FAMILY VIOLENCE,CAS 3区
Journal of Fashion Marketing and Management,CAS 4区
JOURNAL OF FELINE MEDICINE AND SURGERY,CAS 2区
Journal of Feline Medicine and Surgery Open Reports,CAS 4区
JOURNAL OF FEMINIST FAMILY THERAPY,CAS 4区
Journal of Feminist Scholarship,CAS 4区
JOURNAL OF FEMINIST STUDIES IN RELIGION,CAS 4区
Journal of Fetal Medicine,CAS 4区
Journal of Fiber Science and Technology,CAS 4区
JOURNAL OF FIELD ARCHAEOLOGY,CAS 1区 Top
JOURNAL OF FIELD ORNITHOLOGY,CAS 4区
Journal of Field Robotics,CAS 2区
JOURNAL OF FILM AND VIDEO,CAS 3区
JOURNAL OF FINANCE,CAS 1区 Top
Journal of Finance and Data Science,Indexed
JOURNAL OF FINANCIAL AND QUANTITATIVE ANALYSIS,CAS 2区
Journal of Financial Counseling and Planning,CAS 2区
Journal of Financial Econometrics,CAS 3区
Journal of Financial Economic Policy,CAS 4区
JOURNAL OF FINANCIAL ECONOMICS,CAS 1区 Top
JOURNAL OF FINANCIAL INTERMEDIATION,CAS 2区
Journal of Financial Management of Property and Construction,CAS 4区
Journal of Financial Market Infrastructures,CAS 4区
JOURNAL OF FINANCIAL MARKETS,CAS 3区
Journal of Financial Regulation,CAS 3区
Journal of Financial Regulation and Compliance,CAS 3区
Journal of Financial Reporting,CAS 4区
Journal of Financial Reporting and Accounting,CAS 3区
JOURNAL OF FINANCIAL RESEARCH,CAS 4区
Journal of Financial Services Marketing,CAS 4区
JOURNAL OF FINANCIAL SERVICES RESEARCH,CAS 4区
Journal of Financial Stability,CAS 2区 Top
JOURNAL OF FIRE SCIENCES,CAS 4区
Journal of Fish and Wildlife Management,CAS 4区
JOURNAL OF FISH BIOLOGY,CAS 3区
JOURNAL OF FISH DISEASES,CAS 3区
Journal of Fisheries,CAS 4区
Journal of Fixed Point Theory and Applications,CAS 3区
Journal of Flood Risk Management,CAS 3区
Journal of Flow Chemistry,CAS 4区
JOURNAL OF FLOW VISUALIZATION AND IMAGE PROCESSING,CAS 4区
JOURNAL OF FLUENCY DISORDERS,SSCI/SCIE/SCI
JOURNAL OF FLUID MECHANICS,CAS 2区
JOURNAL OF FLUIDS AND STRUCTURES,CAS 2区
Journal of Fluid Science and Technology,CAS 4区
JOURNAL OF FLUIDS ENGINEERING-TRANSACTIONS OF THE ASME,CAS 4区
JOURNAL OF FLUORESCENCE,CAS 3区
JOURNAL OF FLUORINE CHEMISTRY,CAS 4区
JOURNAL OF FOLKLORE RESEARCH,CAS 4区
JOURNAL OF FOOD AND DRUG ANALYSIS,CAS 3区
Journal of Food and Nutrition Research,CAS 4区
JOURNAL OF FOOD BIOCHEMISTRY,CAS 3区
JOURNAL OF FOOD COMPOSITION AND ANALYSIS,CAS 2区 Top
JOURNAL OF FOOD ENGINEERING,CAS 2区 Top
Journal of Food Measurement and Characterization,CAS 3区
JOURNAL OF FOOD PROCESS ENGINEERING,CAS 3区
JOURNAL OF FOOD PROCESSING AND PRESERVATION,CAS 4区
JOURNAL OF FOOD PRODUCTS MARKETING,CAS 4区
JOURNAL OF FOOD PROTECTION,CAS 3区
JOURNAL OF FOOD QUALITY,CAS 4区
JOURNAL OF FOOD SAFETY,CAS 4区
Journal of Food Safety and Food Quality-Archiv fur Lebensmittelhygiene,CAS 4区
JOURNAL OF FOOD SCIENCE,CAS 3区
JOURNAL OF FOOD SCIENCE AND TECHNOLOGY-MYSORE,CAS 4区
Journal of Food Science and Technology-Ukraine,CAS 4区
Journal of Foot and Ankle Research,CAS 3区
Journal of Foot & Ankle Surgery,CAS 4区
JOURNAL OF FORAMINIFERAL RESEARCH,CAS 4区
JOURNAL OF FORECASTING,CAS 3区
Journal of Forensic and Legal Medicine,CAS 4区
Journal of Forensic Nursing,SSCI/SCIE/SCI
Journal of Forensic Practice,CAS 4区
JOURNAL OF FORENSIC PSYCHIATRY & PSYCHOLOGY,CAS 4区
Journal of Forensic Psychology Research and Practice,CAS 4区
JOURNAL OF FORENSIC SCIENCES,CAS 4区
Journal of Forest Economics,SSCI/SCIE/SCI
Journal of Forest Research,CAS 4区
JOURNAL OF FORESTRY,CAS 4区
JOURNAL OF FORESTRY RESEARCH,CAS 1区 Top
Journal of Forest Science,CAS 4区
Journal of Formative Design in Learning,CAS 4区
JOURNAL OF FOURIER ANALYSIS AND APPLICATIONS,CAS 3区
Journal of Fractal Geometry,CAS 3区
Journal of Frailty & Aging,CAS 3区
Journal of French and Francophone Philosophy,CAS 4区
Journal of French Language Studies,SSCI/SCI/AHCI
JOURNAL OF FRESHWATER ECOLOGY,CAS 4区
Journal of Friction and Wear,CAS 4区
JOURNAL OF FUNCTIONAL ANALYSIS,CAS 1区 Top
Journal of Functional Biomaterials,CAS 3区
Journal of Functional Foods,CAS 2区
Journal of Functional Morphology and Kinesiology,CAS 3区
JOURNAL OF FUNCTIONAL PROGRAMMING,CAS 3区
Journal of Function Spaces,CAS 4区
Journal of Fungi,CAS 2区
JOURNAL OF FURTHER AND HIGHER EDUCATION,CAS 3区
JOURNAL OF FUSION ENERGY,CAS 4区
Journal of Future Foods,CAS 1区 Top
JOURNAL OF FUTURES MARKETS,CAS 4区
Journal of Futures Studies,CAS 4区
Journal of Gambling Issues,CAS 4区
JOURNAL OF GAMBLING STUDIES,CAS 3区
Journal of Gaming and Virtual Worlds,CAS 4区
Journal of Gastric Cancer,CAS 4区
JOURNAL OF GASTROENTEROLOGY,CAS 1区 Top
JOURNAL OF GASTROENTEROLOGY AND HEPATOLOGY,CAS 3区
Journal of Gastrointestinal and Liver Diseases,CAS 4区
Journal of Gastrointestinal Cancer,CAS 4区
Journal of Gastrointestinal Oncology,CAS 4区
JOURNAL OF GASTROINTESTINAL SURGERY,CAS 3区
Journal of Gay & Lesbian Mental Health,CAS 4区
JOURNAL OF GAY & LESBIAN SOCIAL SERVICES,CAS 4区
Journal of Gemmology,CAS 4区
Journal of Gender-Based Violence,CAS 3区
JOURNAL OF GENDER STUDIES,CAS 3区
JOURNAL OF GENE MEDICINE,CAS 4区
JOURNAL OF GENERAL AND APPLIED MICROBIOLOGY,CAS 4区
Journal of General and Family Medicine,CAS 4区
JOURNAL OF GENERAL INTERNAL MEDICINE,CAS 2区
JOURNAL OF GENERAL MANAGEMENT,CAS 4区
JOURNAL OF GENERAL PHYSIOLOGY,CAS 3区
JOURNAL OF GENERAL PLANT PATHOLOGY,CAS 4区
JOURNAL OF GENERAL PSYCHOLOGY,CAS 4区
JOURNAL OF GENERAL VIROLOGY,CAS 4区
Journal of Genetic Counseling,SSCI/SCIE/SCI
Journal of Genetic Engineering and Biotechnology,CAS 3区
JOURNAL OF GENETIC PSYCHOLOGY,SSCI/SCIE/SCI
JOURNAL OF GENETICS,CAS 4区
Journal of Genetics and Genomics,CAS 1区 Top
Journal of Genocide Research,CAS 2区
JOURNAL OF GEOCHEMICAL EXPLORATION,CAS 3区
JOURNAL OF GEODESY,CAS 2区
Journal of Geodetic Science,CAS 4区
JOURNAL OF GEODYNAMICS,CAS 3区
Journal of Geographical Sciences,CAS 2区
Journal of Geographical Systems,CAS 2区
JOURNAL OF GEOGRAPHY,CAS 2区
Journal of Geography-Chigaku Zasshi,CAS 4区
Journal of Geography-Cografya Dergisi,CAS 4区
JOURNAL OF GEOGRAPHY IN HIGHER EDUCATION,CAS 3区
JOURNAL OF GEOLOGY,CAS 4区
Journal of Geology Geography and Geoecology,CAS 4区
JOURNAL OF GEOMETRIC ANALYSIS,CAS 2区
Journal of Geometry,CAS 4区
JOURNAL OF GEOMETRY AND PHYSICS,CAS 3区
Journal of Geometry and Symmetry in Physics,CAS 4区
JOURNAL OF GEOPHYSICAL RESEARCH-ATMOSPHERES,CAS 2区
Journal of Geophysical Research-Biogeosciences,CAS 3区
JOURNAL OF GEOPHYSICAL RESEARCH-EARTH SURFACE,CAS 2区
JOURNAL OF GEOPHYSICAL RESEARCH-OCEANS,CAS 2区
JOURNAL OF GEOPHYSICAL RESEARCH-PLANETS,CAS 2区
JOURNAL OF GEOPHYSICAL RESEARCH-SOLID EARTH,CAS 2区 Top
JOURNAL OF GEOPHYSICAL RESEARCH-SPACE PHYSICS,CAS 2区
Journal of Geophysics and Engineering,CAS 3区
Journal of Geosciences,CAS 4区
JOURNAL OF GEOTECHNICAL AND GEOENVIRONMENTAL ENGINEERING,CAS 2区
Journal of Geovisualization and Spatial Analysis,CAS 1区 Top
Journal of Geriatric Cardiology,CAS 4区
Journal of Geriatric Oncology,CAS 3区
Journal of Geriatric Physical Therapy,CAS 4区
JOURNAL OF GERIATRIC PSYCHIATRY AND NEUROLOGY,CAS 4区
Journal of Germanic Linguistics,SSCI/SCI/AHCI
Journal of Gerontological Nursing,SSCI/SCIE/SCI
JOURNAL OF GERONTOLOGICAL SOCIAL WORK,CAS 4区
Journal of Gerontology and Geriatrics,CAS 4区
Journal of Ginseng Research,CAS 2区
JOURNAL OF GLACIOLOGY,CAS 3区
JOURNAL OF GLASS STUDIES,CAS 4区
JOURNAL OF GLAUCOMA,CAS 3区
JOURNAL OF GLBT FAMILY STUDIES,CAS 3区
Journal of Global Antimicrobial Resistance,CAS 3区
Journal of Global Economic Analysis,CAS 3区
Journal of Global Entrepreneurship Research,CAS 4区
Journal of Global Fashion Marketing,CAS 3区
Journal of Global Health,SSCI/SCIE/SCI
Journal of Global History,SSCI/SCI/AHCI
Journal of Global Infectious Diseases,CAS 4区
Journal of Global Information Management,CAS 4区
Journal of Global Information Technology Management,CAS 4区
Journal of Global Marketing,CAS 4区
Journal of Global Mobility-The Home of Expatriate Management Research,CAS 3区
Journal of Global Operations and Strategic Sourcing,CAS 4区
JOURNAL OF GLOBAL OPTIMIZATION,CAS 4区
Journal of Global Responsibility,CAS 4区
Journal of Global Scholars of Marketing Science,CAS 4区
Journal of Global Security Studies,CAS 2区
Journal of Global Slavery,CAS 2区
Journal of Global Sport Management,CAS 3区
JOURNAL OF GRAPH THEORY,CAS 2区
JOURNAL OF GREAT LAKES RESEARCH,CAS 3区
Journal of Greek Linguistics,CAS 2区
Journal of Green Building,CAS 4区
Journal of Grey System,CAS 4区
Journal of Grid Computing,CAS 3区
Journal of Groundwater Science and Engineering,CAS 3区
JOURNAL OF GROUP THEORY,CAS 4区
JOURNAL OF GUIDANCE CONTROL AND DYNAMICS,CAS 3区
Journal of Gynecologic Oncology,CAS 2区
JOURNAL OF GYNECOLOGIC SURGERY,CAS 4区
Journal of Gynecology Obstetrics and Human Reproduction,CAS 4区
Journal of Hand and Microsurgery,CAS 4区
JOURNAL OF HAND SURGERY-AMERICAN VOLUME,CAS 2区
Journal of Hand Surgery-Asian-Pacific Volume,CAS 4区
Journal of Hand Surgery-European Volume,CAS 3区
Journal of Hand Therapy,CAS 3区
Journal of Happiness Studies,CAS 2区
Journal of Hard Tissue Biology,CAS 4区
JOURNAL OF HAZARDOUS MATERIALS,CAS 1区 Top
Journal of Hazardous Materials Advances,CAS 3区
Journal of Hazardous Materials Letters,CAS 3区
Journal of Hazardous Toxic and Radioactive Waste,CAS 4区
JOURNAL OF HEADACHE AND PAIN,CAS 1区 Top
Journal of Head & Neck Physicians and Surgeons,CAS 4区
JOURNAL OF HEAD TRAUMA REHABILITATION,SSCI/SCIE/SCI
Journal of Health and Allied Sciences NU,CAS 4区
Journal of Health and Safety at Work,CAS 4区
JOURNAL OF HEALTH AND SOCIAL BEHAVIOR,CAS 1区 Top
Journal of Health Care Chaplaincy,CAS 4区
JOURNAL OF HEALTH CARE FOR THE POOR AND UNDERSERVED,CAS 4区
Journal of Healthcare Informatics Research,CAS 4区
Journal of Healthcare Leadership,CAS 2区
JOURNAL OF HEALTHCARE MANAGEMENT,CAS 4区
Journal of Healthcare Quality Research,CAS 4区
JOURNAL OF HEALTH COMMUNICATION,CAS 3区
JOURNAL OF HEALTH ECONOMICS,SSCI/SCIE/SCI
Journal of Health Economics and Outcomes Research,CAS 3区
Journal of Health Literacy,Indexed
Journal of Health Management,CAS 4区
Journal of Health Organization and Management,CAS 4区
JOURNAL OF HEALTH POLITICS POLICY AND LAW,SSCI/SCIE/SCI
JOURNAL OF HEALTH POPULATION AND NUTRITION,CAS 3区
JOURNAL OF HEALTH PSYCHOLOGY,CAS 3区
Journal of Health Research,CAS 4区
Journal of Health Services Research & Policy,CAS 3区
JOURNAL OF HEART AND LUNG TRANSPLANTATION,CAS 1区 Top
Journal of Hebrew Scriptures,CAS 4区
JOURNAL OF HELLENIC STUDIES,CAS 1区 Top
JOURNAL OF HELMINTHOLOGY,CAS 3区
Journal of Hematology,CAS 4区
Journal of Hematology & Oncology,CAS 1区 Top
Journal of Hematopathology,CAS 4区
Journal of Hepato-Biliary-Pancreatic Sciences,CAS 3区
Journal of Hepatocellular Carcinoma,CAS 3区
JOURNAL OF HEPATOLOGY,CAS 1区 Top
Journal of Herbal Medicine,CAS 4区
JOURNAL OF HERBS SPICES AND MEDICINAL PLANTS,CAS 4区
JOURNAL OF HEREDITY,CAS 2区
Journal of Heritage Tourism,CAS 3区
JOURNAL OF HERPETOLOGY,CAS 4区
JOURNAL OF HETEROCYCLIC CHEMISTRY,CAS 3区
JOURNAL OF HEURISTICS,CAS 4区
Journal of High Energy Astrophysics,CAS 3区
JOURNAL OF HIGH ENERGY PHYSICS,CAS 2区 Top
JOURNAL OF HIGHER EDUCATION,CAS 3区
Journal of Higher Education Policy And Leadership Studies,Indexed
Journal of Higher Education Policy and Management,CAS 2区
JOURNAL OF HIGH SPEED NETWORKS,CAS 4区
Journal of Himalayan Earth Sciences,CAS 4区
Journal of Hindu Studies,CAS 4区
Journal of Hip Preservation Surgery,CAS 4区
JOURNAL OF HISTOCHEMISTRY & CYTOCHEMISTRY,CAS 4区
JOURNAL OF HISTORICAL GEOGRAPHY,CAS 2区 Top
Journal of Historical Linguistics,CAS 3区
Journal of Historical Pragmatics,SSCI/SCI/AHCI
Journal of Historical Research in Marketing,CAS 4区
Journal of Historical Research in Music Education,CAS 3区
Journal of Historical Sociolinguistics,CAS 4区
Journal of Historic Buildings and Places,CAS 4区
Journal of History,Indexed
Journal of History-NCCU,CAS 4区
JOURNAL OF HISTOTECHNOLOGY,CAS 4区
Journal of HIV-AIDS & Social Services,CAS 4区
Journal of Holistic Nursing,CAS 3区
Journal of Holy Land and Palestine Studies,CAS 3区
Journal of Homeland Security and Emergency Management,CAS 4区
JOURNAL OF HOMOSEXUALITY,CAS 3区
Journal of Homotopy and Related Structures,CAS 2区
JOURNAL OF HORTICULTURAL SCIENCE & BIOTECHNOLOGY,CAS 4区
Journal of Horticultural Sciences,CAS 4区
Journal of Hospice & Palliative Nursing,SSCI/SCIE/SCI
Journal of Hospital Infection,CAS 3区
Journal of Hospitality and Tourism Insights,CAS 3区
Journal of Hospitality and Tourism Management,CAS 1区 Top
Journal of Hospitality and Tourism Technology,CAS 3区
Journal of Hospitality Leisure Sport & Tourism Education,CAS 2区 Top
Journal of Hospitality Marketing & Management,CAS 1区 Top
Journal of Hospitality & Tourism Education,CAS 3区
Journal of Hospitality & Tourism Research,CAS 3区
Journal of Hospital Management and Health Policy,Indexed
Journal of Hospital Medicine,CAS 4区
Journal of Housing and the Built Environment,CAS 3区
JOURNAL OF HOUSING ECONOMICS,CAS 4区
Journal of Human Behavior in the Social Environment,CAS 4区
Journal of Human Capital,CAS 3区
Journal of Human Development and Capabilities,CAS 3区
JOURNAL OF HUMAN EVOLUTION,SSCI/SCIE/SCI
JOURNAL OF HUMAN GENETICS,CAS 3区
JOURNAL OF HUMAN HYPERTENSION,CAS 4区
Journal of Humanistic Counseling,CAS 4区
Journal of Humanistic Mathematics,CAS 4区
JOURNAL OF HUMANISTIC PSYCHOLOGY,CAS 4区
Journal of Humanitarian Logistics and Supply Chain Management,CAS 4区
Journal of Human Kinetics,CAS 3区
JOURNAL OF HUMAN LACTATION,CAS 3区
JOURNAL OF HUMAN NUTRITION AND DIETETICS,CAS 4区
Journal of Human Reproductive Sciences,Indexed
JOURNAL OF HUMAN RESOURCES,CAS 1区 Top
Journal of Human Rights,CAS 3区
Journal of Human Rights and Social Work,CAS 4区
Journal of Human Rights and the Environment,CAS 3区
Journal of Human Rights Practice,CAS 3区
Journal of Human Sport and Exercise,CAS 4区
Journal of Human Values,CAS 4区
Journal of Hunger & Environmental Nutrition,CAS 4区
Journal of Huntingtons Disease,CAS 4区
JOURNAL OF HYDRAULIC ENGINEERING,CAS 3区
JOURNAL OF HYDRAULIC RESEARCH,CAS 3区
Journal of Hydrodynamics,CAS 3区
Journal of Hydro-environment Research,CAS 4区
JOURNAL OF HYDROINFORMATICS,CAS 3区
JOURNAL OF HYDROLOGIC ENGINEERING,CAS 4区
Journal of Hydrology,CAS 1区 Top
Journal of Hydrology and Hydromechanics,CAS 3区
Journal of Hydrology-Regional Studies,CAS 2区 Top
Journal of Hydrology X,CAS 3区
JOURNAL OF HYDROMETEOROLOGY,CAS 3区
JOURNAL OF HYMENOPTERA RESEARCH,CAS 3区
Journal of Hyperbolic Differential Equations,CAS 4区
JOURNAL OF HYPERTENSION,CAS 3区
Journal of Iberian and Latin American Research,CAS 4区
Journal of Iberian and Latin American Studies,CAS 2区
JOURNAL OF IBERIAN GEOLOGY,CAS 4区
Journal of Ichthyology,CAS 4区
Journal of ICT Research and Applications,CAS 4区
Journal of Illustration,CAS 3区
Journal of IMAB,CAS 4区
Journal of Imaging,CAS 3区
Journal of Imaging Informatics in Medicine,Indexed
JOURNAL OF IMAGING SCIENCE AND TECHNOLOGY,CAS 4区
Journal of Immersion and Content-Based Language Education,CAS 3区
Journal of Immigrant and Minority Health,CAS 4区
Journal of Immigrant & Refugee Studies,CAS 3区
JOURNAL OF IMMUNOLOGICAL METHODS,CAS 4区
JOURNAL OF IMMUNOLOGY,CAS 3区
Journal of Immunology Research,CAS 3区
JOURNAL OF IMMUNOTHERAPY,CAS 4区
Journal of Immunotherapy and Precision Oncology,Indexed
Journal of Immunotoxicology,CAS 4区
JOURNAL OF IMPERIAL AND COMMONWEALTH HISTORY,CAS 2区 Top
JOURNAL OF INCLUSION PHENOMENA AND MACROCYCLIC CHEMISTRY,CAS 4区
Journal of Indian Academy of Oral Medicine and Radiology,CAS 4区
Journal of Indian Association for Child and Adolescent Mental Health,CAS 4区
Journal of Indian Association of Public Health Dentistry,CAS 4区
Journal of Indian Business Research,CAS 4区
Journal of Indian Council of Philosophical Research,CAS 4区
Journal of Indian Geophysical Union,CAS 4区
JOURNAL OF INDIAN PHILOSOPHY,CAS 2区
Journal of Indian Prosthodontic Society,CAS 4区
Journal of Individual Differences,CAS 4区
JOURNAL OF INDO-EUROPEAN STUDIES,CAS 4区
Journal of Industrial and Business Economics,CAS 4区
Journal of Industrial and Engineering Chemistry,CAS 3区
Journal of Industrial and Management Optimization,CAS 4区
Journal of Industrial and Production Engineering,CAS 3区
JOURNAL OF INDUSTRIAL ECOLOGY,CAS 3区
JOURNAL OF INDUSTRIAL ECONOMICS,CAS 3区
Journal of Industrial Engineering and Management-JIEM,CAS 4区
Journal of Industrial Information Integration,CAS 1区 Top
Journal of Industrial Integration and Management-Innovation and Entrepreneurship,CAS 4区
JOURNAL OF INDUSTRIAL MICROBIOLOGY & BIOTECHNOLOGY,CAS 4区
Journal of Industrial Relations,CAS 4区
Journal of Industrial Textiles,CAS 4区
Journal of Industry Competition & Trade,CAS 4区
JOURNAL OF INEQUALITIES AND APPLICATIONS,CAS 3区
Journal of Inequalities and Special Functions,CAS 4区
JOURNAL OF INFECTION,CAS 2区
JOURNAL OF INFECTION AND CHEMOTHERAPY,CAS 4区
Journal of Infection and Public Health,CAS 3区
Journal of Infection in Developing Countries,CAS 4区
Journal of Infection Prevention,CAS 4区
JOURNAL OF INFECTIOUS DISEASES,CAS 2区
Journal of Inflammation-London,CAS 3区
Journal of Inflammation Research,CAS 3区
Journal of Information and Communication Technology-Malaysia,CAS 4区
Journal of Information and Organizational Sciences,CAS 4区
Journal of Information and Telecommunication,CAS 4区
Journal of Information Assurance and Security,CAS 4区
Journal of Information Communication & Ethics in Society,CAS 3区
Journal of Information Display,CAS 2区
Journal of Information & Knowledge Management,CAS 4区
JOURNAL OF INFORMATION & OPTIMIZATION SCIENCES,CAS 4区
Journal of Information Policy,CAS 4区
Journal of Information Processing Systems,CAS 4区
JOURNAL OF INFORMATION SCIENCE,SSCI/SCIE/SCI
JOURNAL OF INFORMATION SCIENCE AND ENGINEERING,CAS 4区
Journal of Information Security and Applications,CAS 3区
JOURNAL OF INFORMATION SYSTEMS,CAS 4区
JOURNAL OF INFORMATION TECHNOLOGY,SSCI/SCIE/SCI
Journal of Information Technology Education-Innovations in Practice,CAS 4区
Journal of Information Technology Education-Research,CAS 4区
Journal of Information Technology in Construction,CAS 3区
Journal of Information Technology & Politics,CAS 2区
Journal of Information Technology Research,CAS 4区
Journal of Informetrics,SSCI/SCIE/SCI
JOURNAL OF INFRARED AND MILLIMETER WAVES,CAS 3区
Journal of Infrared Millimeter and Terahertz Waves,CAS 4区
Journal of Infrastructure Systems,CAS 4区
Journal of Infusion Nursing,CAS 4区
JOURNAL OF INHERITED METABOLIC DISEASE,CAS 2区
Journal of Innate Immunity,CAS 3区
Journal of Innovation Economics & Management,CAS 4区
Journal of Innovation & Knowledge,CAS 1区 Top
Journal of Innovative Optical Health Sciences,CAS 4区
Journal of Inorganic and Organometallic Polymers and Materials,CAS 3区
JOURNAL OF INORGANIC BIOCHEMISTRY,CAS 2区
JOURNAL OF INORGANIC MATERIALS,CAS 3区
JOURNAL OF INSECT BEHAVIOR,CAS 4区
Journal of Insect Biodiversity,CAS 4区
JOURNAL OF INSECT CONSERVATION,CAS 3区
JOURNAL OF INSECT PHYSIOLOGY,CAS 2区
Journal of Insects as Food and Feed,CAS 3区
JOURNAL OF INSECT SCIENCE,CAS 3区
JOURNAL OF INSTITUTIONAL AND THEORETICAL ECONOMICS-ZEITSCHRIFT FUR DIE GESAMTE STAATSWISSENSCHAFT,CAS 4区
Journal of Institutional Economics,CAS 2区
Journal of Institutional Studies,CAS 4区
Journal of Instrumentation,CAS 4区
Journal of Insurance Issues,CAS 4区
Journal of Integer Sequences,CAS 4区
Journal of Integral Equations and Applications,CAS 4区
Journal of Integrated Care,CAS 4区
Journal of Integrated Design & Process Science,CAS 4区
Journal of Integrated Pest Management,CAS 3区
Journal of Integrative Agriculture,CAS 1区 Top
Journal of Integrative and Complementary Medicine,CAS 4区
Journal of Integrative Bioinformatics,CAS 4区
Journal of Integrative Environmental Sciences,CAS 3区
Journal of Integrative Medicine-JIM,CAS 2区
Journal of Integrative Neuroscience,CAS 3区
Journal of Integrative Plant Biology,CAS 1区 Top
Journal of Intellectual Capital,CAS 2区
JOURNAL OF INTELLECTUAL & DEVELOPMENTAL DISABILITY,CAS 3区
Journal of Intellectual Disabilities,CAS 4区
Journal of Intellectual Disabilities and Offending Behaviour,CAS 4区
JOURNAL OF INTELLECTUAL DISABILITY RESEARCH,CAS 3区
Journal of Intellectual Property Law & Practice,CAS 4区
Journal of Intelligence,CAS 3区
Journal of Intelligence Studies in Business,CAS 4区
Journal of Intelligent and Connected Vehicles,Indexed
JOURNAL OF INTELLIGENT & FUZZY SYSTEMS,CAS 4区
JOURNAL OF INTELLIGENT INFORMATION SYSTEMS,CAS 3区
JOURNAL OF INTELLIGENT MANUFACTURING,CAS 2区
JOURNAL OF INTELLIGENT MATERIAL SYSTEMS AND STRUCTURES,CAS 4区
JOURNAL OF INTELLIGENT & ROBOTIC SYSTEMS,CAS 4区
Journal of Intelligent Systems,CAS 4区
Journal of Intelligent Transportation Systems,SSCI/SCIE/SCI
Journal of Intensive Care,CAS 2区
JOURNAL OF INTENSIVE CARE MEDICINE,CAS 3区
Journal of Intensive Medicine,CAS 4区
Journal of Interactional Research in Communication Disorders,CAS 4区
JOURNAL OF INTERACTIVE MARKETING,CAS 2区
Journal of Interactive Media in Education,ESCI
JOURNAL OF INTERCONNECTION NETWORKS,CAS 4区
Journal of Intercultural Studies,CAS 3区
Journal of Interdisciplinary Economics,CAS 4区
JOURNAL OF INTERDISCIPLINARY HISTORY,SSCI/SCI/AHCI
JOURNAL OF INTERDISCIPLINARY MATHEMATICS,CAS 4区
JOURNAL OF INTERFERON AND CYTOKINE RESEARCH,CAS 4区
Journal of Intergenerational Relationships,CAS 4区
Journal of Interior Design,CAS 3区
JOURNAL OF INTERNAL MEDICINE,CAS 1区 Top
Journal of International Accounting Auditing and Taxation,CAS 3区
Journal of International Accounting Research,CAS 4区
Journal of International Advanced Otology,CAS 4区
Journal of International and Comparative Education,CAS 4区
Journal of International and Comparative Law,CAS 4区
Journal of International and Intercultural Communication,CAS 2区
Journal of International Arbitration,CAS 4区
Journal of International Business Policy,CAS 2区
JOURNAL OF INTERNATIONAL BUSINESS STUDIES,CAS 1区 Top
Journal of International Commerce Economics and Policy,CAS 4区
Journal of International Consumer Marketing,CAS 4区
Journal of International Criminal Justice,CAS 2区
Journal of International Development,CAS 3区
Journal of International Dispute Settlement,CAS 3区
JOURNAL OF INTERNATIONAL ECONOMIC LAW,CAS 2区
JOURNAL OF INTERNATIONAL ECONOMICS,CAS 1区 Top
Journal of International Education in Business,CAS 4区
Journal of International Entrepreneurship,CAS 3区
Journal of International Financial Management & Accounting,CAS 1区 Top
Journal of International Financial Markets Institutions & Money,CAS 2区
Journal of International Food & Agribusiness Marketing,Indexed
Journal of International Humanitarian Legal Studies,CAS 4区
Journal of International Management,CAS 1区 Top
JOURNAL OF INTERNATIONAL MARKETING,CAS 2区
JOURNAL OF INTERNATIONAL MEDICAL RESEARCH,CAS 4区
Journal of International Migration and Integration,CAS 3区
JOURNAL OF INTERNATIONAL MONEY AND FINANCE,CAS 3区
Journal of International Oral Health,CAS 4区
Journal of International Political Theory,CAS 3区
Journal of International Relations and Development,CAS 2区
Journal of International Society of Preventive and Community Dentistry,CAS 4区
Journal of International Students,CAS 4区
Journal of International Studies-JIS,CAS 4区
Journal of International Trade & Economic Development,CAS 3区
Journal of International Trade Law and Policy,CAS 4区
Journal of Internet Commerce,CAS 4区
Journal of Internet Services and Applications,CAS 4区
Journal of Internet Technology,CAS 4区
Journal of Inter-Organizational Relationships,CAS 4区
JOURNAL OF INTERPERSONAL VIOLENCE,CAS 3区
Journal of Interprofessional Care,SSCI/SCIE/SCI
JOURNAL OF INTERVENTIONAL CARDIAC ELECTROPHYSIOLOGY,CAS 4区
JOURNAL OF INTERVENTIONAL CARDIOLOGY,CAS 4区
Journal of Intervention and Statebuilding,CAS 2区
JOURNAL OF INVASIVE CARDIOLOGY,CAS 4区
Journal of Inverse and Ill-Posed Problems,CAS 4区
JOURNAL OF INVERTEBRATE PATHOLOGY,CAS 2区
JOURNAL OF INVESTIGATIONAL ALLERGOLOGY AND CLINICAL IMMUNOLOGY,CAS 3区
JOURNAL OF INVESTIGATIVE DERMATOLOGY,CAS 2区
JOURNAL OF INVESTIGATIVE MEDICINE,CAS 4区
Journal of Investigative Medicine High Impact Case Reports,CAS 4区
Journal of Investigative Psychology and Offender Profiling,CAS 4区
JOURNAL OF INVESTIGATIVE SURGERY,CAS 4区
Journal of Investing,CAS 4区
Journal of Investment Management,CAS 4区
Journal of Investment Strategies,CAS 4区
JOURNAL OF IRON AND STEEL RESEARCH INTERNATIONAL,CAS 2区
JOURNAL OF IRRIGATION AND DRAINAGE ENGINEERING,CAS 4区
Journal of ISAKOS Joint Disorders & Orthopaedic Sports Medicine,CAS 3区
Journal of Islamic Accounting and Business Research,CAS 3区
Journal of Islamic Archaeology,CAS 2区
Journal of Islamic Manuscripts,CAS 4区
Journal of Islamic Marketing,CAS 4区
Journal of Islamic Studies,CAS 2区
Journal of Island & Coastal Archaeology,CAS 2区
Journal of Israeli History,SSCI/SCI/AHCI
Journal of Istanbul Faculty of Medicine-Istanbul Tip Fakultesi Dergisi,CAS 4区
Journal of Italian Cinema and Media Studies,CAS 2区
Journal of Japanese Philosophy,CAS 4区
JOURNAL OF JAPANESE STUDIES,CAS 4区
Journal of Jesuit Studies,CAS 2区
Journal of Jewish Education,CAS 4区
Journal of Jewish Ethics,Indexed
Journal of Jewish Languages,CAS 2区
JOURNAL OF JEWISH STUDIES,CAS 2区
JOURNAL OF JEWISH THOUGHT & PHILOSOPHY,CAS 4区
Journal of Judicial Administration,CAS 4区
Journal of Juristic Papyrology,Indexed
JOURNAL OF KIDNEY CANCER,Indexed
Journal of Kidney Cancer and VHL,CAS 4区
Journal of King Saud University-Computer and Information Sciences,CAS 2区
JOURNAL OF KING SAUD UNIVERSITY SCIENCE,CAS 3区
Journal of Knee Surgery,CAS 4区
JOURNAL OF KNOT THEORY AND ITS RAMIFICATIONS,CAS 4区
Journal of Knowledge Management,CAS 2区 Top
Journal of Korean Academy of Nursing,SSCI/SCIE/SCI
JOURNAL OF KOREAN MEDICAL SCIENCE,CAS 4区
Journal of Korean Neurosurgical Society,CAS 4区
Journal of Korean Religions,CAS 4区
Journal of Korean Society for Atmospheric Environment,CAS 4区
Journal of Korean Studies,CAS 3区
Journal of Korea Trade,CAS 4区
Journal of Krishna Institute of Medical Sciences University,CAS 4区
JOURNAL OF LABELLED COMPOUNDS & RADIOPHARMACEUTICALS,CAS 4区
Journal of Labor and Society,CAS 4区
Journal of Laboratory and Precision Medicine,Indexed
Journal of Laboratory Medicine,CAS 4区
Journal of Laboratory Physicians,CAS 4区
JOURNAL OF LABOR ECONOMICS,CAS 1区 Top
JOURNAL OF LABOR RESEARCH,CAS 4区
Journal of Landscape Architecture,CAS 4区
Journal of Land Use Science,CAS 3区
Journal of Language Aggression and Conflict,CAS 2区
Journal of Language and Cultural Education,CAS 4区
Journal of Language and Education,CAS 4区
Journal of Language and Literacy Education,CAS 4区
Journal of Language and Politics,SSCI/SCI/AHCI
Journal of Language and Sexuality,CAS 2区
JOURNAL OF LANGUAGE AND SOCIAL PSYCHOLOGY,CAS 2区
Journal of Language Contact,CAS 3区
Journal of Language Evolution,CAS 2区
Journal of Language Identity and Education,SSCI/SCI/AHCI
Journal of Language Literature and Culture,CAS 4区
Journal of Language Teaching and Learning,CAS 4区
Journal of Laparoendoscopic & Advanced Surgical Techniques,CAS 4区
JOURNAL OF LARYNGOLOGY AND OTOLOGY,CAS 4区
JOURNAL OF LASER APPLICATIONS,CAS 4区
Journal of Laser Micro Nanoengineering,CAS 4区
Journal of Lasers in Medical Sciences,CAS 4区
Journal of Late Antiquity,CAS 2区
Journal of Latin American and Caribbean Anthropology,CAS 3区
Journal of Latin American Cultural Studies,SSCI/SCI/AHCI
Journal of Latin American Geography,CAS 4区
JOURNAL OF LATIN AMERICAN STUDIES,SSCI/SCI/AHCI
Journal of Latin Linguistics,CAS 3区
JOURNAL OF LATINOS AND EDUCATION,CAS 4区
Journal of Latinx Psychology,CAS 3区
Journal of Law and Courts,CAS 3区
Journal of Law and Medicine,CAS 4区
Journal of Law and Political Sciences,CAS 4区
Journal of Law and Religion,CAS 3区
Journal of Law and Social Deviance,CAS 4区
JOURNAL OF LAW AND SOCIETY,CAS 3区
Journal of Law and the Biosciences,SSCI/SCIE/SCI
JOURNAL OF LAW & ECONOMICS,CAS 3区
JOURNAL OF LAW ECONOMICS & ORGANIZATION,CAS 3区
Journal of Law Finance and Accounting,CAS 4区
JOURNAL OF LAW MEDICINE & ETHICS,SSCI/SCIE/SCI
Journal of Leadership & Organizational Studies,CAS 3区
Journal of Leadership Studies,CAS 4区
Journal of Learning Analytics,CAS 3区
JOURNAL OF LEARNING DISABILITIES,CAS 2区
Journal of Learning Styles,CAS 4区
Journal of Legal Affairs and Dispute Resolution in Engineering and Construction,CAS 4区
Journal of Legal Analysis,CAS 2区
JOURNAL OF LEGAL EDUCATION,CAS 4区
Journal of Legal History,CAS 1区 Top
JOURNAL OF LEGAL MEDICINE,CAS 4区
JOURNAL OF LEGAL STUDIES,CAS 4区
Journal of Legal Studies Education,CAS 4区
Journal of Legislative Studies,CAS 4区
JOURNAL OF LEISURE RESEARCH,CAS 3区
Journal of Lesbian Studies,CAS 4区
JOURNAL OF LEUKOCYTE BIOLOGY,CAS 4区
Journal of LGBTQ Issues in Counseling,CAS 4区
Journal of LGBT Youth,CAS 3区
JOURNAL OF LIBRARIANSHIP AND INFORMATION SCIENCE,CAS 4区
Journal of Library Administration,CAS 4区
Journal of Library and Information Studies,CAS 4区
JOURNAL OF LIE THEORY,CAS 4区
JOURNAL OF LIGHTWAVE TECHNOLOGY,CAS 2区 Top
Journal of Limb Lengthening & Reconstruction,Indexed
JOURNAL OF LIMNOLOGY,CAS 4区
Journal of Linguistic Anthropology,SSCI/SCI/AHCI
JOURNAL OF LINGUISTICS,SSCI/SCI/AHCI
JOURNAL OF LIPID RESEARCH,CAS 2区
JOURNAL OF LIPOSOME RESEARCH,CAS 4区
JOURNAL OF LIQUID CHROMATOGRAPHY & RELATED TECHNOLOGIES,CAS 4区
JOURNAL OF LITERACY RESEARCH,CAS 3区
Journal of Literary & Cultural Disability Studies,Indexed
JOURNAL OF LITERARY SEMANTICS,CAS 3区
Journal of Literary Studies,CAS 3区
Journal of Literary Theory,CAS 2区
Journal of Lithic Studies,CAS 4区
Journal of Livestock Science,CAS 4区
Journal of Location Based Services,CAS 4区
Journal of Logical and Algebraic Methods in Programming,CAS 4区
Journal of Logic and Analysis,CAS 4区
JOURNAL OF LOGIC AND COMPUTATION,CAS 3区
Journal of Logic Language and Information,SCIE/SCI/AHCI
JOURNAL OF LOSS PREVENTION IN THE PROCESS INDUSTRIES,CAS 3区
JOURNAL OF LOSS & TRAUMA,CAS 4区
Journal of Lower Genital Tract Disease,CAS 3区
JOURNAL OF LOW FREQUENCY NOISE VIBRATION AND ACTIVE CONTROL,CAS 3区
Journal of Low Power Electronics and Applications,CAS 4区
JOURNAL OF LOW TEMPERATURE PHYSICS,CAS 4区
Journal of Luminescence,CAS 3区
Journal of Lusophone Studies,CAS 4区
JOURNAL OF MACHINE LEARNING RESEARCH,CAS 4区
Journal of Machinery Manufacture and Reliability,CAS 4区
JOURNAL OF MACROECONOMICS,CAS 4区
Journal of Macromarketing,CAS 4区
Journal of Macromolecular Science Part A-Pure and Applied Chemistry,CAS 3区
Journal of Macromolecular Science Part B-Physics,CAS 4区
Journal of Magnesium and Alloys,CAS 1区 Top
JOURNAL OF MAGNETIC RESONANCE,CAS 3区
JOURNAL OF MAGNETIC RESONANCE IMAGING,CAS 2区
Journal of Magnetic Resonance Open,CAS 4区
Journal of Magnetics,CAS 4区
JOURNAL OF MAGNETISM AND MAGNETIC MATERIALS,CAS 3区
JOURNAL OF MAMMALIAN EVOLUTION,CAS 3区
JOURNAL OF MAMMALOGY,CAS 3区
JOURNAL OF MAMMARY GLAND BIOLOGY AND NEOPLASIA,CAS 4区
Journal of Managed Care & Specialty Pharmacy,CAS 4区
JOURNAL OF MANAGEMENT,CAS 1区 Top
Journal of Management Accounting Research,CAS 4区
Journal of Management Analytics,CAS 4区
Journal of Management and Governance,CAS 4区
Journal of Management Control,CAS 4区
JOURNAL OF MANAGEMENT DEVELOPMENT,CAS 3区
Journal of Management Education,CAS 3区
Journal of Management History,CAS 4区
JOURNAL OF MANAGEMENT IN ENGINEERING,CAS 1区 Top
JOURNAL OF MANAGEMENT INFORMATION SYSTEMS,SSCI/SCIE/SCI
JOURNAL OF MANAGEMENT INQUIRY,CAS 3区
Journal of Management & Organization,CAS 4区
Journal of Management Science and Engineering,CAS 2区
Journal of Management Spirituality & Religion,CAS 4区
JOURNAL OF MANAGEMENT STUDIES,CAS 1区 Top
Journal of Managerial Psychology,CAS 4区
JOURNAL OF MANIPULATIVE AND PHYSIOLOGICAL THERAPEUTICS,CAS 4区
Journal of Manual & Manipulative Therapy,CAS 4区
Journal of Manufacturing and Materials Processing,CAS 4区
Journal of Manufacturing Processes,CAS 1区 Top
JOURNAL OF MANUFACTURING SCIENCE AND ENGINEERING-TRANSACTIONS OF THE ASME,CAS 3区
JOURNAL OF MANUFACTURING SYSTEMS,CAS 1区 Top
Journal of Manufacturing Technology Management,SSCI/SCIE/SCI
Journal of Map & Geography Libraries,CAS 4区
Journal of Maps,SSCI/SCIE/SCI
Journal of Marine Engineering and Technology,CAS 3区
Journal of Marine Medical Society,CAS 4区
Journal of Marine Science and Application,CAS 4区
Journal of Marine Science and Engineering,CAS 3区
JOURNAL OF MARINE SCIENCE AND TECHNOLOGY,CAS 4区
Journal of Marine Science and Technology-Taiwan,CAS 4区
JOURNAL OF MARINE SYSTEMS,CAS 3区
JOURNAL OF MARITAL AND FAMILY THERAPY,CAS 4区
Journal of Maritime Archaeology,CAS 3区
JOURNAL OF MARKETING,CAS 1区 Top
Journal of Marketing Analytics,CAS 4区
Journal of Marketing Communications,Indexed
Journal of Marketing Education,CAS 3区
Journal of Marketing for Higher Education,CAS 4区
Journal of Marketing Management,CAS 3区
JOURNAL OF MARKETING RESEARCH,CAS 2区
Journal of Marketing Theory and Practice,CAS 4区
JOURNAL OF MARRIAGE AND FAMILY,CAS 2区 Top
JOURNAL OF MASS SPECTROMETRY,CAS 3区
Journal of Mass Spectrometry and Advances in the Clinical Lab,CAS 2区
JOURNAL OF MATERIAL CULTURE,SSCI/SCI/AHCI
Journal of Material Cycles and Waste Management,CAS 4区
Journal of Materials and Engineering Structures,CAS 4区
Journal of Materials Chemistry A,CAS 2区
Journal of Materials Chemistry B,CAS 3区
Journal of Materials Chemistry C,CAS 3区
JOURNAL OF MATERIALS ENGINEERING AND PERFORMANCE,CAS 4区
JOURNAL OF MATERIALS IN CIVIL ENGINEERING,CAS 3区
Journal of Materials Informatics,Indexed
JOURNAL OF MATERIALS PROCESSING TECHNOLOGY,CAS 1区 Top
JOURNAL OF MATERIALS RESEARCH,CAS 4区
Journal of Materials Research and Technology-JMR&T,CAS 2区
JOURNAL OF MATERIALS SCIENCE,CAS 3区
JOURNAL OF MATERIALS SCIENCE-MATERIALS IN ELECTRONICS,CAS 4区
Journal of Materials Science-Materials in Engineering,Indexed
JOURNAL OF MATERIALS SCIENCE-MATERIALS IN MEDICINE,CAS 3区
Journal of Materials Science & Technology,CAS 1区 Top
Journal of Materiomics,CAS 2区
Journal of Maternal-Fetal & Neonatal Medicine,CAS 4区
Journal of Mathematical Analysis,CAS 4区
JOURNAL OF MATHEMATICAL ANALYSIS AND APPLICATIONS,CAS 3区
Journal of Mathematical and Fundamental Sciences,CAS 4区
Journal of Mathematical Behavior,CAS 4区
JOURNAL OF MATHEMATICAL BIOLOGY,CAS 4区
JOURNAL OF MATHEMATICAL CHEMISTRY,CAS 3区
Journal of Mathematical Cryptology,CAS 4区
JOURNAL OF MATHEMATICAL ECONOMICS,SSCI/SCIE/SCI
Journal of Mathematical Extension,CAS 4区
Journal of Mathematical Fluid Mechanics,CAS 3区
JOURNAL OF MATHEMATICAL IMAGING AND VISION,CAS 4区
Journal of Mathematical Inequalities,CAS 4区
Journal of Mathematical Logic,CAS 1区 Top
Journal of Mathematical Modeling,Indexed
JOURNAL OF MATHEMATICAL PHYSICS,CAS 3区
Journal of Mathematical Physics Analysis Geometry,CAS 4区
JOURNAL OF MATHEMATICAL PSYCHOLOGY,SSCI/SCIE/SCI
JOURNAL OF MATHEMATICAL SOCIOLOGY,SSCI/SCIE/SCI
Journal of Mathematical Study,CAS 4区
Journal of Mathematics,CAS 4区
Journal of Mathematics and Computer Science-JMCS,CAS 3区
Journal of Mathematics and Music,SCIE/SCI/AHCI
Journal of Mathematics and the Arts,CAS 4区
Journal of Mathematics in Industry,CAS 4区
Journal of Mathematics Mechanics and Computer Science,CAS 4区
Journal of Mathematics Teacher Education,CAS 2区
Journal of Maxillofacial & Oral Surgery,CAS 4区
Journal of Measurement and Evaluation in Education and Psychology-EPOD,CAS 4区
Journal of Measurements in Engineering,CAS 4区
JOURNAL OF MECHANICAL DESIGN,CAS 3区
Journal of Mechanical Engineering and Sciences,CAS 4区
Journal of Mechanical Science and Technology,CAS 4区
JOURNAL OF MECHANICS,CAS 4区
Journal of Mechanics in Medicine and Biology,CAS 4区
Journal of Mechanics of Materials and Structures,CAS 4区
Journal of Mechanisms and Robotics-Transactions of the ASME,CAS 4区
Journal of Media and Religion,CAS 4区
Journal of Media Business Studies,CAS 4区
JOURNAL OF MEDIA ECONOMICS,CAS 4区
Journal of Media Ethics,CAS 4区
Journal of Media Psychology-Theories Methods and Applications,CAS 3区
Journal of Medical and Biological Engineering,CAS 4区
Journal of Medical and Biomedical Science,CAS 4区
Journal of Medical and Surgical Research,CAS 4区
Journal of Medical Biochemistry,CAS 4区
Journal of Medical Biography,CAS 4区
Journal of Medical Case Reports,CAS 4区
Journal of Medical Cases,Indexed
Journal of Medical Devices-Transactions of the ASME,CAS 4区
JOURNAL OF MEDICAL ECONOMICS,CAS 3区
Journal of Medical Education and Curricular Development,CAS 4区
JOURNAL OF MEDICAL ENTOMOLOGY,CAS 2区
JOURNAL OF MEDICAL ETHICS,SSCI/SCIE/SCI
Journal of Medical Ethics and History of Medicine,CAS 4区
JOURNAL OF MEDICAL GENETICS,CAS 2区
Journal of Medical Humanities,CAS 4区
Journal of Medical Imaging,CAS 4区
Journal of Medical Imaging and Radiation Oncology,CAS 4区
Journal of Medical Imaging and Radiation Sciences,CAS 4区
JOURNAL OF MEDICAL INTERNET RESEARCH,CAS 2区 Top
JOURNAL OF MEDICAL INVESTIGATION,CAS 4区
JOURNAL OF MEDICAL MICROBIOLOGY,CAS 4区
Journal of Medical Physics,CAS 4区
JOURNAL OF MEDICAL PRIMATOLOGY,CAS 4区
Journal of Medical Radiation Sciences,CAS 4区
Journal of Medical Science,Indexed
JOURNAL OF MEDICAL SCREENING,CAS 4区
Journal of Medical Signals & Sensors,CAS 4区
JOURNAL OF MEDICAL SYSTEMS,CAS 3区
Journal of Medical Toxicology,CAS 3区
Journal of Medical Ultrasonics,CAS 4区
Journal of Medical Ultrasound,CAS 4区
JOURNAL OF MEDICAL VIROLOGY,CAS 3区
JOURNAL OF MEDICINAL CHEMISTRY,CAS 1区 Top
JOURNAL OF MEDICINAL FOOD,CAS 4区
Journal of Medicinal Plants and By-products-JMPB,CAS 4区
Journal of Medicine Access,Indexed
JOURNAL OF MEDICINE AND PHILOSOPHY,CAS 4区
JOURNAL OF MEDIEVAL AND EARLY MODERN STUDIES,CAS 2区
JOURNAL OF MEDIEVAL HISTORY,CAS 2区
Journal of Medieval Iberian Studies,CAS 2区
Journal of Medieval Religious Cultures,CAS 3区
Journal of Mediterranean Archaeology,CAS 2区
JOURNAL OF MEDITERRANEAN STUDIES,CAS 4区
Journal of Mehmet Akif Ersoy University Economics and Administrative Sciences Faculty,CAS 4区
JOURNAL OF MEMBRANE BIOLOGY,CAS 4区
Journal of Membrane Computing,CAS 3区
JOURNAL OF MEMBRANE SCIENCE,CAS 1区 Top
Journal of Membrane Science Letters,CAS 2区
JOURNAL OF MEMORY AND LANGUAGE,SSCI/SCIE/SCI
Journal of Mens Health,SSCI/SCIE/SCI
Journal of Mental Health,CAS 3区
Journal of Mental Health and Human Behaviour,CAS 4区
Journal of Mental Health Policy and Economics,CAS 4区
Journal of Mental Health Research in Intellectual Disabilities,CAS 4区
Journal of Mental Health Training Education and Practice,CAS 4区
Journal of Metals Materials and Minerals,CAS 4区
JOURNAL OF METAMORPHIC GEOLOGY,CAS 2区
Journal of Meteorological Research,CAS 4区
Journal of Micro and Bio Robotics,Indexed
Journal of Micro and Nano-Manufacturing,CAS 4区
JOURNAL OF MICROBIOLOGICAL METHODS,CAS 4区
JOURNAL OF MICROBIOLOGY,CAS 3区
JOURNAL OF MICROBIOLOGY AND BIOTECHNOLOGY,CAS 4区
Journal of Microbiology & Biology Education,CAS 4区
Journal of Microbiology Biotechnology and Food Sciences,CAS 4区
JOURNAL OF MICROBIOLOGY IMMUNOLOGY AND INFECTION,CAS 3区
Journal of Micro-Bio Robotics,CAS 4区
JOURNAL OF MICROELECTROMECHANICAL SYSTEMS,CAS 3区
JOURNAL OF MICROENCAPSULATION,CAS 4区
JOURNAL OF MICROMECHANICS AND MICROENGINEERING,CAS 4区
Journal of Micro-Nanopatterning Materials and Metrology-JM3,CAS 3区
Journal of Microorganism Control,CAS 4区
JOURNAL OF MICROPALAEONTOLOGY,CAS 1区 Top
JOURNAL OF MICROSCOPY,CAS 4区
JOURNAL OF MICROWAVE POWER AND ELECTROMAGNETIC ENERGY,CAS 4区
Journal of Middle East Womens Studies,CAS 4区
Journal of Mid-life Health,CAS 4区
JOURNAL OF MIDWIFERY & WOMENS HEALTH,SSCI/SCIE/SCI
Journal of Migration and Health,CAS 3区
Journal of Migration History,CAS 4区
Journal of Military and Strategic Studies,CAS 4区
Journal of Military and Veterans Health,CAS 4区
JOURNAL OF MILITARY HISTORY,CAS 4区
Journal of Military Veteran and Family Health,CAS 4区
Journal of Mind and Medical Sciences,CAS 4区
Journal of Mineralogical and Petrological Sciences,CAS 4区
Journal of Minimal Access Surgery,CAS 4区
Journal of Minimally Invasive Gynecology,CAS 2区
Journal of Mining and Environment,CAS 4区
Journal of Mining and Metallurgy Section B-Metallurgy,CAS 4区
Journal of Mining Institute,CAS 3区
JOURNAL OF MINING SCIENCE,CAS 4区
Journal of Mixed Methods Research,CAS 1区 Top
Journal of Modelling in Management,CAS 4区
JOURNAL OF MODERN AFRICAN STUDIES,CAS 3区
Journal of Modern Chinese History,CAS 4区
Journal of Modern Craft,CAS 4区
Journal of Modern Dynamics,CAS 2区
Journal of Modern European History,SSCI/SCI/AHCI
JOURNAL OF MODERN GREEK STUDIES,CAS 4区
JOURNAL OF MODERN HISTORY,SSCI/SCI/AHCI
JOURNAL OF MODERN ITALIAN STUDIES,SSCI/SCI/AHCI
Journal of Modern Jewish Studies,CAS 3区
JOURNAL OF MODERN LITERATURE,CAS 3区
JOURNAL OF MODERN OPTICS,CAS 4区
Journal of Modern Periodical Studies,CAS 4区
Journal of Modern Power Systems and Clean Energy,CAS 2区
Journal of Modern Russian History and Historiography,CAS 4区
JOURNAL OF MOLECULAR AND CELLULAR CARDIOLOGY,CAS 2区
Journal of Molecular and Cellular Cardiology Plus,Indexed
Journal of Molecular and Engineering Materials,CAS 4区
JOURNAL OF MOLECULAR BIOLOGY,CAS 2区
Journal of Molecular Cell Biology,CAS 2区
JOURNAL OF MOLECULAR DIAGNOSTICS,CAS 3区
JOURNAL OF MOLECULAR ENDOCRINOLOGY,CAS 3区
JOURNAL OF MOLECULAR EVOLUTION,CAS 4区
JOURNAL OF MOLECULAR GRAPHICS & MODELLING,CAS 4区
JOURNAL OF MOLECULAR HISTOLOGY,CAS 3区
JOURNAL OF MOLECULAR LIQUIDS,CAS 2区
JOURNAL OF MOLECULAR MEDICINE-JMM,CAS 3区
JOURNAL OF MOLECULAR MODELING,CAS 4区
JOURNAL OF MOLECULAR NEUROSCIENCE,CAS 4区
Journal of Molecular Pathology,Indexed
JOURNAL OF MOLECULAR RECOGNITION,CAS 4区
JOURNAL OF MOLECULAR SPECTROSCOPY,CAS 4区
Journal of Molecular Structure,CAS 2区
JOURNAL OF MOLLUSCAN STUDIES,CAS 3区
JOURNAL OF MONETARY ECONOMICS,CAS 1区 Top
JOURNAL OF MONEY CREDIT AND BANKING,CAS 4区
Journal of Money Laundering Control,CAS 4区
JOURNAL OF MORAL EDUCATION,CAS 4区
Journal of Moral Philosophy,SSCI/SCI/AHCI
Journal of Moravian History,CAS 4区
JOURNAL OF MORPHOLOGY,CAS 4区
Journal of Mosaic Research,CAS 4区
JOURNAL OF MOTOR BEHAVIOR,SSCI/SCIE/SCI
Journal of Motor Learning and Development,CAS 4区
Journal of Mountain Science,CAS 4区
Journal of Movement Disorders,CAS 4区
Journal of Multi-Criteria Decision Analysis,CAS 4区
JOURNAL OF MULTICULTURAL COUNSELING AND DEVELOPMENT,CAS 4区
Journal of Multicultural Discourses,CAS 3区
Journal of Multidisciplinary Healthcare,CAS 3区
JOURNAL OF MULTILINGUAL AND MULTICULTURAL DEVELOPMENT,SSCI/SCI/AHCI
Journal of Multilingual Theories and Practices,Indexed
Journal of Multimorbidity and Comorbidity,Indexed
Journal of Multinational Financial Management,CAS 4区
JOURNAL OF MULTIPLE-VALUED LOGIC AND SOFT COMPUTING,CAS 4区
Journal of Multiscale Modelling,CAS 4区
JOURNAL OF MULTIVARIATE ANALYSIS,CAS 2区
JOURNAL OF MUSCLE RESEARCH AND CELL MOTILITY,CAS 3区
JOURNAL OF MUSCULOSKELETAL & NEURONAL INTERACTIONS,CAS 4区
Journal of Musculoskeletal Surgery and Research,Indexed
Journal of Museum Education,CAS 4区
JOURNAL OF MUSICOLOGICAL RESEARCH,CAS 3区
JOURNAL OF MUSICOLOGY,CAS 2区
Journal of Music Teacher Education,CAS 4区
Journal of Music Technology & Education,CAS 3区
JOURNAL OF MUSIC THEORY,CAS 1区 Top
JOURNAL OF MUSIC THERAPY,CAS 4区
Journal of Muslim Mental Health,CAS 4区
Journal of Muslim Minority Affairs,CAS 3区
JOURNAL OF NANOBIOTECHNOLOGY,CAS 1区 Top
Journal of Nanoelectronics and Optoelectronics,CAS 4区
Journal of Nanofluids,CAS 4区
JOURNAL OF NANOPARTICLE RESEARCH,CAS 4区
Journal of Nanophotonics,CAS 4区
Journal of Nano Research,CAS 4区
Journal of Nanostructure in Chemistry,CAS 2区
Journal of Nanostructures,CAS 4区
Journal of Nanotechnology,CAS 4区
Journal of Natural Fibers,CAS 3区
Journal of Natural Gas Geoscience,Indexed
JOURNAL OF NATURAL HISTORY,CAS 4区
Journal of Natural Medicines,CAS 4区
JOURNAL OF NATURAL PRODUCTS,CAS 2区
Journal of Naval Architecture and Marine Engineering,CAS 4区
JOURNAL OF NAVIGATION,CAS 4区
JOURNAL OF NEAR EASTERN STUDIES,CAS 2区
JOURNAL OF NEAR INFRARED SPECTROSCOPY,CAS 4区
JOURNAL OF NEMATOLOGY,CAS 4区
Journal of Neonatal-Perinatal Medicine,Indexed
JOURNAL OF NEPHROLOGY,CAS 3区
JOURNAL OF NERVOUS AND MENTAL DISEASE,SSCI/SCIE/SCI
JOURNAL OF NETWORK AND COMPUTER APPLICATIONS,CAS 2区
Journal of Network and Systems Management,CAS 3区
Journal of Neural Engineering,CAS 3区
JOURNAL OF NEURAL TRANSMISSION,CAS 3区
Journal of Neuroanaesthesiology and Critical Care,CAS 4区
JOURNAL OF NEUROCHEMISTRY,CAS 3区
Journal of Neurodevelopmental Disorders,CAS 2区
JOURNAL OF NEUROENDOCRINOLOGY,CAS 3区
Journal of Neuroendovascular Therapy,Indexed
Journal of NeuroEngineering and Rehabilitation,CAS 1区 Top
Journal of Neurogastroenterology and Motility,CAS 2区
JOURNAL OF NEUROGENETICS,CAS 4区
JOURNAL OF NEUROIMAGING,CAS 3区
Journal of Neuroimmune Pharmacology,CAS 3区
JOURNAL OF NEUROIMMUNOLOGY,CAS 4区
Journal of Neuroinflammation,CAS 1区 Top
Journal of NeuroInterventional Surgery,CAS 2区 Top
JOURNAL OF NEUROLINGUISTICS,SSCI/SCIE/SCI
Journal of Neurological Surgery Part A-Central European Neurosurgery,CAS 4区
Journal of Neurological Surgery Part B-Skull Base,CAS 4区
Journal of Neurological Surgery Reports,CAS 4区
Journal of Neurologic Physical Therapy,CAS 4区
JOURNAL OF NEUROLOGY,CAS 2区
JOURNAL OF NEUROLOGY NEUROSURGERY AND PSYCHIATRY,CAS 1区 Top
Journal of Neuromuscular Diseases,CAS 4区
JOURNAL OF NEURO-ONCOLOGY,CAS 2区
JOURNAL OF NEURO-OPHTHALMOLOGY,CAS 4区
JOURNAL OF NEUROPATHOLOGY AND EXPERIMENTAL NEUROLOGY,CAS 4区
Journal of Neurophysiology,CAS 4区
JOURNAL OF NEUROPSYCHIATRY AND CLINICAL NEUROSCIENCES,CAS 4区
Journal of Neuropsychology,SSCI/SCIE/SCI
JOURNAL OF NEURORADIOLOGY,CAS 3区
Journal of Neurorestoratology,CAS 3区
JOURNAL OF NEUROSCIENCE,CAS 2区 Top
JOURNAL OF NEUROSCIENCE METHODS,CAS 4区
JOURNAL OF NEUROSCIENCE NURSING,SSCI/SCIE/SCI
Journal of Neuroscience Psychology and Economics,CAS 4区
JOURNAL OF NEUROSCIENCE RESEARCH,CAS 4区
Journal of Neurosciences in Rural Practice,CAS 4区
JOURNAL OF NEUROSURGERY,CAS 2区
Journal of Neurosurgery-Case Lessons,Indexed
Journal of Neurosurgery-Pediatrics,CAS 3区
JOURNAL OF NEUROSURGERY-SPINE,CAS 2区
JOURNAL OF NEUROSURGICAL ANESTHESIOLOGY,CAS 3区
Journal of Neurosurgical Sciences,CAS 4区
JOURNAL OF NEUROTRAUMA,CAS 2区
JOURNAL OF NEUROVIROLOGY,CAS 4区
Journal of Neutron Research,CAS 3区
Journal of New Approaches in Educational Research,CAS 1区 Top
JOURNAL OF NEW MATERIALS FOR ELECTROCHEMICAL SYSTEMS,CAS 4区
JOURNAL OF NEW MUSIC RESEARCH,SCIE/SCI/AHCI
Journal of New Technology and Materials,CAS 4区
Journal of New Zealand Studies,CAS 4区
Journal of Nietzsche Studies,CAS 1区 Top
JOURNAL OF NIPPON MEDICAL SCHOOL,CAS 4区
Journal of Noncommutative Geometry,CAS 3区
Journal of Non-Crystalline Solids,CAS 3区
JOURNAL OF NONDESTRUCTIVE EVALUATION,CAS 3区
"Journal of Nondestructive Evaluation, Diagnostics and Prognostics of Engineering Systems",CAS 4区
JOURNAL OF NON-EQUILIBRIUM THERMODYNAMICS,CAS 2区
Journal of Nonlinear and Convex Analysis,CAS 4区
Journal of Nonlinear and Variational Analysis,CAS 2区
JOURNAL OF NONLINEAR COMPLEX AND DATA SCIENCE,Indexed
Journal of Nonlinear Functional Analysis,CAS 4区
JOURNAL OF NONLINEAR MATHEMATICAL PHYSICS,CAS 3区
JOURNAL OF NONLINEAR OPTICAL PHYSICS & MATERIALS,CAS 2区
JOURNAL OF NONLINEAR SCIENCE,CAS 2区
JOURNAL OF NON-NEWTONIAN FLUID MECHANICS,CAS 3区
JOURNAL OF NONPARAMETRIC STATISTICS,CAS 4区
Journal of Nonprofit Education and Leadership,CAS 4区
Journal of Nonprofit & Public Sector Marketing,CAS 4区
JOURNAL OF NONVERBAL BEHAVIOR,CAS 4区
Journal of North African Studies,CAS 3区
Journal of Northwest Semitic Languages,CAS 3区
JOURNAL OF NUCLEAR CARDIOLOGY,CAS 3区
Journal of Nuclear Engineering,Indexed
Journal of Nuclear Engineering and Radiation Science,CAS 4区
Journal of Nuclear Fuel Cycle and Waste Technology,CAS 4区
Journal of Nuclear Materials,CAS 2区
JOURNAL OF NUCLEAR MEDICINE,CAS 1区 Top
Journal of Nuclear Medicine Technology,CAS 4区
JOURNAL OF NUCLEAR SCIENCE AND TECHNOLOGY,CAS 3区
Journal of Nucleic Acids,Indexed
JOURNAL OF NUMBER THEORY,CAS 3区
Journal of Numerical Mathematics,CAS 3区
JOURNAL OF NURSING ADMINISTRATION,SSCI/SCIE/SCI
Journal of Nursing and Midwifery Sciences,CAS 4区
JOURNAL OF NURSING CARE QUALITY,SSCI/SCIE/SCI
JOURNAL OF NURSING EDUCATION,SSCI/SCIE/SCI
Journal of Nursing Management,SSCI/SCIE/SCI
Journal of Nursing Measurement,CAS 4区
Journal of Nursing Regulation,SSCI/SCIE/SCI
Journal of Nursing Research,SSCI/SCIE/SCI
JOURNAL OF NURSING SCHOLARSHIP,SSCI/SCIE/SCI
Journal of Nursology,CAS 4区
Journal of Nusantara Studies-JONUS,CAS 4区
JOURNAL OF NUTRITION,CAS 3区
JOURNAL OF NUTRITIONAL BIOCHEMISTRY,CAS 2区
Journal of Nutritional Science,CAS 4区
JOURNAL OF NUTRITIONAL SCIENCE AND VITAMINOLOGY,CAS 4区
Journal of Nutrition and Metabolism,CAS 4区
JOURNAL OF NUTRITION EDUCATION AND BEHAVIOR,CAS 4区
Journal of Nutrition Health & Aging,CAS 2区
Journal of Obesity,CAS 3区
Journal of Obesity & Metabolic Syndrome,CAS 4区
Journal of Object Technology,CAS 4区
Journal of Obsessive-Compulsive and Related Disorders,SSCI/SCIE/SCI
Journal of Obstetric Anaesthesia and Critical Care,CAS 4区
JOURNAL OF OBSTETRICS AND GYNAECOLOGY,CAS 4区
Journal of Obstetrics and Gynaecology Canada,CAS 4区
JOURNAL OF OBSTETRICS AND GYNAECOLOGY RESEARCH,CAS 4区
Journal of Obstetrics and Gynecology of India,CAS 4区
JOURNAL OF OCCUPATIONAL AND ENVIRONMENTAL HYGIENE,CAS 4区
JOURNAL OF OCCUPATIONAL AND ENVIRONMENTAL MEDICINE,CAS 4区
JOURNAL OF OCCUPATIONAL AND ORGANIZATIONAL PSYCHOLOGY,CAS 2区
JOURNAL OF OCCUPATIONAL HEALTH,CAS 4区
Journal of Occupational Health Psychology,CAS 1区 Top
Journal of Occupational Medicine and Toxicology,CAS 3区
JOURNAL OF OCCUPATIONAL REHABILITATION,CAS 3区
Journal of Occupational Science,CAS 3区
Journal of Occupational Therapy Schools and Early Intervention,CAS 4区
Journal of Ocean Engineering and Marine Energy,CAS 4区
Journal of Ocean Engineering and Science,CAS 1区 Top
JOURNAL OF OCEANOGRAPHY,CAS 4区
Journal of Oceanology and Limnology,CAS 2区
Journal of Ocean University of China,CAS 2区
JOURNAL OF OCULAR PHARMACOLOGY AND THERAPEUTICS,CAS 4区
Journal of Offender Rehabilitation,CAS 4区
Journal of Official Statistics,SSCI/SCIE/SCI
JOURNAL OF OFFSHORE MECHANICS AND ARCTIC ENGINEERING-TRANSACTIONS OF THE ASME,CAS 4区
Journal of Oil Palm Research,CAS 4区
Journal of Oleo Science,CAS 4区
JOURNAL OF ONCOLOGY PHARMACY PRACTICE,CAS 4区
Journal of Open Archaeology Data,CAS 2区
Journal of Open Humanities Data,Indexed
Journal of Operational Meteorology,CAS 4区
Journal of Operational Oceanography,CAS 4区
Journal of Operational Risk,CAS 4区
JOURNAL OF OPERATIONS MANAGEMENT,SSCI/SCIE/SCI
JOURNAL OF OPERATOR THEORY,CAS 3区
Journal of Ophthalmic Inflammation and Infection,CAS 4区
Journal of Ophthalmic & Vision Research,CAS 4区
Journal of Ophthalmology,CAS 4区
Journal of Optical Communications and Networking,CAS 2区
Journal of Optical Microsystems,CAS 4区
JOURNAL OF OPTICAL TECHNOLOGY,CAS 4区
Journal of Optics,CAS 4区
Journal of Optics-India,CAS 4区
JOURNAL OF OPTIMIZATION THEORY AND APPLICATIONS,CAS 3区
Journal of Optoelectronic and Biomedical Materials,CAS 4区
JOURNAL OF OPTOELECTRONICS AND ADVANCED MATERIALS,CAS 4区
Journal of Optometry,CAS 4区
JOURNAL OF ORAL AND MAXILLOFACIAL SURGERY,CAS 3区
Journal of Oral and Maxillofacial Surgery Medicine and Pathology,CAS 4区
Journal of Oral Biosciences,CAS 4区
Journal of Oral & Facial Pain and Headache,CAS 4区
Journal of Oral Health and Oral Epidemiology,CAS 4区
Journal of Oral Implantology,CAS 4区
Journal of Oral Microbiology,CAS 2区
JOURNAL OF ORAL PATHOLOGY & MEDICINE,CAS 3区
JOURNAL OF ORAL REHABILITATION,CAS 2区
Journal of Oral Science,CAS 4区
JOURNAL OF ORGANIC CHEMISTRY,CAS 2区
Journal of Organisational Studies and Innovation,CAS 4区
Journal of Organizational and End User Computing,SSCI/SCIE/SCI
JOURNAL OF ORGANIZATIONAL BEHAVIOR,CAS 1区 Top
JOURNAL OF ORGANIZATIONAL BEHAVIOR MANAGEMENT,CAS 3区
JOURNAL OF ORGANIZATIONAL CHANGE MANAGEMENT,CAS 4区
JOURNAL OF ORGANIZATIONAL COMPUTING AND ELECTRONIC COMMERCE,CAS 4区
Journal of Organizational Effectiveness-People and Performance,CAS 3区
Journal of Organizational Ethnography,CAS 4区
Journal of Organization Design,CAS 4区
Journal of Organometallic Chemistry,CAS 4区
JOURNAL OF ORNITHOLOGY,CAS 3区
Journal of Orofacial Orthopedics-Fortschritte der Kieferorthopadie,CAS 4区
Journal of Orthodontics,CAS 4区
JOURNAL OF ORTHOPAEDIC RESEARCH,CAS 3区
Journal of Orthopaedics,CAS 4区
Journal of Orthopaedics and Traumatology,CAS 2区
JOURNAL OF ORTHOPAEDIC SCIENCE,CAS 4区
JOURNAL OF ORTHOPAEDIC & SPORTS PHYSICAL THERAPY,CAS 2区
Journal of Orthopaedics Trauma and Rehabilitation,CAS 4区
Journal of Orthopaedic Surgery,CAS 4区
Journal of Orthopaedic Surgery and Research,CAS 3区
Journal of Orthopaedic Translation,CAS 1区 Top
JOURNAL OF ORTHOPAEDIC TRAUMA,CAS 3区
JOURNAL OF ORTHOPTERA RESEARCH,CAS 4区
Journal of Osseointegration,CAS 4区
Journal of Osteopathic Medicine,CAS 4区
Journal of Osteoporosis,CAS 4区
Journal of Otolaryngology-Head & Neck Surgery,CAS 3区
Journal of Otology,CAS 3区
Journal of Outdoor and Environmental Education,CAS 4区
Journal of Outdoor Recreation and Tourism-Research Planning and Management,CAS 3区
Journal of Outdoor Recreation Education and Leadership,CAS 4区
Journal of Ovarian Research,CAS 2区
Journal of Ovonic Research,CAS 4区
Journal of Pacific Archaeology,CAS 4区
JOURNAL OF PACIFIC HISTORY,CAS 3区
Journal of Pacific Rim Psychology,CAS 3区
JOURNAL OF PAEDIATRICS AND CHILD HEALTH,CAS 4区
JOURNAL OF PAIN,CAS 2区
JOURNAL OF PAIN AND SYMPTOM MANAGEMENT,CAS 2区
JOURNAL OF PAIN & PALLIATIVE CARE PHARMACOTHERAPY,CAS 4区
Journal of Pain Research,CAS 3区
Journal of Palaeogeography-English,CAS 2区
JOURNAL OF PALEOLIMNOLOGY,CAS 4区
Journal of Paleolithic Archaeology,CAS 1区 Top
JOURNAL OF PALEONTOLOGY,CAS 4区
JOURNAL OF PALESTINE STUDIES,CAS 3区
JOURNAL OF PALLIATIVE CARE,SSCI/SCIE/SCI
JOURNAL OF PALLIATIVE MEDICINE,CAS 3区
Journal of Pancreatology,CAS 4区
JOURNAL OF PARALLEL AND DISTRIBUTED COMPUTING,CAS 3区
JOURNAL OF PARASITOLOGY,CAS 4区
Journal of Parasitology Research,CAS 4区
JOURNAL OF PARENTERAL AND ENTERAL NUTRITION,CAS 3区
Journal of Park and Recreation Administration,CAS 4区
Journal of Parkinsons Disease,CAS 3区
Journal of Partial Differential Equations,CAS 4区
Journal of Pastoral Care & Counseling,CAS 4区
Journal of Pastoral Theology,CAS 4区
JOURNAL OF PATHOLOGY,CAS 2区
Journal of Pathology and Translational Medicine,CAS 4区
Journal of Pathology Clinical Research,CAS 2区
Journal of Patient-Centered Research and Reviews,CAS 4区
Journal of Patient Experience,CAS 4区
Journal of Patient-Reported Outcomes,CAS 3区
Journal of Patient Safety,SSCI/SCIE/SCI
Journal of Patient Safety and Risk Management,CAS 4区
Journal of Peace Education,CAS 4区
JOURNAL OF PEACE RESEARCH,CAS 1区 Top
JOURNAL OF PEASANT STUDIES,CAS 1区 Top
Journal of Pediatric and Adolescent Gynecology,CAS 4区
Journal of Pediatric and Neonatal Individualized Medicine,CAS 4区
Journal of Pediatric Emergency and Intensive Care Medicine,CAS 4区
JOURNAL OF PEDIATRIC ENDOCRINOLOGY & METABOLISM,CAS 4区
Journal of Pediatric Epilepsy,CAS 4区
JOURNAL OF PEDIATRIC GASTROENTEROLOGY AND NUTRITION,CAS 3区
Journal of Pediatric Genetics,CAS 4区
Journal of Pediatric Health Care,SSCI/SCIE/SCI
JOURNAL OF PEDIATRIC HEMATOLOGY ONCOLOGY,CAS 4区
Journal of Pediatric Hematology-Oncology Nursing,SSCI/SCIE/SCI
Journal of Pediatric Infection,CAS 4区
Journal of Pediatric Infectious Diseases,CAS 4区
Journal of Pediatric Intensive Care,CAS 4区
Journal of Pediatric Neurology,CAS 4区
Journal of Pediatric Neuropsychology,CAS 4区
Journal of Pediatric Neurosciences,Indexed
Journal of Pediatric Nursing-Nursing Care of Children & Families,SSCI/SCIE/SCI
JOURNAL OF PEDIATRIC OPHTHALMOLOGY & STRABISMUS,CAS 4区
JOURNAL OF PEDIATRIC ORTHOPAEDICS,CAS 4区
JOURNAL OF PEDIATRIC ORTHOPAEDICS-PART B,CAS 4区
JOURNAL OF PEDIATRIC PSYCHOLOGY,CAS 3区
Journal of Pediatric Rehabilitation Medicine,CAS 4区
Journal of Pediatric Research,CAS 4区
JOURNAL OF PEDIATRICS,CAS 2区 Top
Journal of Pediatrics Review,CAS 4区
Journal of Pediatric Surgery,CAS 2区
Journal of Pediatric Surgery Case Reports,CAS 4区
Journal of Pediatric Surgery Open,Indexed
Journal of Pediatric Urology,CAS 3区
Journal of Peer Learning,CAS 4区
Journal of Penal Law and Criminology-Ceza Hukuku ve Kriminoloji Dergisi,CAS 4区
Journal of Pension Economics & Finance,CAS 4区
Journal of Pentecostal Theology,CAS 3区
JOURNAL OF PEPTIDE SCIENCE,CAS 4区
JOURNAL OF PERFORMANCE OF CONSTRUCTED FACILITIES,CAS 4区
Journal of PeriAnesthesia Nursing,SSCI/SCIE/SCI
Journal of Perinatal Education,CAS 4区
JOURNAL OF PERINATAL MEDICINE,CAS 4区
JOURNAL OF PERINATAL & NEONATAL NURSING,SSCI/SCIE/SCI
Journal of Perinatology,CAS 3区
Journal of Periodontal and Implant Science,CAS 4区
JOURNAL OF PERIODONTAL RESEARCH,CAS 3区
JOURNAL OF PERIODONTOLOGY,CAS 2区 Top
Journal of Perioperative Practice,CAS 4区
Journal of Persianate Studies,CAS 3区
JOURNAL OF PERSONALITY,CAS 2区 Top
JOURNAL OF PERSONALITY AND SOCIAL PSYCHOLOGY,CAS 1区 Top
JOURNAL OF PERSONALITY ASSESSMENT,CAS 3区
JOURNAL OF PERSONALITY DISORDERS,CAS 3区
Journal of Personal Selling & Sales Management,CAS 3区
Journal of Personnel Psychology,CAS 4区
JOURNAL OF PESTICIDE SCIENCE,CAS 4区
JOURNAL OF PEST SCIENCE,CAS 1区 Top
Journal of Petroleum Exploration and Production Technology,CAS 4区
JOURNAL OF PETROLEUM GEOLOGY,CAS 4区
JOURNAL OF PETROLEUM SCIENCE AND ENGINEERING,CAS 2区 Top
JOURNAL OF PETROLOGY,CAS 2区
Journal of Pharmaceutical Analysis,CAS 1区 Top
Journal of Pharmaceutical and Biomedical Analysis,CAS 3区
Journal of Pharmaceutical Health Care and Sciences,CAS 4区
Journal of Pharmaceutical Health Services Research,CAS 4区
Journal of Pharmaceutical Innovation,CAS 4区
Journal of Pharmaceutical Investigation,CAS 3区
Journal of Pharmaceutical Policy and Practice,CAS 3区
JOURNAL OF PHARMACEUTICAL SCIENCES,CAS 3区
JOURNAL OF PHARMACOKINETICS AND PHARMACODYNAMICS,CAS 4区
JOURNAL OF PHARMACOLOGICAL AND TOXICOLOGICAL METHODS,CAS 4区
Journal of Pharmacological Sciences,CAS 4区
JOURNAL OF PHARMACOLOGY AND EXPERIMENTAL THERAPEUTICS,CAS 3区
Journal of Pharmacology & Pharmacotherapeutics,CAS 4区
Journal of Pharmacopuncture,CAS 4区
Journal of Pharmacy and Bioallied Sciences,CAS 4区
JOURNAL OF PHARMACY AND PHARMACEUTICAL SCIENCES,CAS 4区
JOURNAL OF PHARMACY AND PHARMACOLOGY,CAS 4区
Journal of Pharmacy & Pharmacognosy Research,CAS 4区
JOURNAL OF PHARMACY PRACTICE,CAS 4区
JOURNAL OF PHARMACY PRACTICE AND RESEARCH,CAS 4区
JOURNAL OF PHARMACY TECHNOLOGY,CAS 4区
JOURNAL OF PHASE EQUILIBRIA AND DIFFUSION,CAS 4区
JOURNAL OF PHILANTHROPY,Indexed
Journal of Philanthropy and Marketing,CAS 4区
Journal of Philosophical Economics,CAS 4区
JOURNAL OF PHILOSOPHICAL LOGIC,CAS 2区 Top
Journal of Philosophical Research,CAS 4区
JOURNAL OF PHILOSOPHY,CAS 1区 Top
JOURNAL OF PHILOSOPHY OF EDUCATION,CAS 4区
JOURNAL OF PHONETICS,SSCI/SCI/AHCI
JOURNAL OF PHOTOCHEMISTRY AND PHOTOBIOLOGY A-CHEMISTRY,CAS 2区
JOURNAL OF PHOTOCHEMISTRY AND PHOTOBIOLOGY B-BIOLOGY,CAS 2区
JOURNAL OF PHOTOCHEMISTRY AND PHOTOBIOLOGY C-PHOTOCHEMISTRY REVIEWS,CAS 1区 Top
Journal of Photonics for Energy,CAS 4区
JOURNAL OF PHOTOPOLYMER SCIENCE AND TECHNOLOGY,CAS 4区
JOURNAL OF PHYCOLOGY,CAS 3区
Journal of Physical Activity & Health,CAS 4区
JOURNAL OF PHYSICAL AND CHEMICAL REFERENCE DATA,CAS 1区 Top
JOURNAL OF PHYSICAL CHEMISTRY A,CAS 2区
JOURNAL OF PHYSICAL CHEMISTRY B,CAS 2区
Journal of Physical Chemistry C,CAS 3区
Journal of Physical Chemistry Letters,CAS 2区 Top
Journal of Physical Education Recreation and Dance,CAS 4区
JOURNAL OF PHYSICAL OCEANOGRAPHY,CAS 3区
JOURNAL OF PHYSICAL ORGANIC CHEMISTRY,CAS 4区
Journal of Physical Science,CAS 4区
Journal of Physical Studies,CAS 4区
Journal of Physics A-Mathematical and Theoretical,CAS 3区
JOURNAL OF PHYSICS AND CHEMISTRY OF SOLIDS,CAS 3区
JOURNAL OF PHYSICS B-ATOMIC MOLECULAR AND OPTICAL PHYSICS,CAS 3区
Journal of Physics Communications,CAS 4区
Journal of Physics-Complexity,CAS 2区
JOURNAL OF PHYSICS-CONDENSED MATTER,CAS 4区
JOURNAL OF PHYSICS D-APPLIED PHYSICS,CAS 3区
Journal of Physics-Energy,CAS 4区
JOURNAL OF PHYSICS G-NUCLEAR AND PARTICLE PHYSICS,CAS 3区
Journal of Physics-Materials,CAS 3区
Journal of Physics-Photonics,CAS 3区
Journal of Physiological Anthropology,CAS 3区
Journal of Physiological Investigation,Indexed
Journal of Physiological Sciences,CAS 4区
Journal of Physiology,Indexed
JOURNAL OF PHYSIOLOGY AND BIOCHEMISTRY,CAS 3区
JOURNAL OF PHYSIOLOGY AND PHARMACOLOGY,CAS 4区
JOURNAL OF PHYSIOLOGY-LONDON,CAS 2区
Journal of Physiotherapy,CAS 1区 Top
JOURNAL OF PHYTOPATHOLOGY,CAS 4区
JOURNAL OF PIDGIN AND CREOLE LANGUAGES,SSCI/SCI/AHCI
JOURNAL OF PINEAL RESEARCH,CAS 1区 Top
Journal of Pioneering Medical Sciences,CAS 4区
Journal of Pipeline Science and Engineering,CAS 2区
Journal of Pipeline Systems Engineering and Practice,CAS 4区
Journal of Place Management and Development,CAS 4区
JOURNAL OF PLANKTON RESEARCH,CAS 3区
JOURNAL OF PLANNING EDUCATION AND RESEARCH,CAS 3区
Journal of Planning History,CAS 4区
JOURNAL OF PLANNING LITERATURE,CAS 2区
JOURNAL OF PLANT BIOCHEMISTRY AND BIOTECHNOLOGY,CAS 4区
JOURNAL OF PLANT BIOLOGY,CAS 4区
Journal of Plant Diseases and Protection,CAS 3区
Journal of Plant Ecology,CAS 1区 Top
JOURNAL OF PLANT GROWTH REGULATION,CAS 3区
Journal of Plant Interactions,CAS 4区
JOURNAL OF PLANT NUTRITION,CAS 4区
JOURNAL OF PLANT NUTRITION AND SOIL SCIENCE,CAS 3区
JOURNAL OF PLANT PATHOLOGY,CAS 4区
JOURNAL OF PLANT PHYSIOLOGY,CAS 2区
JOURNAL OF PLANT PROTECTION RESEARCH,CAS 4区
Journal of Plant Registrations,CAS 4区
JOURNAL OF PLANT RESEARCH,CAS 3区
JOURNAL OF PLASMA PHYSICS,CAS 3区
Journal of Plastic and Reconstructive Surgery,Indexed
JOURNAL OF PLASTIC FILM & SHEETING,CAS 4区
Journal of Plastic Reconstructive and Aesthetic Surgery,CAS 3区
Journal of Plastic Surgery and Hand Surgery,CAS 4区
Journal of Poetry Therapy,CAS 3区
Journal of Police and Criminal Psychology,CAS 4区
JOURNAL OF POLICY ANALYSIS AND MANAGEMENT,CAS 3区
Journal of Policy and Practice in Intellectual Disabilities,CAS 3区
Journal of Policy History,SSCI/SCI/AHCI
JOURNAL OF POLICY MODELING,CAS 2区
Journal of Policy Research in Tourism Leisure and Events,CAS 4区
Journal of Politeness Research-Language Behaviour Culture,SSCI/SCI/AHCI
Journal of Political Ecology,CAS 3区
JOURNAL OF POLITICAL ECONOMY,CAS 1区 Top
JOURNAL OF POLITICAL IDEOLOGIES,CAS 4区
Journal of Political Marketing,CAS 3区
JOURNAL OF POLITICAL PHILOSOPHY,CAS 1区 Top
Journal of Political Power,CAS 3区
Journal of Political Science Education,CAS 4区
JOURNAL OF POLITICS,CAS 1区 Top
Journal of Politics in Latin America,CAS 2区
Journal of Polymer & Composites,CAS 4区
JOURNAL OF POLYMER ENGINEERING,CAS 4区
JOURNAL OF POLYMER MATERIALS,CAS 4区
JOURNAL OF POLYMER RESEARCH,CAS 4区
JOURNAL OF POLYMERS AND THE ENVIRONMENT,CAS 3区
JOURNAL OF POLYMER SCIENCE,CAS 3区
Journal of Polytechnic-Politeknik Dergisi,CAS 4区
JOURNAL OF POPULAR CULTURE,SSCI/SCI/AHCI
JOURNAL OF POPULAR FILM AND TELEVISION,CAS 2区
Journal of Popular Music Studies,CAS 3区
Journal of Popular Television,CAS 2区
Journal of Population Ageing,CAS 4区
JOURNAL OF POPULATION ECONOMICS,CAS 2区
JOURNAL OF POPULATION RESEARCH,CAS 4区
JOURNAL OF POROUS MATERIALS,CAS 4区
JOURNAL OF POROUS MEDIA,CAS 4区
JOURNAL OF PORPHYRINS AND PHTHALOCYANINES,CAS 4区
JOURNAL OF PORTFOLIO MANAGEMENT,CAS 4区
Journal of Portuguese Linguistics,CAS 4区
JOURNAL OF POSITIVE BEHAVIOR INTERVENTIONS,CAS 4区
Journal of Positive Psychology,CAS 2区
Journal of Postcolonial Writing,CAS 3区
Journal of Postgraduate Medicine,CAS 4区
Journal of Posthuman Studies-Philosophy Technology Media,CAS 4区
JOURNAL OF POST KEYNESIAN ECONOMICS,CAS 4区
Journal of Postsecondary Education and Disability,CAS 4区
Journal of Postsecondary Student Success,Indexed
JOURNAL OF POULTRY SCIENCE,CAS 3区
Journal of Poverty,CAS 4区
Journal of Poverty and Social Justice,CAS 4区
Journal of Power Electronics,CAS 4区
JOURNAL OF POWER SOURCES,CAS 3区
Journal of Power Sources Advances,CAS 3区
Journal of Power Technologies,CAS 4区
Journal of Practical Ethics,CAS 3区
JOURNAL OF PRAGMATICS,SSCI/SCI/AHCI
Journal of Pregnancy,CAS 3区
JOURNAL OF PRE-RAPHAELITE STUDIES-NEW SERIES,CAS 4区
JOURNAL OF PRESBYTERIAN HISTORY,Indexed
JOURNAL OF PRESSURE VESSEL TECHNOLOGY-TRANSACTIONS OF THE ASME,CAS 4区
Journal of Prevention,CAS 4区
Journal of Prevention & Intervention in the Community,CAS 4区
Journal of Preventive Medicine & Public Health,CAS 4区
Journal of Primary Care and Community Health,CAS 4区
Journal of Primary Health Care,CAS 4区
Journal of Print and Media Technology Research,CAS 4区
Journal of Prison Education and Reentry,CAS 4区
Journal of Private Enterprise,CAS 4区
Journal of Private International Law,CAS 4区
Journal of Probability and Statistics,CAS 4区
JOURNAL OF PROCESS CONTROL,CAS 3区
Journal of Product and Brand Management,CAS 2区
JOURNAL OF PRODUCT INNOVATION MANAGEMENT,SSCI/SCIE/SCI
JOURNAL OF PRODUCTIVITY ANALYSIS,CAS 3区
Journal of Professional Capital and Community,CAS 3区
JOURNAL OF PROFESSIONAL NURSING,SSCI/SCIE/SCI
Journal of Professions and Organization,CAS 4区
Journal of Progressive Human Services,CAS 3区
Journal of Project Management,CAS 4区
Journal of Property Investment & Finance,CAS 4区
Journal of Property Planning and Environmental Law,CAS 4区
Journal of Property Research,CAS 4区
JOURNAL OF PROPULSION AND POWER,CAS 4区
JOURNAL OF PROSTHETIC DENTISTRY,CAS 3区
JOURNAL OF PROSTHETICS AND ORTHOTICS,CAS 4区
Journal of Prosthodontic Research,CAS 3区
Journal of Prosthodontics-Implant Esthetic and Reconstructive Dentistry,CAS 3区
JOURNAL OF PROTEOME RESEARCH,CAS 2区
Journal of Proteomics,CAS 3区
Journal of Pseudo-Differential Operators and Applications,CAS 4区
Journal of Psychedelic Studies,CAS 4区
Journal of Psychiatric and Mental Health Nursing,SSCI/SCIE/SCI
Journal of Psychiatric Nursing,CAS 4区
Journal of Psychiatric Practice,CAS 4区
JOURNAL OF PSYCHIATRIC RESEARCH,SSCI/SCIE/SCI
JOURNAL OF PSYCHIATRY & NEUROSCIENCE,SSCI/SCIE/SCI
JOURNAL OF PSYCHOACTIVE DRUGS,CAS 4区
JOURNAL OF PSYCHOEDUCATIONAL ASSESSMENT,CAS 4区
JOURNAL OF PSYCHOLINGUISTIC RESEARCH,CAS 2区
Journal of Psychological and Educational Research,CAS 4区
Journal of Psychologists and Counsellors in Schools,CAS 4区
JOURNAL OF PSYCHOLOGY,CAS 3区
JOURNAL OF PSYCHOLOGY AND THEOLOGY,SSCI/SCI/AHCI
Journal of Psychology in Africa,CAS 4区
Journal of Psychopathology,CAS 4区
JOURNAL OF PSYCHOPATHOLOGY AND BEHAVIORAL ASSESSMENT,CAS 4区
Journal of Psychopathology and Clinical Science,CAS 1区 Top
JOURNAL OF PSYCHOPHARMACOLOGY,CAS 3区
JOURNAL OF PSYCHOPHYSIOLOGY,SSCI/SCIE/SCI
JOURNAL OF PSYCHOSOCIAL NURSING AND MENTAL HEALTH SERVICES,SSCI/SCIE/SCI
JOURNAL OF PSYCHOSOCIAL ONCOLOGY,CAS 4区
Journal of Psychosocial Oncology Research and Practice,Indexed
Journal of Psychosocial Studies,CAS 4区
Journal of Psychosomatic Obstetrics & Gynecology,SSCI/SCIE/SCI
JOURNAL OF PSYCHOSOMATIC RESEARCH,SSCI/SCIE/SCI
JOURNAL OF PSYCHOTHERAPY INTEGRATION,CAS 3区
JOURNAL OF PUBLIC ADMINISTRATION RESEARCH AND THEORY,CAS 1区 Top
Journal of Public Affairs,CAS 4区
JOURNAL OF PUBLIC AFFAIRS EDUCATION,CAS 2区
Journal of Public and Nonprofit Affairs,CAS 4区
Journal of Public Budgeting Accounting & Financial Management,CAS 3区
Journal of Public Child Welfare,CAS 4区
JOURNAL OF PUBLIC ECONOMICS,CAS 1区 Top
Journal of Public Economic Theory,CAS 4区
Journal of Public Finance and Public Choice,CAS 4区
JOURNAL OF PUBLIC HEALTH,SSCI/SCIE/SCI
Journal of Public Health and Emergency,Indexed
JOURNAL OF PUBLIC HEALTH DENTISTRY,CAS 3区
Journal of Public Health-Heidelberg,CAS 4区
Journal of Public Health in Africa,CAS 4区
JOURNAL OF PUBLIC HEALTH MANAGEMENT AND PRACTICE,CAS 4区
JOURNAL OF PUBLIC HEALTH POLICY,SSCI/SCIE/SCI
Journal of Public Health Research,CAS 4区
Journal of Public Mental Health,CAS 4区
Journal of Public Policy,CAS 3区
JOURNAL OF PUBLIC POLICY & MARKETING,CAS 3区
Journal of Public Procurement,CAS 4区
Journal of Public Relations Research,CAS 1区 Top
Journal of Public Transportation,CAS 3区
Journal of Purchasing and Supply Management,CAS 2区
JOURNAL OF PURE AND APPLIED ALGEBRA,CAS 3区
Journal of Pure and Applied Microbiology,CAS 4区
Journal of Qualitative Research in Education-Egitimde Nitel Arastirmalar Dergisi,CAS 4区
Journal of Quality Assurance in Hospitality & Tourism,CAS 4区
Journal of Quality in Maintenance Engineering,CAS 4区
Journal of Quality Measurement and Analysis,Indexed
JOURNAL OF QUALITY TECHNOLOGY,CAS 2区
Journal of Quantitative Analysis in Sports,CAS 4区
JOURNAL OF QUANTITATIVE CRIMINOLOGY,CAS 2区
JOURNAL OF QUANTITATIVE ECONOMICS,CAS 4区
Journal of Quantitative Linguistics,SSCI/SCI/AHCI
JOURNAL OF QUANTITATIVE SPECTROSCOPY & RADIATIVE TRANSFER,CAS 3区
JOURNAL OF QUATERNARY SCIENCE,CAS 3区
Journal of Quranic Studies,CAS 3区
Journal of Race Ethnicity and Politics,Indexed
Journal of Racial and Ethnic Health Disparities,CAS 3区
Journal of Radiation Protection and Research,CAS 4区
JOURNAL OF RADIATION RESEARCH,CAS 4区
Journal of Radiation Research and Applied Sciences,CAS 4区
JOURNAL OF RADIOANALYTICAL AND NUCLEAR CHEMISTRY,CAS 3区
Journal of Radio & Audio Media,CAS 2区
JOURNAL OF RADIOLOGICAL PROTECTION,CAS 4区
Journal of Radiology Case Reports,CAS 4区
Journal of Radiosurgery and SBRT,CAS 4区
Journal of Radiotherapy in Practice,CAS 4区
Journal of Rail Transport Planning & Management,CAS 3区
Journal of Rajasthan Academy of Physical Sciences,CAS 4区
JOURNAL OF RAMAN SPECTROSCOPY,CAS 3区
JOURNAL OF RAPTOR RESEARCH,CAS 4区
JOURNAL OF RARE EARTHS,CAS 1区 Top
Journal of Rational-Emotive and Cognitive-Behavior Therapy,CAS 4区
JOURNAL OF REAL ESTATE FINANCE AND ECONOMICS,CAS 4区
Journal of Real Estate Research,CAS 4区
Journal of Real-Time Image Processing,CAS 4区
JOURNAL OF RECEPTORS AND SIGNAL TRANSDUCTION,CAS 4区
JOURNAL OF RECONSTRUCTIVE MICROSURGERY,CAS 2区
Journal of Reformed Theology,CAS 4区
JOURNAL OF REFRACTIVE SURGERY,CAS 2区
Journal of Refugee Studies,CAS 3区
Journal of Regional and City Planning,CAS 4区
JOURNAL OF REGIONAL SCIENCE,CAS 2区
JOURNAL OF REGULATORY ECONOMICS,CAS 4区
Journal of Rehabilitation and Assistive Technologies Engineering,CAS 4区
JOURNAL OF REHABILITATION MEDICINE,CAS 4区
JOURNAL OF REINFORCED PLASTICS AND COMPOSITES,CAS 4区
Journal of Reliability and Statistical Studies,CAS 4区
JOURNAL OF RELIGION,CAS 3区
Journal of Religion and Popular Culture,CAS 4区
JOURNAL OF RELIGION AND SPIRITUALITY IN SOCIAL WORK,CAS 4区
JOURNAL OF RELIGION & HEALTH,SSCI/SCI/AHCI
JOURNAL OF RELIGION IN AFRICA,CAS 3区
Journal of Religion in Europe,CAS 3区
Journal of Religion in Japan,CAS 1区 Top
Journal of Religion Media and Digital Culture,CAS 3区
Journal of Religion Spirituality & Aging,CAS 4区
Journal of Religious Education,CAS 2区
JOURNAL OF RELIGIOUS ETHICS,CAS 3区
JOURNAL OF RELIGIOUS HISTORY,CAS 3区
Journal of Remote Sensing,CAS 1区 Top
Journal of Renal Care,SSCI/SCIE/SCI
Journal of Renal Injury Prevention,CAS 4区
JOURNAL OF RENAL NUTRITION,CAS 2区
Journal of Renewable and Sustainable Energy,CAS 4区
Journal of Reports in Pharmaceutical Sciences,CAS 4区
JOURNAL OF REPRODUCTION AND DEVELOPMENT,CAS 3区
JOURNAL OF REPRODUCTIVE AND INFANT PSYCHOLOGY,CAS 4区
JOURNAL OF REPRODUCTIVE IMMUNOLOGY,CAS 3区
Journal of Research Administration,CAS 4区
Journal of Research in Applied Linguistics,CAS 2区
Journal of Research in Childhood Education,CAS 4区
JOURNAL OF RESEARCH IN CRIME AND DELINQUENCY,CAS 1区 Top
Journal of Research in Education Sciences,CAS 4区
Journal of Research in Health Sciences,CAS 4区
Journal of Research in Interactive Marketing,CAS 2区
Journal of Research in International Education,CAS 4区
Journal of Research in Marketing and Entrepreneurship,CAS 4区
Journal of Research in Medical Sciences,CAS 4区
JOURNAL OF RESEARCH IN MUSIC EDUCATION,SSCI/SCI/AHCI
Journal of Research in Nursing,CAS 4区
JOURNAL OF RESEARCH IN PERSONALITY,CAS 2区
Journal of Research in Pharmacy,CAS 4区
Journal of Research in Pharmacy Practice,CAS 4区
JOURNAL OF RESEARCH IN READING,CAS 3区
JOURNAL OF RESEARCH IN SCIENCE TEACHING,CAS 1区 Top
Journal of Research in Special Educational Needs,CAS 4区
JOURNAL OF RESEARCH OF THE NATIONAL INSTITUTE OF STANDARDS AND TECHNOLOGY,CAS 4区
JOURNAL OF RESEARCH ON ADOLESCENCE,CAS 2区 Top
Journal of Research on Educational Effectiveness,CAS 4区
Journal of Research on Leadership Education,CAS 4区
Journal of Research on Technology in Education,CAS 3区
Journal of Responsible Innovation,CAS 1区 Top
JOURNAL OF RETAILING,CAS 2区
Journal of Retailing and Consumer Services,CAS 1区 Top
Journal of Revenue and Pricing Management,CAS 4区
JOURNAL OF RHEOLOGY,CAS 3区
Journal of Rheumatic Diseases,CAS 4区
JOURNAL OF RHEUMATOLOGY,CAS 3区
Journal of Risk,CAS 4区
JOURNAL OF RISK AND INSURANCE,CAS 2区
JOURNAL OF RISK AND UNCERTAINTY,CAS 3区
Journal of Risk Finance,CAS 3区
Journal of Risk Model Validation,CAS 4区
JOURNAL OF RISK RESEARCH,CAS 4区
Journal of Road Engineering,CAS 4区
Journal of Road Safety-JRS,CAS 4区
Journal of Robotics,CAS 4区
Journal of Robotics and Mechatronics,CAS 4区
Journal of Robotics Networking and Artificial Life,CAS 4区
Journal of Robotic Surgery,CAS 3区
Journal of Rock Mechanics and Geotechnical Engineering,CAS 1区 Top
Journal of Roman Archaeology,CAS 2区
Journal of Romance Studies,CAS 4区
JOURNAL OF ROMAN STUDIES,CAS 1区 Top
Journal of Rubber Research,CAS 4区
Journal of Rural and Community Development,CAS 4区
JOURNAL OF RURAL HEALTH,SSCI/SCIE/SCI
Journal of Rural Studies,CAS 1区 Top
JOURNAL OF RUSSIAN LASER RESEARCH,CAS 4区
JOURNAL OF SAFETY RESEARCH,CAS 2区
Journal of Safety Science and Resilience,CAS 2区
JOURNAL OF SANDWICH STRUCTURES & MATERIALS,CAS 3区
Journal of Saudi Chemical Society,CAS 2区
Journal of Scandinavian Cinema,CAS 3区
JOURNAL OF SCHEDULING,CAS 4区
JOURNAL OF SCHOLARLY PUBLISHING,SSCI/SCI/AHCI
JOURNAL OF SCHOOL HEALTH,SSCI/SCIE/SCI
Journal of School Nursing,SSCI/SCIE/SCI
JOURNAL OF SCHOOL PSYCHOLOGY,CAS 1区 Top
Journal of School Violence,CAS 3区
Journal of Science-Advanced Materials and Devices,CAS 2区
Journal of Science and Arts,CAS 4区
JOURNAL OF SCIENCE AND MEDICINE IN SPORT,CAS 2区
Journal of Science and Technology of the Arts,CAS 3区
Journal of Science and Technology Policy Management,CAS 4区
Journal of Science Education and Technology,SSCI/SCIE/SCI
Journal of Science in Sport and Exercise,CAS 4区
Journal of Science Teacher Education,CAS 3区
JOURNAL OF SCIENTIFIC COMPUTING,CAS 2区
JOURNAL OF SCIENTIFIC & INDUSTRIAL RESEARCH,CAS 4区
Journal of Scientometric Research,CAS 4区
Journal of Scleroderma and Related Disorders,CAS 4区
Journal of Scottish Historical Studies,CAS 4区
Journal of Scottish Philosophy,CAS 3区
Journal of Screenwriting,CAS 2区
JOURNAL OF SEA RESEARCH,CAS 3区
Journal of Second Language Pronunciation,Indexed
Journal of Second Language Studies,CAS 4区
JOURNAL OF SECOND LANGUAGE WRITING,CAS 1区 Top
Journal of Sedimentary Environments,CAS 4区
JOURNAL OF SEDIMENTARY RESEARCH,CAS 3区
Journal of Seed Science,CAS 4区
JOURNAL OF SEISMIC EXPLORATION,CAS 4区
JOURNAL OF SEISMOLOGY,CAS 4区
Journal of Semantics,SSCI/SCI/AHCI
Journal of Semiconductors,CAS 3区
Journal of Semiconductor Technology and Science,CAS 4区
JOURNAL OF SEMITIC STUDIES,CAS 3区
Journal of Sensor and Actuator Networks,CAS 4区
Journal of Sensors,CAS 4区
Journal of Sensors and Sensor Systems,CAS 4区
JOURNAL OF SENSORY STUDIES,CAS 4区
JOURNAL OF SEPARATION SCIENCE,CAS 3区
Journal of Service Management,CAS 3区
JOURNAL OF SERVICE RESEARCH,CAS 2区
Journal of Services Marketing,CAS 3区
Journal of Service Theory and Practice,CAS 3区
Journal of Settlements and Spatial Planning,CAS 4区
JOURNAL OF SEX & MARITAL THERAPY,CAS 3区
JOURNAL OF SEX RESEARCH,CAS 2区
Journal of Sexual Aggression,CAS 3区
Journal of Sexual Medicine,CAS 2区
JOURNAL OF SHELLFISH RESEARCH,CAS 4区
Journal of Shia Islamic Studies,Indexed
Journal of Ship Production and Design,CAS 4区
JOURNAL OF SHIP RESEARCH,CAS 4区
JOURNAL OF SHOULDER AND ELBOW SURGERY,CAS 2区 Top
Journal of Siberian Federal University-Chemistry,CAS 4区
Journal of Siberian Federal University-Mathematics & Physics,CAS 4区
Journal of Signal Processing Systems for Signal Image and Video Technology,CAS 4区
Journal of Simulation,CAS 4区
Journal of Singularities,CAS 4区
Journal of Skin Cancer,CAS 4区
Journal of Slavic Linguistics,CAS 4区
JOURNAL OF SLEEP RESEARCH,CAS 3区
JOURNAL OF SMALL ANIMAL PRACTICE,CAS 2区
Journal of Small Business and Enterprise Development,CAS 4区
JOURNAL OF SMALL BUSINESS MANAGEMENT,CAS 2区
Journal of Smoking Cessation,CAS 4区
JOURNAL OF SOCIAL AND CLINICAL PSYCHOLOGY,CAS 4区
Journal of Social and Economic Development,CAS 4区
JOURNAL OF SOCIAL AND PERSONAL RELATIONSHIPS,CAS 3区
Journal of Social and Political Psychology,CAS 3区
JOURNAL OF SOCIAL ARCHAEOLOGY,SSCI/SCI/AHCI
Journal of Social Computing,Indexed
Journal of Social Distress and the Homeless,CAS 4区
Journal of Social Entrepreneurship,CAS 4区
JOURNAL OF SOCIAL HISTORY,SSCI/SCI/AHCI
JOURNAL OF SOCIAL ISSUES,CAS 1区 Top
Journal of Social Marketing,CAS 4区
Journal of Social Philosophy,SSCI/SCI/AHCI
JOURNAL OF SOCIAL POLICY,CAS 3区
Journal of Social Policy Studies,CAS 4区
JOURNAL OF SOCIAL PSYCHOLOGY,CAS 4区
JOURNAL OF SOCIAL SERVICE RESEARCH,CAS 4区
JOURNAL OF SOCIAL WELFARE AND FAMILY LAW,CAS 4区
Journal of Social Work,CAS 4区
JOURNAL OF SOCIAL WORK EDUCATION,CAS 4区
Journal of Social Work Education and Practice,CAS 4区
Journal of Social Work in End-of-Life & Palliative Care,CAS 4区
JOURNAL OF SOCIAL WORK PRACTICE,CAS 4区
Journal of Social Work Practice in the Addictions,CAS 4区
JOURNAL OF SOCIOLINGUISTICS,CAS 2区 Top
JOURNAL OF SOCIOLOGY,CAS 3区
Journal of Software-Evolution and Process,CAS 4区
JOURNAL OF SOIL AND WATER CONSERVATION,CAS 4区
JOURNAL OF SOILS AND SEDIMENTS,CAS 3区
Journal of Soil Science and Plant Nutrition,CAS 3区
JOURNAL OF SOLAR ENERGY ENGINEERING-TRANSACTIONS OF THE ASME,CAS 4区
JOURNAL OF SOL-GEL SCIENCE AND TECHNOLOGY,CAS 4区
JOURNAL OF SOLID STATE CHEMISTRY,CAS 3区
JOURNAL OF SOLID STATE ELECTROCHEMISTRY,CAS 4区
JOURNAL OF SOLUTION CHEMISTRY,CAS 3区
Journal of Song-Yuan Studies,CAS 3区
JOURNAL OF SOUND AND VIBRATION,CAS 2区
JOURNAL OF SOUTH AMERICAN EARTH SCIENCES,CAS 4区
Journal of South Architecture,Indexed
Journal of South Asian Development,CAS 4区
Journal of Southeast Asian Economies,CAS 4区
JOURNAL OF SOUTHEAST ASIAN STUDIES,SSCI/SCI/AHCI
JOURNAL OF SOUTHERN AFRICAN STUDIES,CAS 3区
Journal of Southern Hemisphere Earth Systems Science,CAS 3区
JOURNAL OF SOUTHERN HISTORY,CAS 2区
JOURNAL OF SPACECRAFT AND ROCKETS,CAS 4区
Journal of Space Safety Engineering,CAS 4区
Journal of Space Weather and Space Climate,CAS 2区
Journal of Spanish Cultural Studies,SSCI/SCI/AHCI
Journal of Spatial Information Science,CAS 4区
Journal of Spatial Science,CAS 4区
JOURNAL OF SPECIAL EDUCATION,CAS 4区
Journal of Special Education Technology,CAS 4区
Journal of Specialised Translation,SSCI/SCI/AHCI
Journal of Spectral Theory,CAS 2区
Journal of Spectroscopy,CAS 3区
Journal of Speculative Philosophy,CAS 4区
JOURNAL OF SPEECH LANGUAGE AND HEARING RESEARCH,SSCI/SCIE/SCI
JOURNAL OF SPINAL CORD MEDICINE,CAS 4区
Journal of Spiritual Formation and Soul Care,CAS 4区
Journal of Spirituality in Mental Health,CAS 4区
Journal of Sport and Health Research,CAS 4区
Journal of Sport and Health Science,SSCI/SCIE/SCI
JOURNAL OF SPORT & EXERCISE PSYCHOLOGY,SSCI/SCIE/SCI
Journal of Sport for Development,CAS 4区
JOURNAL OF SPORT MANAGEMENT,SSCI/SCIE/SCI
Journal of Sport Psychology in Action,CAS 4区
Journal of Sport Rehabilitation,CAS 4区
Journal of Sports Analytics,CAS 4区
Journal of Sports Economics,CAS 4区
JOURNAL OF SPORTS MEDICINE AND PHYSICAL FITNESS,CAS 4区
JOURNAL OF SPORT & SOCIAL ISSUES,CAS 3区
Journal of Sports Science and Medicine,CAS 3区
JOURNAL OF SPORTS SCIENCES,CAS 3区
JOURNAL OF STATISTICAL COMPUTATION AND SIMULATION,CAS 4区
JOURNAL OF STATISTICAL MECHANICS-THEORY AND EXPERIMENT,CAS 3区
JOURNAL OF STATISTICAL PHYSICS,CAS 3区
Journal of Statistical Planning and Inference,CAS 4区
Journal of Statistical Software,CAS 2区
Journal of Statistical Theory and Applications,CAS 4区
Journal of Statistical Theory and Practice,CAS 4区
Journal of Statistics and Data Science Education,CAS 4区
Journal of Stem Cells & Regenerative Medicine,CAS 4区
JOURNAL OF STEROID BIOCHEMISTRY AND MOLECULAR BIOLOGY,CAS 2区
Journal of Stomatology Oral and Maxillofacial Surgery,CAS 4区
JOURNAL OF STORED PRODUCTS RESEARCH,CAS 2区
JOURNAL OF STRAIN ANALYSIS FOR ENGINEERING DESIGN,CAS 4区
JOURNAL OF STRATEGIC INFORMATION SYSTEMS,SSCI/SCIE/SCI
Journal of Strategic Marketing,CAS 3区
JOURNAL OF STRATEGIC STUDIES,CAS 3区
Journal of Strategy and Management,CAS 4区
JOURNAL OF STRENGTH AND CONDITIONING RESEARCH,CAS 2区
Journal of Stroke,CAS 1区 Top
Journal of Stroke & Cerebrovascular Diseases,CAS 4区
JOURNAL OF STRUCTURAL BIOLOGY,CAS 3区
Journal of Structural Biology-X,CAS 2区
JOURNAL OF STRUCTURAL CHEMISTRY,CAS 4区
JOURNAL OF STRUCTURAL DESIGN AND CONSTRUCTION PRACTICE,Indexed
JOURNAL OF STRUCTURAL ENGINEERING,CAS 3区
Journal of Structural Fire Engineering,CAS 4区
JOURNAL OF STRUCTURAL GEOLOGY,CAS 3区
Journal of Structural Integrity and Maintenance,CAS 3区
Journal of Structured Finance,CAS 4区
Journal of Student Affairs Research and Practice,CAS 4区
Journal of Student Financial Aid,CAS 4区
Journal of Studies in International Education,CAS 2区
Journal of Studies on Alcohol and Drugs,SSCI/SCIE/SCI
Journal of Substance Use,CAS 4区
Journal of Substance Use & Addiction Treatment,CAS 2区
Journal of Sufi Studies,CAS 2区
Journal of Sulfur Chemistry,CAS 3区
JOURNAL OF SUPERCOMPUTING,CAS 4区
Journal of Superconductivity and Novel Magnetism,CAS 4区
JOURNAL OF SUPERCRITICAL FLUIDS,CAS 3区
Journal of Superhard Materials,CAS 4区
Journal of Supply Chain Management,CAS 2区
Journal of Supreme Court History,CAS 4区
Journal of Surface Investigation,CAS 4区
JOURNAL OF SURFACTANTS AND DETERGENTS,CAS 4区
Journal of Surgical Case Reports,CAS 4区
Journal of Surgical Education,CAS 3区
JOURNAL OF SURGICAL ONCOLOGY,CAS 3区
JOURNAL OF SURGICAL RESEARCH,CAS 3区
JOURNAL OF SURVEYING ENGINEERING,CAS 3区
Journal of Survey Statistics and Methodology,SSCI/SCIE/SCI
Journal of Sustainable Agriculture and Environment,Indexed
Journal of Sustainable Cement-Based Materials,CAS 3区
Journal of Sustainable Development of Energy Water and Environment Systems-JSDEWES,CAS 4区
Journal of Sustainable Finance & Investment,CAS 4区
Journal of Sustainable Forestry,CAS 4区
Journal of Sustainable Metallurgy,CAS 3区
Journal of Sustainable Mining,CAS 4区
Journal of Sustainable Tourism,CAS 2区
Journal of Sustainable Water in the Built Environment,CAS 4区
JOURNAL OF SWINE HEALTH AND PRODUCTION,Indexed
JOURNAL OF SYMBOLIC COMPUTATION,CAS 4区
JOURNAL OF SYMBOLIC LOGIC,CAS 3区
Journal of Symplectic Geometry,CAS 3区
JOURNAL OF SYNCHROTRON RADIATION,CAS 3区
JOURNAL OF SYNTHETIC ORGANIC CHEMISTRY JAPAN,CAS 4区
JOURNAL OF SYSTEMATIC PALAEONTOLOGY,CAS 3区
Journal of Systematics and Evolution,CAS 2区
JOURNAL OF SYSTEMS AND SOFTWARE,CAS 2区
JOURNAL OF SYSTEMS ARCHITECTURE,CAS 3区
Journal of Systems Engineering and Electronics,CAS 4区
Journal of Systems Science and Systems Engineering,CAS 4区
Journal of Systems Science & Complexity,CAS 4区
Journal of Taibah University for Science,CAS 4区
Journal of Taibah University Medical Sciences,CAS 4区
Journal of Tax Administration,CAS 4区
Journal of Tax Reform,CAS 4区
JOURNAL OF TEACHER EDUCATION,CAS 1区 Top
Journal of Teaching and Learning,CAS 4区
Journal of Teaching English for Specific and Academic Purposes,CAS 4区
Journal of Teaching in International Business,CAS 4区
JOURNAL OF TEACHING IN PHYSICAL EDUCATION,SSCI/SCIE/SCI
Journal of Teaching in Social Work,CAS 4区
Journal of Teaching in Travel & Tourism,CAS 4区
Journal of Technical Education and Training,CAS 4区
JOURNAL OF TECHNICAL WRITING AND COMMUNICATION,Indexed
Journal of Technology and Chinese Language Teaching,CAS 4区
JOURNAL OF TECHNOLOGY IN HUMAN SERVICES,CAS 4区
JOURNAL OF TECHNOLOGY TRANSFER,CAS 2区
Journal of Tekirdag Agriculture Faculty-Tekirdag Ziraat Fakultesi Dergisi,CAS 4区
JOURNAL OF TELEMEDICINE AND TELECARE,CAS 3区
JOURNAL OF TERRAMECHANICS,CAS 3区
JOURNAL OF TESTING AND EVALUATION,CAS 4区
JOURNAL OF TEXTURE STUDIES,CAS 3区
Journal of the Academy of Consultation-Liaison Psychiatry,SSCI/SCIE/SCI
JOURNAL OF THE ACADEMY OF MARKETING SCIENCE,CAS 2区 Top
Journal of the Academy of Nutrition and Dietetics,CAS 3区
JOURNAL OF THE ACM,CAS 2区
JOURNAL OF THE ACOUSTICAL SOCIETY OF AMERICA,CAS 3区
Journal of the Acoustical Society of Korea,CAS 4区
JOURNAL OF THE AIR & WASTE MANAGEMENT ASSOCIATION,CAS 4区
Journal of the American Academy of Audiology,CAS 4区
JOURNAL OF THE AMERICAN ACADEMY OF CHILD AND ADOLESCENT PSYCHIATRY,SSCI/SCIE/SCI
JOURNAL OF THE AMERICAN ACADEMY OF DERMATOLOGY,CAS 1区 Top
JOURNAL OF THE AMERICAN ACADEMY OF ORTHOPAEDIC SURGEONS,CAS 3区
Journal of the American Academy of Orthopaedic Surgeons Global Research and Reviews,CAS 4区
JOURNAL OF THE AMERICAN ACADEMY OF PSYCHIATRY AND THE LAW,CAS 4区
JOURNAL OF THE AMERICAN ACADEMY OF RELIGION,CAS 3区
JOURNAL OF THE AMERICAN ANIMAL HOSPITAL ASSOCIATION,CAS 4区
Journal of the American Association for Laboratory Animal Science,CAS 3区
Journal of the American Association of Nurse Practitioners,SSCI/SCIE/SCI
Journal of the American Board of Family Medicine,CAS 4区
JOURNAL OF THE AMERICAN CERAMIC SOCIETY,CAS 3区
Journal of the American Chemical Society,CAS 1区 Top
JOURNAL OF THE AMERICAN COLLEGE OF CARDIOLOGY,CAS 1区 Top
Journal of the American College of Clinical Pharmacy,CAS 4区
Journal of the American College of Emergency Physicians Open,CAS 4区
Journal of the American College of Radiology,CAS 2区
JOURNAL OF THE AMERICAN COLLEGE OF SURGEONS,CAS 2区
JOURNAL OF THE AMERICAN DENTAL ASSOCIATION,CAS 3区
JOURNAL OF THE AMERICAN GERIATRICS SOCIETY,SSCI/SCIE/SCI
Journal of the American Heart Association,CAS 1区 Top
JOURNAL OF THE AMERICAN HELICOPTER SOCIETY,CAS 3区
JOURNAL OF THE AMERICAN INSTITUTE FOR CONSERVATION,CAS 3区
JOURNAL OF THE AMERICAN LEATHER CHEMISTS ASSOCIATION,CAS 4区
JOURNAL OF THE AMERICAN MATHEMATICAL SOCIETY,CAS 1区 Top
Journal of the American Medical Directors Association,CAS 2区
JOURNAL OF THE AMERICAN MEDICAL INFORMATICS ASSOCIATION,SSCI/SCIE/SCI
JOURNAL OF THE AMERICAN MOSQUITO CONTROL ASSOCIATION,CAS 4区
JOURNAL OF THE AMERICAN MUSICOLOGICAL SOCIETY,CAS 1区 Top
Journal of the American Nutrition Association,CAS 4区
JOURNAL OF THE AMERICAN OIL CHEMISTS SOCIETY,CAS 4区
JOURNAL OF THE AMERICAN ORIENTAL SOCIETY,CAS 3区
JOURNAL OF THE AMERICAN PHARMACISTS ASSOCIATION,CAS 4区
Journal of the American Philosophical Association,CAS 2区
JOURNAL OF THE AMERICAN PLANNING ASSOCIATION,CAS 2区
JOURNAL OF THE AMERICAN PODIATRIC MEDICAL ASSOCIATION,CAS 4区
JOURNAL OF THE AMERICAN POMOLOGICAL SOCIETY,Indexed
Journal of the American Psychiatric Nurses Association,SSCI/SCIE/SCI
JOURNAL OF THE AMERICAN PSYCHOANALYTIC ASSOCIATION,CAS 2区
JOURNAL OF THE AMERICAN SOCIETY FOR HORTICULTURAL SCIENCE,CAS 4区
JOURNAL OF THE AMERICAN SOCIETY FOR MASS SPECTROMETRY,CAS 3区
JOURNAL OF THE AMERICAN SOCIETY OF BREWING CHEMISTS,CAS 4区
JOURNAL OF THE AMERICAN SOCIETY OF ECHOCARDIOGRAPHY,CAS 1区 Top
JOURNAL OF THE AMERICAN SOCIETY OF NEPHROLOGY,CAS 1区 Top
JOURNAL OF THE AMERICAN STATISTICAL ASSOCIATION,CAS 2区 Top
Journal of the American Taxation Association,CAS 4区
JOURNAL OF THE AMERICAN WATER RESOURCES ASSOCIATION,CAS 4区
Journal of the Anatomical Society of India,CAS 4区
Journal of the Anus Rectum and Colon,CAS 4区
Journal of the ASABE,CAS 4区
Journal of the ASEAN Federation of Endocrine Societies,CAS 4区
Journal of the Asia Pacific Economy,CAS 4区
Journal of the Association for Consumer Research,CAS 4区
Journal of the Association for Information Science and Technology,SSCI/SCIE/SCI
Journal of the Association for Information Systems,SSCI/SCIE/SCI
Journal of the Association of Environmental and Resource Economists,CAS 3区
Journal of the Association of Medical Microbiology and Infectious Disease Canada (JAMMI),Indexed
JOURNAL OF THE ASTRONAUTICAL SCIENCES,CAS 4区
JOURNAL OF THE ATMOSPHERIC SCIENCES,CAS 3区
JOURNAL OF THE AUDIO ENGINEERING SOCIETY,CAS 3区
Journal of the Australasian Tax Teachers Association,CAS 4区
Journal of the Australian Ceramic Society,CAS 4区
Journal of the Australian Early Medieval Association,CAS 4区
Journal of the Australian Library and Information Association,CAS 4区
JOURNAL OF THE AUSTRALIAN MATHEMATICAL SOCIETY,CAS 4区
Journal of the Belgian Society of Radiology,CAS 4区
JOURNAL OF THE BRAZILIAN CHEMICAL SOCIETY,CAS 4区
Journal of the Brazilian Society of Mechanical Sciences and Engineering,CAS 4区
Journal of the British Archaeological Association,CAS 3区
Journal of the British Blockchain Association,CAS 4区
JOURNAL OF THE BRITISH SOCIETY FOR PHENOMENOLOGY,CAS 2区
Journal of the Canadian Academy of Child and Adolescent Psychiatry,CAS 4区
Journal of the Canadian Association of Gastroenterology,Indexed
JOURNAL OF THE CANADIAN DENTAL ASSOCIATION,CAS 4区
Journal of the Canadian Health Libraries Association,CAS 4区
JOURNAL OF THE CERAMIC SOCIETY OF JAPAN,CAS 4区
JOURNAL OF THE CHEMICAL SOCIETY OF PAKISTAN,CAS 4区
JOURNAL OF THE CHILEAN CHEMICAL SOCIETY,CAS 4区
JOURNAL OF THE CHINESE CHEMICAL SOCIETY,CAS 4区
JOURNAL OF THE CHINESE INSTITUTE OF ENGINEERS,CAS 4区
Journal of the Chinese Medical Association,CAS 4区
Journal of the Chinese Society of Mechanical Engineers,CAS 4区
Journal of the Civil War Era,CAS 2区
JOURNAL OF THE COPYRIGHT SOCIETY OF THE USA,CAS 4区
Journal of the Dermatology Nurses Association,CAS 4区
JOURNAL OF THE EARLY REPUBLIC,CAS 1区 Top
Journal of the Economic and Social History of the Orient,SSCI/SCI/AHCI
Journal of the Economic Science Association-JESA,CAS 3区
Journal of the Economics of Ageing,CAS 3区
Journal of the Egyptian National Cancer Institute,CAS 4区
Journal of the Egyptian Ophthalmological Society,CAS 4区
JOURNAL OF THE EGYPTIAN PUBLIC HEALTH ASSOCIATION,CAS 3区
JOURNAL OF THE ELECTROCHEMICAL SOCIETY,CAS 4区
Journal of the Endocrine Society,CAS 3区
JOURNAL OF THE ENERGY INSTITUTE,CAS 2区
JOURNAL OF THE ENTOMOLOGICAL RESEARCH SOCIETY,CAS 4区
JOURNAL OF THE EUROPEAN ACADEMY OF DERMATOLOGY AND VENEREOLOGY,CAS 2区 Top
Journal of the European Ceramic Society,CAS 2区
Journal of the European Economic Association,CAS 2区 Top
JOURNAL OF THE EUROPEAN MATHEMATICAL SOCIETY,CAS 1区 Top
Journal of the European Optical Society-Rapid Publications,CAS 4区
JOURNAL OF THE EXPERIMENTAL ANALYSIS OF BEHAVIOR,SSCI/SCIE/SCI
JOURNAL OF THE FACULTY OF AGRICULTURE KYUSHU UNIVERSITY,CAS 4区
Journal of the Faculty of Engineering and Architecture of Gazi University,CAS 4区
JOURNAL OF THE FORMOSAN MEDICAL ASSOCIATION,CAS 3区
Journal of the Franklin Institute,Indexed
JOURNAL OF THE FRANKLIN INSTITUTE-ENGINEERING AND APPLIED MATHEMATICS,CAS 3区
Journal of the Geographical Institute Jovan Cvijic SASA,CAS 4区
JOURNAL OF THE GEOLOGICAL SOCIETY,CAS 3区
JOURNAL OF THE GEOLOGICAL SOCIETY OF INDIA,CAS 4区
Journal of the Geological Society of Korea,CAS 4区
Journal of the Gilded Age and Progressive Era,SSCI/SCI/AHCI
Journal of the Global Power and Propulsion Society,CAS 4区
Journal of the Hellenic Veterinary Medical Society,CAS 4区
JOURNAL OF THE HISTORY OF BIOLOGY,SSCI/SCIE/SCI/AHCI
Journal of the History of Collections,CAS 2区
Journal of the History of Economic Thought,SSCI/SCI/AHCI
JOURNAL OF THE HISTORY OF IDEAS,CAS 2区 Top
JOURNAL OF THE HISTORY OF INTERNATIONAL LAW,CAS 3区
JOURNAL OF THE HISTORY OF MEDICINE AND ALLIED SCIENCES,SSCI/SCIE/SCI/AHCI
JOURNAL OF THE HISTORY OF PHILOSOPHY,CAS 1区 Top
JOURNAL OF THE HISTORY OF SEXUALITY,SSCI/SCI/AHCI
JOURNAL OF THE HISTORY OF THE BEHAVIORAL SCIENCES,CAS 3区
Journal of the History of the Neurosciences,CAS 4区
Journal of the Indian Academy of Wood Science,CAS 4区
JOURNAL OF THE INDIAN CHEMICAL SOCIETY,CAS 3区
JOURNAL OF THE INDIAN INSTITUTE OF SCIENCE,CAS 4区
Journal of the Indian Ocean Region,CAS 4区
Journal of the Indian Society for Probability and Statistics,CAS 4区
Journal of the Indian Society of Remote Sensing,CAS 4区
Journal of the Indonesian Mathematical Society,CAS 4区
Journal of the Indonesian Tropical Animal Agriculture,CAS 4区
JOURNAL OF THE INSTITUTE OF BREWING,CAS 3区
Journal of the Institute of Conservation,CAS 3区
Journal of the Institute of Mathematics of Jussieu,CAS 2区
Journal of the Intensive Care Society,CAS 4区
Journal of the International AIDS Society,CAS 2区 Top
Journal of the International Association for Shell and Spatial Structures,CAS 4区
Journal of the International Association of Providers of AIDS Care,CAS 3区
Journal of the International Clinical Dental Research Organization,CAS 4区
Journal of the International Council for Small Business,CAS 4区
Journal of the International Network for Korean Language and Culture,CAS 4区
JOURNAL OF THE INTERNATIONAL NEUROPSYCHOLOGICAL SOCIETY,CAS 3区
Journal of the International Phonetic Association,SSCI/SCI/AHCI
Journal of the International Society of Sports Nutrition,CAS 2区
Journal of the Iranian Chemical Society,CAS 4区
JOURNAL OF THE JAPANESE AND INTERNATIONAL ECONOMIES,CAS 3区
JOURNAL OF THE JAPANESE SOCIETY FOR FOOD SCIENCE AND TECHNOLOGY-NIPPON SHOKUHIN KAGAKU KOGAKU KAISHI,CAS 4区
Journal of the Japan Institute of Energy,CAS 4区
Journal of the Japan Institute of Metals and Materials,CAS 4区
JOURNAL OF THE JAPAN PETROLEUM INSTITUTE,CAS 4区
JOURNAL OF THE KANSAS ENTOMOLOGICAL SOCIETY,CAS 4区
Journal of the Korean Academy of Child and Adolescent Psychiatry,CAS 4区
Journal of the Korean Association of Oral and Maxillofacial Surgeons,CAS 4区
Journal of the Korean Astronomical Society,CAS 4区
Journal of the Korean Ceramic Society,CAS 4区
Journal of the Korean Chemical Society-Daehan Hwahak Hoe Jee,CAS 4区
Journal of the Korean Crystal Growth and Crystal Technology,CAS 4区
Journal of the Korean Earth Science Society,CAS 4区
Journal of the Korean Electrochemical Society,CAS 4区
Journal of the Korean Geosynthetic Society,CAS 4区
Journal of the Korean Magnetic Resonance Society,CAS 4区
Journal of the Korean Magnetics Society,CAS 4区
JOURNAL OF THE KOREAN MATHEMATICAL SOCIETY,CAS 4区
Journal of the Korean Medical Association,CAS 4区
Journal of the Korean Ophthalmological Society,CAS 4区
JOURNAL OF THE KOREAN PHYSICAL SOCIETY,CAS 4区
Journal of the Korean Society for Aeronautical and Space Sciences,CAS 4区
Journal of the Korean Society for Industrial and Applied Mathematics,CAS 4区
Journal of the Korean Society for Nondestructive Testing,CAS 4区
Journal of the Korean Society of Combustion,CAS 4区
Journal of the Korean Society of Mathematical Education Series B-Pure and Applied Mathematics,CAS 4区
JOURNAL OF THE KOREAN SOCIETY OF MATHEMATICAL EDUCATION SERIES B-THEORETICAL MATHEMATICS AND PEDAGOGICAL MATHEMATICS,Indexed
Journal of the Korean Society of Radiology,Indexed
Journal of the Korean Statistical Society,CAS 4区
JOURNAL OF THE LEARNING SCIENCES,CAS 2区
JOURNAL OF THE LEPIDOPTERISTS SOCIETY,CAS 4区
Journal of the Liaquat University of Medical and Health Sciences,CAS 4区
JOURNAL OF THE LONDON MATHEMATICAL SOCIETY-SECOND SERIES,CAS 2区
JOURNAL OF THE MARINE BIOLOGICAL ASSOCIATION OF THE UNITED KINGDOM,CAS 4区
JOURNAL OF THE MATHEMATICAL SOCIETY OF JAPAN,CAS 3区
Journal of the Mechanical Behavior of Biomedical Materials,CAS 3区
JOURNAL OF THE MECHANICAL BEHAVIOR OF MATERIALS,CAS 4区
JOURNAL OF THE MECHANICS AND PHYSICS OF SOLIDS,CAS 2区
JOURNAL OF THE MEDICAL LIBRARY ASSOCIATION,CAS 4区
JOURNAL OF THE METEOROLOGICAL SOCIETY OF JAPAN,CAS 4区
Journal of the Mexican Chemical Society,CAS 4区
JOURNAL OF THE MIDWEST MODERN LANGUAGE ASSOCIATION,CAS 4区
Journal of the Musical Arts in Africa,CAS 4区
Journal of the National Cancer Center,CAS 3区
Journal of the National Cancer Institute,Indexed
Journal of the National Comprehensive Cancer Network,CAS 2区
JOURNAL OF THE NATIONAL MEDICAL ASSOCIATION,CAS 4区
JOURNAL OF THE NATIONAL SCIENCE FOUNDATION OF SRI LANKA,CAS 4区
JOURNAL OF THE NEUROLOGICAL SCIENCES,CAS 3区
Journal of Theological Interpretation,CAS 4区
JOURNAL OF THEOLOGICAL STUDIES,CAS 3区
JOURNAL OF THE OPERATIONAL RESEARCH SOCIETY,SSCI/SCIE/SCI
Journal of the Operations Research Society of China,CAS 4区
JOURNAL OF THE OPTICAL SOCIETY OF AMERICA A-OPTICS IMAGE SCIENCE AND VISION,CAS 4区
JOURNAL OF THE OPTICAL SOCIETY OF AMERICA B-OPTICAL PHYSICS,CAS 4区
Journal of Theoretical and Applied Electronic Commerce Research,CAS 3区
Journal of Theoretical and Applied Mechanics,CAS 4区
Journal of Theoretical and Applied Mechanics-Bulgaria,CAS 4区
Journal of Theoretical and Computational Acoustics,CAS 4区
Journal of Theoretical and Philosophical Psychology,CAS 4区
JOURNAL OF THEORETICAL BIOLOGY,CAS 4区
JOURNAL OF THEORETICAL POLITICS,CAS 4区
JOURNAL OF THEORETICAL PROBABILITY,CAS 4区
Journal of Theoretical Social Psychology,CAS 4区
Journal of the Pakistan Institute of Chemical Engineers,CAS 4区
JOURNAL OF THE PAKISTAN MEDICAL ASSOCIATION,CAS 4区
JOURNAL OF THE PALAEONTOLOGICAL SOCIETY OF INDIA,CAS 4区
Journal of the Pancreas,CAS 4区
Journal of the Pediatric Infectious Diseases Society,CAS 4区
JOURNAL OF THE PERIPHERAL NERVOUS SYSTEM,CAS 3区
Journal of the Philosophy of History,CAS 2区
JOURNAL OF THE PHILOSOPHY OF SPORT,CAS 1区 Top
JOURNAL OF THE PHYSICAL SOCIETY OF JAPAN,CAS 4区
JOURNAL OF THE POLYNESIAN SOCIETY,CAS 3区
Journal of the Practice of Cardiovascular Sciences,CAS 4区
JOURNAL OF THE PROFESSIONAL ASSOCIATION FOR CACTUS DEVELOPMENT,CAS 4区
Journal of the Ramanujan Mathematical Society,CAS 4区
JOURNAL OF THE RENIN-ANGIOTENSIN-ALDOSTERONE SYSTEM,CAS 4区
JOURNAL OF THERMAL ANALYSIS AND CALORIMETRY,CAS 3区
JOURNAL OF THERMAL BIOLOGY,CAS 2区
Journal of Thermal Engineering,CAS 4区
Journal of Thermal Science,CAS 4区
Journal of Thermal Science and Engineering Applications,CAS 4区
Journal of Thermal Science and Technology,CAS 4区
JOURNAL OF THERMAL SPRAY TECHNOLOGY,CAS 3区
JOURNAL OF THERMAL STRESSES,CAS 3区
JOURNAL OF THERMOPHYSICS AND HEAT TRANSFER,CAS 4区
JOURNAL OF THERMOPLASTIC COMPOSITE MATERIALS,CAS 3区
JOURNAL OF THE ROYAL ANTHROPOLOGICAL INSTITUTE,CAS 3区
JOURNAL OF THE ROYAL ASIATIC SOCIETY,CAS 4区
Journal of the Royal College of Physicians of Edinburgh,CAS 4区
JOURNAL OF THE ROYAL MUSICAL ASSOCIATION,CAS 3区
Journal of the Royal Society Interface,CAS 2区
JOURNAL OF THE ROYAL SOCIETY OF MEDICINE,CAS 2区
JOURNAL OF THE ROYAL SOCIETY OF NEW ZEALAND,CAS 3区
JOURNAL OF THE ROYAL STATISTICAL SOCIETY SERIES A-STATISTICS IN SOCIETY,SSCI/SCIE/SCI
JOURNAL OF THE ROYAL STATISTICAL SOCIETY SERIES B-STATISTICAL METHODOLOGY,CAS 1区 Top
JOURNAL OF THE ROYAL STATISTICAL SOCIETY SERIES C-APPLIED STATISTICS,CAS 4区
Journal of the Saudi Heart Association,CAS 4区
JOURNAL OF THE SCIENCE OF FOOD AND AGRICULTURE,CAS 3区
Journal of the Scientific Society,CAS 4区
Journal of the Selva Andina Research Society,CAS 4区
JOURNAL OF THE SERBIAN CHEMICAL SOCIETY,CAS 4区
Journal of the Serbian Society for Computational Mechanics,CAS 4区
Journal of the Society for American Music,CAS 3区
Journal of the Society for Information Display,CAS 4区
Journal of the Society for Social Work and Research,CAS 4区
JOURNAL OF THE SOCIETY OF ARCHITECTURAL HISTORIANS,CAS 2区
JOURNAL OF THE SOCIETY OF CHRISTIAN ETHICS,CAS 4区
JOURNAL OF THE SOCIETY OF LEATHER TECHNOLOGISTS AND CHEMISTS,CAS 4区
Journal of the South African Institution of Civil Engineering,CAS 4区
Journal of the South African Veterinary Association,CAS 4区
Journal of the Southern African Institute of Mining and Metallurgy,CAS 4区
JOURNAL OF THE SOUTHWEST,CAS 4区
Journal of the Statistical and Social Inquiry Society of Ireland,CAS 4区
Journal of the Taiwan Institute of Chemical Engineers,CAS 2区
JOURNAL OF THE TEXTILE INSTITUTE,CAS 4区
JOURNAL OF THE TORREY BOTANICAL SOCIETY,CAS 4区
Journal of the Turkish-German Gynecological Association,CAS 4区
JOURNAL OF THE WARBURG AND COURTAULD INSTITUTES,CAS 2区
JOURNAL OF THE WEST,CAS 4区
JOURNAL OF THE WORLD AQUACULTURE SOCIETY,CAS 3区
Journal of the World Federation of Orthodontists,CAS 3区
JOURNAL OF THORACIC AND CARDIOVASCULAR SURGERY,CAS 2区 Top
Journal of Thoracic Disease,CAS 4区
JOURNAL OF THORACIC IMAGING,CAS 4区
Journal of Thoracic Oncology,CAS 1区 Top
JOURNAL OF THROMBOSIS AND HAEMOSTASIS,CAS 1区 Top
JOURNAL OF THROMBOSIS AND THROMBOLYSIS,CAS 3区
JOURNAL OF TIME SERIES ANALYSIS,CAS 4区
Journal of Time Series Econometrics,CAS 4区
Journal of Tissue Engineering,CAS 2区
Journal of Tissue Engineering and Regenerative Medicine,CAS 4区
Journal of Tissue Viability,SSCI/SCIE/SCI
Journal of Topology,CAS 2区
Journal of Topology and Analysis,CAS 4区
Journal of Tourism and Cultural Change,CAS 4区
Journal of Tourism and Services,CAS 3区
Journal of Tourism Futures,CAS 3区
Journal of Tourism History,CAS 4区
Journal of Tourism Management Research,CAS 4区
Journal of Tourism Sustainability and Well-being,CAS 4区
JOURNAL OF TOXICOLOGICAL SCIENCES,CAS 4区
Journal of Toxicologic Pathology,CAS 4区
Journal of Toxicology,CAS 4区
JOURNAL OF TOXICOLOGY AND ENVIRONMENTAL HEALTH-PART A-CURRENT ISSUES,CAS 4区
JOURNAL OF TOXICOLOGY AND ENVIRONMENTAL HEALTH-PART B-CRITICAL REVIEWS,CAS 2区
JOURNAL OF TRACE ELEMENTS IN MEDICINE AND BIOLOGY,CAS 3区
Journal of Traditional and Complementary Medicine,CAS 3区
Journal of Traditional Chinese Medicine,CAS 4区
Journal of Traffic and Transportation Engineering-English Edition,CAS 2区
Journal of Transcultural Nursing,SSCI/SCIE/SCI
Journal of Transformative Education,CAS 4区
Journal of Translational Autoimmunity,CAS 2区
JOURNAL OF TRANSLATIONAL CRITICAL CARE MEDICINE,Indexed
Journal of Translational Genetics and Genomics,Indexed
Journal of Translational Internal Medicine,CAS 2区
Journal of Translational Medicine,CAS 2区 Top
Journal of Transplantation,CAS 4区
Journal of Transport and Land Use,CAS 4区
Journal of Transport and Supply Chain Management,CAS 4区
Journal of Transportation Engineering Part A-Systems,CAS 4区
Journal of Transportation Engineering Part B-Pavements,CAS 4区
Journal of Transportation Safety & Security,CAS 3区
Journal of Transportation Security,CAS 4区
JOURNAL OF TRANSPORT ECONOMICS AND POLICY,CAS 4区
Journal of Transport Geography,CAS 1区 Top
Journal of Transport & Health,CAS 3区
Journal of Transport History,CAS 4区
Journal of Trauma and Acute Care Surgery,CAS 2区
Journal of Trauma and Injury,Indexed
Journal of Trauma & Dissociation,CAS 3区
Journal of Trauma Nursing,SSCI/SCIE/SCI
JOURNAL OF TRAUMATIC STRESS,CAS 3区
JOURNAL OF TRAVEL MEDICINE,CAS 2区
Journal of Travel Research,CAS 1区 Top
Journal of Travel & Tourism Marketing,CAS 1区 Top
JOURNAL OF TRIBOLOGY-TRANSACTIONS OF THE ASME,CAS 3区
JOURNAL OF TROPICAL ECOLOGY,CAS 4区
JOURNAL OF TROPICAL FOREST SCIENCE,CAS 4区
Journal of Tropical Medicine,CAS 4区
Journal of Tropical Meteorology,CAS 4区
JOURNAL OF TROPICAL PEDIATRICS,CAS 4区
Journal of Trust Research,CAS 3区
JOURNAL OF TURBOMACHINERY-TRANSACTIONS OF THE ASME,CAS 3区
JOURNAL OF TURBULENCE,CAS 4区
Journal of Turkish Sleep Medicine-Turk Uyku Tibbi Dergisi,CAS 4区
Journal of Ultrasonography,CAS 4区
Journal of Ultrasound,CAS 4区
JOURNAL OF ULTRASOUND IN MEDICINE,CAS 3区
JOURNAL OF UNIVERSAL COMPUTER SCIENCE,CAS 4区
Journal of University Teaching and Learning Practice,CAS 4区
Journal of Unschooling and Alternative Learning,CAS 4区
JOURNAL OF URBAN AFFAIRS,CAS 3区
Journal of Urban and Regional Analysis,CAS 4区
Journal of Urban Culture Research,CAS 4区
Journal of Urban Design,CAS 3区
JOURNAL OF URBAN ECONOMICS,CAS 1区 Top
Journal of Urban Ethnology,CAS 4区
JOURNAL OF URBAN HEALTH-BULLETIN OF THE NEW YORK ACADEMY OF MEDICINE,CAS 2区
JOURNAL OF URBAN HISTORY,SSCI/SCI/AHCI
Journal of Urban Management,CAS 2区
Journal of Urban Mobility,CAS 3区
JOURNAL OF URBAN PLANNING AND DEVELOPMENT,SSCI/SCIE/SCI
JOURNAL OF URBAN TECHNOLOGY,CAS 3区
Journal of Urological Surgery,CAS 4区
JOURNAL OF UROLOGY,CAS 2区
Journal of Usability Studies,CAS 4区
Journal of Vacation Marketing,CAS 3区
JOURNAL OF VACUUM SCIENCE & TECHNOLOGY A,CAS 4区
JOURNAL OF VACUUM SCIENCE & TECHNOLOGY B,CAS 4区
JOURNAL OF VALUE INQUIRY,SSCI/SCI/AHCI
Journal of Vascular Access,CAS 4区
JOURNAL OF VASCULAR AND INTERVENTIONAL RADIOLOGY,CAS 3区
Journal of Vascular Nursing,CAS 4区
JOURNAL OF VASCULAR RESEARCH,CAS 4区
JOURNAL OF VASCULAR SURGERY,CAS 2区 Top
Journal of Vascular Surgery Cases Innovations and Techniques,CAS 4区
Journal of Vascular Surgery-Venous and Lymphatic Disorders,CAS 2区
JOURNAL OF VECTOR BORNE DISEASES,CAS 4区
JOURNAL OF VECTOR ECOLOGY,CAS 3区
JOURNAL OF VEGETATION SCIENCE,CAS 3区
Journal of Venomous Animals and Toxins including Tropical Diseases,CAS 4区
"Journal of Verification, Validation and Uncertainty Quantification",CAS 4区
Journal of Vertebrate Biology,CAS 3区
JOURNAL OF VERTEBRATE PALEONTOLOGY,CAS 4区
JOURNAL OF VESTIBULAR RESEARCH-EQUILIBRIUM & ORIENTATION,CAS 2区
Journal of Veterinary Behavior-Clinical Applications and Research,CAS 3区
Journal of Veterinary Cardiology,CAS 2区
JOURNAL OF VETERINARY DENTISTRY,CAS 4区
JOURNAL OF VETERINARY DIAGNOSTIC INVESTIGATION,CAS 4区
JOURNAL OF VETERINARY EMERGENCY AND CRITICAL CARE,CAS 3区
JOURNAL OF VETERINARY INTERNAL MEDICINE,CAS 2区 Top
JOURNAL OF VETERINARY MEDICAL EDUCATION,CAS 4区
JOURNAL OF VETERINARY MEDICAL SCIENCE,CAS 4区
JOURNAL OF VETERINARY PHARMACOLOGY AND THERAPEUTICS,CAS 3区
Journal of Veterinary Research,CAS 4区
Journal of Veterinary Science,CAS 3区
JOURNAL OF VIBRATION AND ACOUSTICS-TRANSACTIONS OF THE ASME,CAS 4区
JOURNAL OF VIBRATION AND CONTROL,CAS 3区
Journal of Vibration Engineering & Technologies,CAS 4区
Journal of Vibroengineering,CAS 4区
Journal of Victorian Culture,SSCI/SCI/AHCI
Journal of Vietnamese Studies,CAS 3区
JOURNAL OF VINYL & ADDITIVE TECHNOLOGY,CAS 3区
JOURNAL OF VIRAL HEPATITIS,CAS 3区
JOURNAL OF VIROLOGICAL METHODS,CAS 4区
Journal of Virology,CAS 2区
Journal of Virus Eradication,CAS 3区
Journal of Visceral Surgery,CAS 4区
JOURNAL OF VISION,CAS 3区
Journal of Visual Art and Design,CAS 4区
Journal of Visual Art Practice,Indexed
JOURNAL OF VISUAL COMMUNICATION AND IMAGE REPRESENTATION,CAS 4区
Journal of Visual Communication in Medicine,CAS 4区
JOURNAL OF VISUAL CULTURE,SSCI/SCI/AHCI
JOURNAL OF VISUAL IMPAIRMENT & BLINDNESS,CAS 4区
JOURNAL OF VISUALIZATION,CAS 4区
Journal of Visualized Surgery,Indexed
Journal of VitreoRetinal Diseases,CAS 4区
JOURNAL OF VOCATIONAL BEHAVIOR,CAS 1区 Top
Journal of Vocational Education and Training,CAS 4区
Journal of Vocational Rehabilitation,CAS 4区
JOURNAL OF VOICE,CAS 4区
JOURNAL OF VOLCANOLOGY AND GEOTHERMAL RESEARCH,CAS 3区
Journal of Volcanology and Seismology,CAS 4区
Journal of War & Culture Studies,CAS 3区
Journal of Water and Climate Change,CAS 4区
JOURNAL OF WATER AND HEALTH,CAS 4区
Journal of Water Chemistry and Technology,CAS 4区
Journal of Water Management Modeling,CAS 4区
Journal of Water Process Engineering,CAS 3区
JOURNAL OF WATER RESOURCES PLANNING AND MANAGEMENT,CAS 3区
Journal of Water Sanitation and Hygiene for Development,CAS 4区
JOURNAL OF WATERWAY PORT COASTAL AND OCEAN ENGINEERING,CAS 4区
Journal of Web Engineering,CAS 4区
Journal of Web Librarianship,CAS 4区
Journal of Web Semantics,CAS 3区
Journal of Wildlife and Biodiversity,CAS 4区
JOURNAL OF WILDLIFE DISEASES,CAS 4区
JOURNAL OF WILDLIFE MANAGEMENT,CAS 3区
JOURNAL OF WIND ENGINEERING AND INDUSTRIAL AERODYNAMICS,CAS 2区 Top
Journal of Wine Economics,SSCI/SCIE/SCI
JOURNAL OF WOMEN & AGING,CAS 4区
JOURNAL OF WOMEN AND MINORITIES IN SCIENCE AND ENGINEERING,CAS 4区
Journal of Women Politics & Policy,CAS 3区
JOURNAL OF WOMENS HEALTH,SSCI/SCIE/SCI
JOURNAL OF WOMENS HISTORY,SSCI/SCI/AHCI
JOURNAL OF WOOD CHEMISTRY AND TECHNOLOGY,CAS 4区
JOURNAL OF WOOD SCIENCE,CAS 3区
Journal of Work and Organizational Psychology-Revista de Psicologia del Trabajo y de las Organizaciones,CAS 4区
Journal of Work-Applied Management,Indexed
Journal of Workplace Behavioral Health,CAS 4区
Journal of Workplace Learning,CAS 3区
JOURNAL OF WORLD BUSINESS,CAS 1区 Top
Journal of World Christianity,CAS 2区
Journal of World Energy Law & Business,CAS 4区
JOURNAL OF WORLD HISTORY,CAS 2区
Journal of World Intellectual Property,CAS 4区
Journal of World Investment & Trade,CAS 4区
Journal of World Literature,CAS 3区
Journal of World Popular Music,CAS 4区
JOURNAL OF WORLD PREHISTORY,SSCI/SCI/AHCI
Journal of World-Systems Research,CAS 4区
JOURNAL OF WORLD TRADE,CAS 4区
Journal of Wound Care,CAS 4区
Journal of Wound Ostomy and Continence Nursing,SSCI/SCIE/SCI
Journal of Wrist Surgery,CAS 4区
Journal of Writing Research,CAS 3区
JOURNAL OF WUHAN UNIVERSITY OF TECHNOLOGY-MATERIALS SCIENCE EDITION,CAS 4区
Journal of Xenobiotics,CAS 3区
Journal of X-Ray Science and Technology,CAS 4区
Journal of Yeungnam Medical Science,CAS 4区
Journal of Young Pharmacists,CAS 4区
JOURNAL OF YOUTH AND ADOLESCENCE,CAS 1区 Top
Journal of Youth Development,CAS 4区
Journal of Youth Studies,CAS 2区
Journal of Zhejiang University-SCIENCE A,CAS 2区
Journal of Zhejiang University-SCIENCE B,CAS 2区
Journal of Zoo and Aquarium Research,CAS 4区
JOURNAL OF ZOO AND WILDLIFE MEDICINE,CAS 4区
Journal of Zoological and Botanical Gardens,CAS 3区
JOURNAL OF ZOOLOGICAL SYSTEMATICS AND EVOLUTIONARY RESEARCH,CAS 2区
JOURNAL OF ZOOLOGY,CAS 3区
Journal on Efficiency and Responsibility in Education and Science,CAS 4区
Journal on Multimodal User Interfaces,CAS 3区
JOURNALS OF GERONTOLOGY SERIES A-BIOLOGICAL SCIENCES AND MEDICAL SCIENCES,SSCI/SCIE/SCI
JOURNALS OF GERONTOLOGY SERIES B-PSYCHOLOGICAL SCIENCES AND SOCIAL SCIENCES,SSCI/SCIE/SCI
Jove-Journal of Visualized Experiments,CAS 4区
JPAD-Journal of Prevention of Alzheimers Disease,CAS 3区
JPC-JOURNAL OF PLANAR CHROMATOGRAPHY-MODERN TLC,CAS 4区
JP Journal of Algebra Number Theory and Applications,CAS 4区
JP Journal of Biostatistics,CAS 4区
JPRAS Open,CAS 4区
JRSM Cardiovascular Disease,CAS 4区
JSFA Reports,Indexed
JSIAM Letters,CAS 4区
JSLS-Journal of the Society of Laparoendoscopic Surgeons,CAS 4区
JTCVS Open,Indexed
JTCVS Techniques,CAS 4区
JTO Clinical and Research Reports,CAS 4区
Judaica Bohemiae,CAS 3区
Judgment and Decision Making,CAS 4区
Junctures-The Journal for Thematic Dialogue,CAS 4区
Jundishapur Journal of Microbiology,CAS 4区
Jundishapur Journal of Natural Pharmaceutical Products,CAS 4区
Jung Journal-Culture & Psyche,CAS 4区
Juridical Tribune-Review of Comparative and International Law,Indexed
Juridical Tribune-Tribuna Juridica,CAS 3区
Juridicas CUC,CAS 4区
Jurisprudence-An International Journal of Legal and Political Thought,CAS 3区
Jurnal Cita Hukum-Indonesian Law Journal,CAS 4区
Jurnal Fizik Malaysia,CAS 4区
Jurnal Gizi dan Pangan,CAS 4区
Jurnal Ilmiah Peuradeun,CAS 4区
Jurnal Ilmu dan Teknologi Kelautan Tropis,CAS 4区
Jurnal Ilmu Ternak dan Veteriner,CAS 4区
Jurnal Kejuruteraan,CAS 4区
Jurnal Komunikasi-Malaysian Journal of Communication,CAS 4区
Jurnal Manajemen Hutan Tropika,CAS 4区
Jurnal Pendidikan Fisika Indonesia-Indonesian Journal of Physics Education,CAS 4区
Jurnal Penelitian dan Pembelajaran IPA,CAS 4区
Jurnal Teknologi-Sciences & Engineering,CAS 4区
Jurnal Tribologi,CAS 4区
Justice Evaluation Journal,CAS 3区
JUSTICE QUARTERLY,CAS 2区 Top
Justicia,CAS 4区
JUVENILE AND FAMILY COURT JOURNAL,CAS 4区
JVS-Vascular Science,Indexed
Kadim,Indexed
Kafkas Universitesi Iktisadi ve Idari Bilimler Fakultesi Dergisi,Indexed
Kafkas Universitesi Veteriner Fakultesi Dergisi,CAS 4区
KAGAKU KOGAKU RONBUNSHU,CAS 4区
Kajian Malaysia,CAS 4区
Kalagatos-Revista de Filosofia,CAS 4区
Kamchatka-Revista de Analisis Cultural,CAS 4区
Kantian Review,CAS 2区 Top
KANT-STUDIEN,CAS 2区
Kant Yearbook,CAS 3区
KAOHSIUNG JOURNAL OF MEDICAL SCIENCES,CAS 4区
Kardiochirurgia i Torakochirurgia Polska-Polish Journal of Thoracic and Cardiovascular Surgery,CAS 4区
Kardiologia Polska,CAS 3区
Kardiologie,CAS 4区
KARDIOLOGIYA,CAS 4区
Kastamonu University Journal of Forestry Faculty,CAS 4区
KEATS-SHELLEY JOURNAL,CAS 3区
KEATS-SHELLEY REVIEW,CAS 4区
KEDI Journal of Educational Policy,CAS 4区
KEIO JOURNAL OF MEDICINE,CAS 4区
Kemija u Industriji-Journal of Chemists and Chemical Engineers,CAS 4区
KENNEDY INSTITUTE OF ETHICS JOURNAL,SSCI/SCI/AHCI
KENYON REVIEW,CAS 4区
KERNTECHNIK,CAS 4区
Kesmas-National Public Health Journal,CAS 4区
KEW BULLETIN,CAS 4区
KGK-Kautschuk Gummi Kunststoffe,CAS 4区
Khazar Journal of Humanities and Social Sciences,CAS 4区
Khyber Medical University Journal-KMUJ,CAS 4区
Kidney360,CAS 3区
Kidney and Dialysis,Indexed
KIDNEY & BLOOD PRESSURE RESEARCH,CAS 3区
Kidney Cancer,CAS 4区
Kidney Diseases,CAS 4区
KIDNEY INTERNATIONAL,CAS 1区 Top
Kidney International Reports,CAS 2区 Top
Kidney International Supplements,CAS 2区
Kidney Medicine,CAS 3区
Kidney Research and Clinical Practice,CAS 3区
Kierkegaard Studies Yearbook,CAS 3区
KINDHEIT UND ENTWICKLUNG,CAS 4区
Kinematics and Physics of Celestial Bodies,CAS 4区
Kinesiologia Slovenica,CAS 4区
Kinesiology,SSCI/SCIE/SCI
Kinesiology Review,Indexed
Kinetic and Related Models,CAS 4区
KINETICS AND CATALYSIS,CAS 4区
Kino-The Western Undergraduate Journal of Film Studies,Indexed
Kiva-Journal of Southwestern Anthropology and History,CAS 4区
Kleintierpraxis,CAS 4区
Klimik Journal,CAS 4区
Klinik Psikiyatri Dergisi-Turkish Journal of Clinical Psychiatry,CAS 4区
KLINISCHE MONATSBLATTER FUR AUGENHEILKUNDE,CAS 4区
KLINISCHE NEUROPHYSIOLOGIE,CAS 4区
KLINISCHE PADIATRIE,CAS 4区
KNEE,CAS 4区
Knee Surgery & Related Research,CAS 1区 Top
KNEE SURGERY SPORTS TRAUMATOLOGY ARTHROSCOPY,CAS 2区
Knjizevna Smotra,CAS 4区
KNOWLEDGE AND INFORMATION SYSTEMS,CAS 4区
Knowledge and Management of Aquatic Ecosystems,CAS 4区
Knowledge and Process Management,CAS 4区
KNOWLEDGE-BASED SYSTEMS,CAS 1区 Top
KNOWLEDGE ENGINEERING REVIEW,CAS 3区
Knowledge Management & E-Learning-An International Journal,CAS 3区
Knowledge Management Research & Practice,CAS 4区
KNOWLEDGE ORGANIZATION,CAS 4区
Knygotyra,Indexed
Kocatepe Islami Ilimler Dergisi,Indexed
Kodai Mathematical Journal,CAS 4区
KOEDOE,CAS 4区
KOLNER ZEITSCHRIFT FUR SOZIOLOGIE UND SOZIALPSYCHOLOGIE,CAS 4区
KOME-An International Journal of Pure Communication Inquiry,CAS 4区
Kompleksnoe Ispolzovanie Mineralnogo Syra,CAS 4区
Komunikacie - vedecke listy Zilinskej univerzity v Ziline,Indexed
KONA Powder and Particle Journal,CAS 4区
Konstantinove Listy-Constantines Letters,CAS 3区
KONSTHISTORISK TIDSKRIFT,CAS 2区
Konsultativnaya Psikhologiya i Psikhoterapiya-Counseling Psychology and Psychotherapy,CAS 4区
KONTAKT-JOURNAL OF NURSING AND SOCIAL SCIENCES RELATED TO HEALTH AND ILLNESS,CAS 4区
Konuralp Tip Dergisi,CAS 4区
Konya Journal of Engineering Sciences,Indexed
Koot-Revista de Museologia,CAS 4区
KOREA-AUSTRALIA RHEOLOGY JOURNAL,CAS 3区
KOREA JOURNAL,CAS 4区
Korean Chemical Engineering Research,CAS 4区
Korean Circulation Journal,CAS 3区
Korean Economic Review,CAS 4区
Korean Journal of Anesthesiology,CAS 3区
Korean Journal of Applied Statistics,CAS 4区
KOREAN JOURNAL OF CHEMICAL ENGINEERING,CAS 4区
KOREAN JOURNAL OF DEFENSE ANALYSIS,CAS 4区
Korean Journal of Family Medicine,CAS 4区
Korean Journal of Gastroenterology,CAS 4区
KOREAN JOURNAL OF INTERNAL MEDICINE,CAS 4区
Korean Journal of International and Comparative Law,CAS 4区
Korean Journal of International Studies,CAS 4区
Korean Journal of Materials Research,CAS 4区
Korean Journal of Mathematics,CAS 4区
Korean Journal of Medical History,CAS 4区
Korean Journal of Metals and Materials,CAS 4区
Korean Journal of Optics and Photonics,CAS 4区
Korean Journal of Orthodontics,CAS 2区
Korean Journal of Pain,CAS 2区
KOREAN JOURNAL OF PHYSIOLOGY & PHARMACOLOGY,CAS 4区
KOREAN JOURNAL OF PLANT TAXONOMY,CAS 4区
KOREAN JOURNAL OF RADIOLOGY,CAS 2区
Korean Journal of Remote Sensing,CAS 4区
Korean Journal of Women Health Nursing,CAS 4区
Korean Language in America,Indexed
Korean Linguistics,CAS 4区
Korean Studies,CAS 4区
Korea Observer,CAS 4区
Kosciol i Prawo,CAS 4区
Kotuitui-New Zealand Journal of Social Sciences Online,CAS 4区
KOVOVE MATERIALY-METALLIC MATERIALS,CAS 4区
Kragujevac Journal of Mathematics,CAS 4区
Kratkie Soobshcheniya Instituta Arkheologii,CAS 4区
Kriterion-Revista de Filosofia,CAS 4区
KRITIKA-EXPLORATIONS IN RUSSIAN AND EURASIAN HISTORY,CAS 3区
Kritika Kultura,CAS 4区
Kritike-An Online Journal of Philosophy,CAS 4区
KronoScope-Journal for the Study of Time,CAS 4区
Krytyka Prawa-Niezalezne Studia nad Prawem,Indexed
KSCE Journal of Civil Engineering,CAS 4区
KSII Transactions on Internet and Information Systems,CAS 4区
KSU Tarim ve Doga Dergisi-KSU Journal of Agriculture and Nature,CAS 4区
Kulturno-Istoricheskaya Psikhologiya-Cultural-Historical Psychology,CAS 4区
Kultur-Revista Interdisciplinaria sobre la Cultura de la Ciutat,CAS 4区
Kunstiteaduslikke Uurimusi,CAS 4区
Kunstliche Intelligenz,CAS 4区
Kuwait Journal of Science,CAS 4区
Kuwait Medical Journal,CAS 4区
Kvasny Prumysl,CAS 4区
Kwartalnik Historii Zydow-Jewish History Quarterly,CAS 4区
KYBERNETES,CAS 4区
KYBERNETIKA,CAS 4区
Kyiv-Mohyla Humanities Journal,CAS 3区
KYKLOS,CAS 3区
Kyoto Journal of Mathematics,CAS 3区
Kyungpook Mathematical Journal,CAS 4区
Kyushu Journal of Mathematics,CAS 3区
L1 Educational Studies in Language and Literature,CAS 4区
LAB ANIMAL,CAS 2区
LAB ON A CHIP,CAS 2区
Laboratoire Italien-Politique et Societe,CAS 4区
Laboratorio de Arte,CAS 4区
Laboratorium-Russian Review of Social Research,CAS 4区
Laboratory Animal Research,CAS 4区
LABORATORY ANIMALS,CAS 4区
LABORATORY INVESTIGATION,CAS 2区
LABORATORY MEDICINE,CAS 4区
Laboratory Phonology,SSCI/SCI/AHCI
LaborHistorico,CAS 4区
LABOR HISTORY,SSCI/SCI/AHCI
Labor-Studies in Working-Class History of the Americas,CAS 4区
Labour and Industry,CAS 4区
LABOUR ECONOMICS,CAS 2区
Labour-England,CAS 4区
Labour History,CAS 4区
Labour History Review,CAS 3区
LABOUR-LE TRAVAIL,SSCI/SCI/AHCI
Laeknabladid,CAS 4区
LAKE AND RESERVOIR MANAGEMENT,CAS 4区
LANCET,SSCI/SCIE/SCI
Lancet Child & Adolescent Health,CAS 1区 Top
Lancet Diabetes & Endocrinology,SSCI/SCIE/SCI
Lancet Digital Health,CAS 1区 Top
Lancet Gastroenterology & Hepatology,SSCI/SCIE/SCI
Lancet Global Health,SSCI/SCIE/SCI
Lancet Haematology,CAS 1区 Top
Lancet Healthy Longevity,CAS 1区 Top
Lancet HIV,CAS 1区 Top
LANCET INFECTIOUS DISEASES,CAS 1区 Top
Lancet Microbe,CAS 1区 Top
LANCET NEUROLOGY,CAS 1区 Top
LANCET ONCOLOGY,CAS 1区 Top
Lancet Planetary Health,SSCI/SCIE/SCI
Lancet Psychiatry,SSCI/SCIE/SCI
Lancet Public Health,SSCI/SCIE/SCI
Lancet Regional Health-Americas,CAS 2区
Lancet Regional Health-Europe,SSCI/SCIE/SCI
Lancet Regional Health - Southeast Asia,CAS 2区
Lancet Regional Health-Western Pacific,SSCI/SCIE/SCI
Lancet Respiratory Medicine,CAS 1区 Top
Lancet Rheumatology,CAS 1区 Top
Land,CAS 3区
Landbauforschung-Journal of Sustainable and Organic Agricultural Systems,Indexed
LAND DEGRADATION & DEVELOPMENT,CAS 2区
LAND ECONOMICS,CAS 4区
LANDFALL,CAS 4区
Landscape and Ecological Engineering,CAS 4区
LANDSCAPE AND URBAN PLANNING,CAS 1区 Top
Landscape Architecture and Art,CAS 4区
Landscape Architecture Frontiers,CAS 4区
LANDSCAPE ECOLOGY,CAS 2区
Landscape Journal,CAS 3区
Landscape Research,CAS 4区
Landslides,CAS 2区
LAND USE POLICY,CAS 1区 Top
Langages,SSCI/SCI/AHCI
LANGENBECKS ARCHIVES OF SURGERY,CAS 3区
LANGMUIR,CAS 2区
Langston Hughes Review,CAS 4区
LANGUAGE,SSCI/SCI/AHCI
Language Acquisition,SSCI/SCI/AHCI
Language and Cognition,SSCI/SCI/AHCI
Language and Dialogue,CAS 3区
Language and Education,SSCI/SCI/AHCI
Language and Intercultural Communication,SSCI/SCI/AHCI
Language and Linguistics,SSCI/SCI/AHCI
Language and Linguistics Compass,CAS 2区
Language and Literacy,CAS 4区
Language and Literature,SSCI/SCI/AHCI
Language and Sociocultural Theory,CAS 4区
LANGUAGE AND SPEECH,SSCI/SCIE/SCI
Language Assessment Quarterly,SSCI/SCI/AHCI
Language Awareness,SSCI/SCI/AHCI
Language Cognition and Neuroscience,SSCI/SCIE/SCI
LANGUAGE & COMMUNICATION,CAS 2区
Language Context and Text-The Social Semiotics Forum,CAS 4区
Language Culture and Curriculum,SSCI/SCI/AHCI
Language-Culture and Society,CAS 3区
Language Documentation & Conservation,CAS 4区
Language Dynamics and Change,CAS 2区
Language & History,SSCI/SCI/AHCI
LANGUAGE IN SOCIETY,CAS 1区 Top
LANGUAGE LEARNING,SSCI
Language Learning and Development,SSCI/SCI/AHCI
Language Learning in Higher Education,CAS 4区
Language Learning Journal,CAS 3区
LANGUAGE LEARNING & TECHNOLOGY,SSCI
Language Matters,SSCI/SCI/AHCI
Language Policy,SSCI/SCI/AHCI
Language Problems & Language Planning,SSCI/SCI/AHCI
Language Resources and Evaluation,CAS 4区
Languages,CAS 2区
LANGUAGE SCIENCES,SSCI/SCI/AHCI
Languages in Contrast,CAS 3区
LANGUAGE SPEECH AND HEARING SERVICES IN SCHOOLS,SSCI/SCIE/SCI
Language Teaching,SSCI/SCI/AHCI
Language Teaching for Young Learners,CAS 4区
Language Teaching Research,CAS 1区 Top
Language Testing,SSCI/SCI/AHCI
Language Testing in Asia,CAS 3区
Language Variation and Change,SSCI/SCI/AHCI
LANGUE FRANCAISE,CAS 4区
Lanx-Journal of the Scuola di Specializzazione in Archeologia of the University of Milan,CAS 4区
LAPAROSCOPIC ENDOSCOPIC AND ROBOTIC SURGERY,CAS 4区
Lares-Quadrimestrale di Studi Demoetnoantropologici,CAS 4区
Large Animal Review,CAS 4区
Large-Scale Assessments in Education,CAS 3区
LARYNGO-RHINO-OTOLOGIE,CAS 4区
LARYNGOSCOPE,CAS 3区
Laryngoscope Investigative Otolaryngology,CAS 4区
LASER AND PARTICLE BEAMS,CAS 4区
Laser & Optoelectronics Progress,CAS 3区
Laser & Photonics Reviews,CAS 1区 Top
LASER PHYSICS,CAS 4区
LASER PHYSICS LETTERS,CAS 4区
LASERS IN ENGINEERING,CAS 4区
LASERS IN MEDICAL SCIENCE,CAS 4区
LASERS IN SURGERY AND MEDICINE,CAS 3区
LATE IMPERIAL CHINA,CAS 2区
LATERALITY,CAS 4区
Latin American and Caribbean Ethnic Studies,CAS 3区
LATIN AMERICAN ANTIQUITY,SSCI/SCI/AHCI
LATIN AMERICAN APPLIED RESEARCH,CAS 4区
Latin American Business Review,Indexed
Latin American Economic Review,CAS 4区
Latin Americanist,CAS 4区
Latin American Journal of Aquatic Research,CAS 4区
Latin American Journal of Central Banking,Indexed
Latin American Journal of Content & Language Integrated-LACLIL,CAS 4区
Latin American Journal of Solids and Structures,CAS 4区
LATIN AMERICAN MUSIC REVIEW-REVISTA DE MUSICA LATINOAMERICANA,CAS 4区
LATIN AMERICAN PERSPECTIVES,CAS 3区
Latin American Policy,CAS 4区
LATIN AMERICAN POLITICS AND SOCIETY,CAS 2区
LATIN AMERICAN RESEARCH REVIEW,CAS 4区
LATIN AMERICAN THEATRE REVIEW,CAS 4区
Latino Studies,CAS 4区
LATOMUS,CAS 3区
Latvian Journal of Physics and Technical Sciences,CAS 4区
LAVAL THEOLOGIQUE ET PHILOSOPHIQUE,CAS 4区
LAW AND CRITIQUE,CAS 3区
Law and Development Review,CAS 4区
Law and Financial Markets Review,Indexed
Law and History Review,SSCI/SCI/AHCI
LAW AND HUMAN BEHAVIOR,CAS 2区
Law and Humanities,CAS 4区
LAW AND PHILOSOPHY,CAS 2区
LAW AND SOCIAL INQUIRY-JOURNAL OF THE AMERICAN BAR FOUNDATION,CAS 3区
Law Culture and the Humanities,CAS 4区
LAW LIBRARY JOURNAL,CAS 4区
Law & Literature,CAS 3区
Law & Policy,CAS 3区
Law & Practice of International Courts and Tribunals,CAS 3区
LAW PROBABILITY & RISK,SSCI/SCIE/SCI
Laws,CAS 3区
Law & Social Inquiry,Indexed
LAW & SOCIETY REVIEW,CAS 2区
Law Teacher,CAS 4区
Law Technology and Humans,CAS 4区
Law Text Culture,CAS 4区
LCGC EUROPE,CAS 4区
LCGC North America,CAS 4区
Leadership,CAS 4区
Leadership and Policy in Schools,CAS 4区
Leadership in Health Services,CAS 4区
LEADERSHIP & ORGANIZATION DEVELOPMENT JOURNAL,CAS 3区
LEADERSHIP QUARTERLY,CAS 1区 Top
LEA-Lingue e Letterature d Oriente e d Occidente,CAS 4区
LEARNED PUBLISHING,CAS 3区
LEARNING AND INDIVIDUAL DIFFERENCES,CAS 1区 Top
LEARNING AND INSTRUCTION,CAS 1区 Top
LEARNING AND MOTIVATION,CAS 4区
Learning and Teaching in Higher Education-Gulf Perspectives,CAS 4区
Learning and Teaching-The International Journal of Higher Education in the Social Sciences,CAS 4区
LEARNING & BEHAVIOR,SSCI/SCIE/SCI
Learning Communities-International Journal of Learning in Social Contexts,Indexed
Learning Culture and Social Interaction,CAS 3区
Learning Disabilities-A Multidisciplinary Journal,CAS 4区
Learning Disabilities Research & Practice,CAS 3区
LEARNING DISABILITY QUARTERLY,CAS 4区
LEARNING ENVIRONMENTS RESEARCH,CAS 2区
Learning Health Systems,CAS 3区
LEARNing Landscapes,CAS 4区
Learning Media and Technology,CAS 1区 Top
LEARNING & MEMORY,CAS 4区
Learning Organization,CAS 4区
Lebenswelt-Aesthetics and Philosophy of Experience,CAS 4区
Lectora-Revista de Dones i Textualitat,CAS 4区
Lecturas de Economia,CAS 4区
Ledger,CAS 4区
Led i Sneg-Ice and Snow,CAS 4区
LEGACY,CAS 4区
LEGAL AND CRIMINOLOGICAL PSYCHOLOGY,CAS 2区
Legal Education Review,CAS 4区
Legal Ethics,CAS 1区 Top
Legal Information Management,CAS 4区
Legal Issues of Economic Integration,CAS 4区
Legal Medicine,CAS 4区
Legal Pluralism and Critical Social Analysis,CAS 4区
Legal Studies,CAS 3区
Legal Theory,CAS 1区 Top
Lege Artis-Language Yesterday Today Tomorrow,CAS 3区
LEGISLATIVE STUDIES QUARTERLY,CAS 3区
Legume Research,CAS 4区
Legume Science,Indexed
Leiden Journal of International Law,CAS 2区
LEISURE SCIENCES,CAS 2区
Leisure Studies,CAS 3区
Lejana,Indexed
Lenguaje y Textos,CAS 4区
Lengua y Habla,CAS 4区
Lengua y Migracion-Language and Migration,CAS 4区
LEONARDO,CAS 4区
LEPROSY REVIEW,CAS 4区
Lesnoy Zhurnal-Forestry Journal,CAS 4区
LETHAIA,CAS 3区
Letras de Hoje-Estudos e Debates em Linguistica Literatura e Lingua Portuguesa,CAS 4区
Letras-Lima,CAS 4区
Letras Verdes,CAS 4区
Letteratura e Letterature,CAS 4区
LETTERE ITALIANE,CAS 3区
LETTERS IN APPLIED MICROBIOLOGY,CAS 4区
Letters in Drug Design & Discovery,CAS 4区
LETTERS IN MATHEMATICAL PHYSICS,CAS 2区
LETTERS IN ORGANIC CHEMISTRY,CAS 4区
Letters in Spatial and Resource Sciences,CAS 4区
Letters on Materials,CAS 4区
LEUKEMIA,CAS 1区 Top
LEUKEMIA & LYMPHOMA,CAS 4区
LEUKEMIA RESEARCH,CAS 4区
Leukemia Research Reports,CAS 4区
Leukos,CAS 3区
Levant,CAS 4区
Leviathan-A Journal of Melville Studies,CAS 2区
LEXICOGRAPHICA,CAS 3区
Lexikos,SSCI/SCI/AHCI
Lex Localis-Journal of Local Self-Government,CAS 4区
Lexonomica,CAS 4区
LFE-Revista de Lenguas para Fines Especificos,CAS 4区
LGBT Health,SSCI/SCIE/SCI
LGBTQ Family-An Interdisciplinary Journal,CAS 4区
LHB-Hydroscience Journal,CAS 4区
LIAS-Journal of Early Modern Intellectual Culture and its Sources,CAS 3区
Liberabit-Revista de Psicologia,CAS 4区
LIBERTE,CAS 4区
LIBRARY,CAS 3区
LIBRARY AND INFORMATION SCIENCE,CAS 4区
Library & Information History,CAS 4区
LIBRARY & INFORMATION SCIENCE RESEARCH,CAS 3区
LIBRARY JOURNAL,CAS 4区
Library Management,CAS 3区
LIBRARY QUARTERLY,CAS 4区
LIBRARY RESOURCES & TECHNICAL SERVICES,CAS 4区
LIBRARY TRENDS,CAS 4区
Libres-Library and Information Science Research Electronic Journal,CAS 4区
LIBRI-International Journal of Libraries and Information Studies,CAS 4区
Libri & Liberi,CAS 4区
Libros de la Corte,CAS 4区
Libyan Journal of Medicine,CAS 4区
LICHENOLOGIST,CAS 3区
LIED UND POPULARE KULTUR-SONG AND POPULAR CULTURE,CAS 4区
Lietuvos istorijos studijos,CAS 4区
Life-Basel,CAS 3区
Life Medicine,CAS 4区
Life Metabolism,CAS 4区
Life Science Alliance,CAS 3区
LIFE SCIENCES,CAS 3区
Life Sciences in Space Research,CAS 3区
Life Span and Disability,CAS 4区
Lifestyle Genomics,CAS 4区
LIFETIME DATA ANALYSIS,CAS 4区
Life Writing,CAS 4区
Light-Advanced Manufacturing,Indexed
Light & Engineering,CAS 4区
Lighting Research & Technology,CAS 3区
Light-Science & Applications,CAS 1区 Top
LILI-ZEITSCHRIFT FUR LITERATURWISSENSCHAFT UND LINGUISTIK,CAS 4区
Limite-Revista de Estudios Portugueses y de la Lusofonia,CAS 4区
Limite-Revista de Filosofia y Psicologia,CAS 4区
LIMNETICA,CAS 4区
LIMNOLOGICA,CAS 3区
LIMNOLOGY,CAS 4区
LIMNOLOGY AND OCEANOGRAPHY,CAS 2区
Limnology and Oceanography Letters,CAS 1区 Top
LIMNOLOGY AND OCEANOGRAPHY-METHODS,CAS 4区
Linacre Quarterly,CAS 4区
LINEAR ALGEBRA AND ITS APPLICATIONS,CAS 3区
LINEAR & MULTILINEAR ALGEBRA,CAS 4区
LINGUA,SSCI/SCI/AHCI
Linguae &-Rivista di Lingue e Culture Moderne,CAS 4区
LINGUA E STILE,CAS 4区
Lingua Italiana,CAS 3区
Linguamatica,CAS 4区
Lingua Montenegrina,CAS 4区
LINGUA NOSTRA,CAS 4区
Linguas e Instrumentos Linguisticos,CAS 4区
Linguas & Letras,CAS 4区
Lingue Antiche e Moderne,CAS 4区
Lingue e Linguaggio,CAS 3区
Linguistica Antverpiensia New Series-Themes in Translation Studies,SSCI/SCI/AHCI
Linguistica e Filologia,CAS 4区
Linguisticae Investigationes,CAS 4区
Linguistic Approaches to Bilingualism,SSCI/SCI/AHCI
Linguistica Pragensia,CAS 4区
Linguistica y Literatura,CAS 4区
LINGUISTIC INQUIRY,SSCI/SCI/AHCI
Linguistic Landscape-An International Journal,CAS 2区
Linguistic Research,CAS 3区
LINGUISTIC REVIEW,SSCI/SCI/AHCI
LINGUISTICS,SSCI/SCI/AHCI
Linguistics and Education,SSCI/SCI/AHCI
LINGUISTICS AND PHILOSOPHY,SSCI/SCI/AHCI
Linguistics and the Human Sciences,CAS 4区
Linguistics of the Tibeto-Burman Area,CAS 2区
Linguistics Vanguard,SSCI/SCI/AHCI
Linguistic Typology,SSCI/SCI/AHCI
Linguistic Variation,CAS 3区
LINGUISTIQUE,CAS 4区
Linha d Agua,CAS 4区
Linhas Criticas,CAS 4区
LINKS Rivista di letteratura e cultura tedesca,CAS 4区
Lino - Revista Anual de Historia del Arte,CAS 4区
LION AND THE UNICORN,CAS 4区
LIPIDS,CAS 4区
Lipids in Health and Disease,CAS 2区
LIQUID CRYSTALS,CAS 3区
Liquid Crystals and their Application,CAS 4区
Liquid Crystals Reviews,CAS 3区
Liquid Crystals Today,CAS 4区
LISTY CUKROVARNICKE A REPARSKE,CAS 4区
Listy Filologicke,CAS 3区
Literacy,SSCI/SCI/AHCI
Literacy Research and Instruction,CAS 4区
Litera-Journal of Language Literature and Culture Studies,CAS 4区
Literary Imagination,CAS 3区
Literary Journalism Studies,Indexed
Literary Voice,CAS 4区
Literator-Journal of Literary Criticism Comparative Linguistics and Literary Studies,CAS 3区
Literatura e Autoritarismo,CAS 4区
Literatura e Sociedade,CAS 4区
Literatura Mexicana,CAS 4区
Literatura-Teoria Historia Critica,CAS 4区
Literature and Aesthetics,CAS 4区
LITERATURE AND MEDICINE,CAS 4区
Literature and Theology,CAS 3区
Literature Compass,CAS 2区
Literature Critique and Empire Today,Indexed
LITERATURE & HISTORY-THIRD SERIES,CAS 3区
LITERATUR UND KRITIK,CAS 4区
Lithic Technology,SSCI/SCI/AHCI
LITHOLOGY AND MINERAL RESOURCES,CAS 4区
LITHOS,CAS 2区
Lithosphere,CAS 4区
Lithuanian Historical Studies,CAS 4区
Lithuanian Journal of Physics,CAS 4区
Lithuanian Mathematical Journal,CAS 4区
LIT-Literature Interpretation Theory,CAS 4区
LITTERATURE,CAS 4区
LITTERATURES,CAS 4区
Liturgy,CAS 4区
Liver Cancer,CAS 1区 Top
LIVER INTERNATIONAL,CAS 2区 Top
Liverpool Law Review,CAS 4区
Liver Research,CAS 3区
Livers,Indexed
LIVER TRANSPLANTATION,CAS 2区
Livestock Science,CAS 3区
Living Reviews in Relativity,CAS 1区 Top
Living Reviews in Solar Physics,CAS 1区 Top
Ljetopis Socijalnog Rada,CAS 4区
Llengua & Literatura,CAS 4区
Llengua Societat i Comunicacio,CAS 4区
LLT Journal-A Journal on Language and Language Teaching,Indexed
Lobachevskii Journal of Mathematics,CAS 4区
Local and Regional Anesthesia,CAS 4区
Local Economy,CAS 3区
Local Environment,CAS 3区
LOCAL GOVERNMENT STUDIES,CAS 3区
LogForum,CAS 4区
Loggia Arquitectura & Restauracion,CAS 4区
Logical Methods in Computer Science,CAS 4区
Logic and Logical Philosophy,CAS 3区
Logica Universalis,CAS 4区
LOGIC JOURNAL OF THE IGPL,CAS 4区
Logistics-Basel,CAS 4区
Logopedics Phoniatrics Vocology,CAS 4区
Logos,CAS 4区
LOGOS-A JOURNAL OF CATHOLIC THOUGHT AND CULTURE,CAS 4区
Logos-Anales del Seminario de Metafisica,CAS 4区
Logos Ciencia & Tecnologia,CAS 4区
Logos-Journal of the World Publishing Community,CAS 4区
Logos & Pneuma-Chinese Journal of Theology,CAS 4区
Logos-Revista de Linguistica Filosofia y Literatura,CAS 4区
Logos-Vilnius,CAS 4区
LOISIR & SOCIETE-SOCIETY AND LEISURE,CAS 4区
London Journal,SSCI/SCI/AHCI
London Review of Education,CAS 4区
London Review of International Law,CAS 3区
Longitudinal and Life Course Studies,CAS 3区
LONG RANGE PLANNING,CAS 2区
Loquens,CAS 4区
LOTUS INTERNATIONAL,CAS 4区
Louvain Studies,CAS 4区
LOW TEMPERATURE PHYSICS,CAS 4区
Lubricants,CAS 3区
Lubrication Science,CAS 4区
Lucentum,CAS 4区
Lumen-Eighteenth-Century Studies-d Etude du Dix-Huitieme,CAS 4区
LUMINESCENCE,CAS 3区
LUNG,CAS 3区
LUNG CANCER,CAS 2区
Lung Cancer Management,CAS 4区
Lung Cancer-Targets and Therapy,CAS 3区
Lung India,CAS 4区
LUPUS,CAS 4区
Lupus Science & Medicine,CAS 2区
Luso-Brazilian Review,CAS 3区
Lusotopie,CAS 4区
LUTS-Lower Urinary Tract Symptoms,CAS 4区
Luxury-History Culture Consumption,CAS 4区
Luz,CAS 4区
LWT-FOOD SCIENCE AND TECHNOLOGY,CAS 1区 Top
Lymphatic Research and Biology,CAS 4区
LYMPHOLOGY,CAS 4区
LymphoSign Journal-The Journal of Inherited Immune Disorders,CAS 4区
mAbs,CAS 2区
Macedonian Journal of Chemistry and Chemical engineering,CAS 4区
Macedonian Veterinary Review,CAS 4区
Machine Intelligence Research,CAS 2区
MACHINE LEARNING,CAS 4区
Machine Learning and Knowledge Extraction,CAS 4区
Machine Learning-Science and Technology,CAS 2区
Machine Learning with Applications,Indexed
Machines,CAS 3区
MACHINE TRANSLATION,CAS 4区
MACHINE VISION AND APPLICATIONS,CAS 4区
MACHINING SCIENCE AND TECHNOLOGY,CAS 3区
MACROECONOMIC DYNAMICS,CAS 4区
Macroeconomics and Finance in Emerging Market Economies,CAS 4区
Macroheterocycles,CAS 4区
Macromol,Indexed
MACROMOLECULAR BIOSCIENCE,CAS 4区
MACROMOLECULAR CHEMISTRY AND PHYSICS,CAS 4区
MACROMOLECULAR MATERIALS AND ENGINEERING,CAS 3区
MACROMOLECULAR RAPID COMMUNICATIONS,CAS 3区
Macromolecular Reaction Engineering,CAS 4区
MACROMOLECULAR RESEARCH,CAS 4区
MACROMOLECULAR THEORY AND SIMULATIONS,CAS 4区
MACROMOLECULES,CAS 1区 Top
Maderas-Ciencia y Tecnologia,CAS 4区
Madera y Bosques,CAS 4区
Madrygal-Revista de Estudios Gallegos,CAS 4区
Maejo International Journal of Science and Technology,CAS 4区
Magallania,CAS 4区
Magallanica-Revista de Historia Moderna,CAS 4区
Magazine of Civil Engineering,CAS 4区
MAGAZINE OF CONCRETE RESEARCH,CAS 4区
Magic Ritual and Witchcraft,CAS 3区
Magis-Revista Internacional de Investigacion en Educacion,CAS 4区
MAGNESIUM RESEARCH,CAS 4区
MAGNETIC RESONANCE IMAGING,CAS 4区
Magnetic Resonance Imaging Clinics of North America,CAS 4区
MAGNETIC RESONANCE IN CHEMISTRY,CAS 3区
Magnetic Resonance in Medical Sciences,CAS 4区
MAGNETIC RESONANCE IN MEDICINE,CAS 3区
Magnetic Resonance in Solids,CAS 4区
MAGNETIC RESONANCE LETTERS,CAS 4区
MAGNETIC RESONANCE MATERIALS IN PHYSICS BIOLOGY AND MEDICINE,CAS 4区
Magnetochemistry,CAS 3区
Magnetohydrodynamics,CAS 4区
Magnificat Cultura i Literatura Medievals,CAS 3区
MAGYAR ALLATORVOSOK LAPJA,CAS 4区
MAIN GROUP CHEMISTRY,CAS 4区
MAIN GROUP METAL CHEMISTRY,CAS 3区
Majalah Kedokteran Bandung,CAS 4区
Makara Hubs-Asia,CAS 4区
Makara Journal of Health Research,CAS 4区
Makara Journal of Science,CAS 4区
Makara Journal of Technology,CAS 4区
MALACOLOGIA,CAS 4区
MALARIA JOURNAL,CAS 3区
Malawi Medical Journal,CAS 4区
MALAYSIAN APPLIED BIOLOGY,Indexed
Malaysian Journal of Computer Science,CAS 4区
Malaysian Journal of Economic Studies,CAS 4区
Malaysian Journal of ELT Research,CAS 4区
Malaysian Journal of Fundamental and Applied Sciences,CAS 4区
Malaysian Journal of Learning & Instruction,CAS 4区
Malaysian Journal of Library & Information Science,CAS 4区
Malaysian Journal of Mathematical Sciences,CAS 4区
Malaysian Journal of Medical Sciences,CAS 4区
Malaysian Journal of Microbiology,CAS 4区
Malaysian Journal of Music,CAS 4区
Malaysian Journal of Pathology,CAS 4区
Malaysian Journal of Soil Science,CAS 4区
Malaysian Orthopaedic Journal,CAS 4区
MALIMBUS,CAS 4区
Maliye Dergisi,CAS 4区
MAMMALIA,CAS 4区
MAMMALIAN BIOLOGY,CAS 3区
MAMMALIAN GENOME,CAS 4区
Mammal Research,CAS 4区
MAMMAL REVIEW,CAS 2区
MAMMAL STUDY,CAS 4区
Management,CAS 4区
Management Accounting Research,CAS 2区
Management and Organization Review,CAS 4区
Management and Production Engineering Review,CAS 4区
Management Communication Quarterly,CAS 4区
MANAGEMENT DECISION,CAS 3区
MANAGEMENT IN EDUCATION,CAS 4区
MANAGEMENT INTERNATIONAL REVIEW,CAS 3区
Management-Journal of Contemporary Management Issues,CAS 4区
MANAGEMENT LEARNING,CAS 3区
Management & Marketing,CAS 4区
Management of Biological Invasions,CAS 4区
Management of Environmental Quality,CAS 3区
Management & Organizational History,CAS 4区
Management-Poland,CAS 4区
Management Research and Practice,CAS 4区
Management Research Review,CAS 4区
Management Research-The Journal of the Iberoamerican Academy of Management,CAS 4区
Management Review Quarterly,Indexed
Management Revue,CAS 3区
MANAGEMENT SCIENCE,SSCI/SCIE/SCI
Management Systems in Production Engineering,CAS 4区
Management Theory and Studies for Rural Business and Infrastructure Development,CAS 4区
MANAGERIAL AND DECISION ECONOMICS,CAS 4区
Managerial Auditing Journal,CAS 3区
MANAGERIAL FINANCE,CAS 4区
Managing Sport and Leisure,CAS 4区
Manchester Journal of International Economic Law,CAS 4区
MANCHESTER SCHOOL,CAS 4区
Mandenkan-Bulletin Semestriel d Etudes Linguistiques Mande,CAS 3区
Manoa-A Pacific Journal of International Writing,CAS 4区
MANUELLE MEDIZIN,CAS 4区
MANUFACTURING ENGINEERING,CAS 4区
Manufacturing Letters,CAS 4区
Manufacturing Review,CAS 4区
Manufacturing Technology,CAS 4区
MANUSCRIPTA MATHEMATICA,CAS 4区
Manuscript Studies-A Journal of the Schoenberg Institute for Manuscript Studies,CAS 4区
Manuscrito,CAS 4区
Manzar-The Scientific Journal of Landscape,CAS 4区
MAPAN-Journal of Metrology Society of India,CAS 4区
M+A-Revista Electronica de Medio Ambiente,CAS 4区
Marg-A Magazine of the Arts,CAS 4区
Margin-Journal of Applied Economic Research,CAS 4区
Marine and Coastal Fisheries,CAS 3区
MARINE AND FRESHWATER BEHAVIOUR AND PHYSIOLOGY,CAS 4区
MARINE AND FRESHWATER RESEARCH,CAS 4区
MARINE AND PETROLEUM GEOLOGY,CAS 2区
Marine Biodiversity,CAS 4区
MARINE BIOLOGY,CAS 3区
Marine Biology Research,CAS 4区
MARINE BIOTECHNOLOGY,CAS 3区
MARINE CHEMISTRY,CAS 3区
Marine Drugs,CAS 2区
Marine Ecology-An Evolutionary Perspective,CAS 4区
MARINE ECOLOGY PROGRESS SERIES,CAS 3区
MARINE ENVIRONMENTAL RESEARCH,CAS 3区
Marine Genomics,CAS 4区
MARINE GEODESY,CAS 3区
MARINE GEOLOGY,CAS 2区
MARINE GEOPHYSICAL RESEARCH,CAS 4区
MARINE GEORESOURCES & GEOTECHNOLOGY,CAS 4区
MARINE GEOSCIENCE AND ENERGY RESOURCES,Indexed
Marine Intellectual Technologies,CAS 4区
Marine Life Science & Technology,CAS 1区 Top
MARINE MAMMAL SCIENCE,CAS 3区
MARINE MICROPALEONTOLOGY,CAS 3区
MARINE ORNITHOLOGY,CAS 4区
Marine Policy,CAS 2区
Marine Pollution Bulletin,CAS 2区
Marine Resource Economics,SSCI/SCIE/SCI
MARINERS MIRROR,CAS 4区
MARINE STRUCTURES,CAS 2区
MARINE TECHNOLOGY SOCIETY JOURNAL,CAS 4区
Maritime Business Review,CAS 4区
Maritime Economics & Logistics,CAS 4区
MARITIME ENGINEERING,Indexed
Maritime Policy & Management,CAS 3区
Maritime Studies,CAS 3区
Maritime Transport Research,CAS 2区
Marketing and Management of Innovations,CAS 4区
Marketing Intelligence & Planning,CAS 3区
MARKETING LETTERS,CAS 4区
MARKETING SCIENCE,CAS 3区
Marketing Theory,CAS 3区
Market-Trziste,CAS 4区
Markov Processes and Related Fields,CAS 4区
Mark Twain Annual,CAS 4区
Marmara Medical Journal,CAS 4区
MARRIAGE AND FAMILY REVIEW,CAS 4区
Marvels & Tales-Journal of Fairy-Tale Studies,Indexed
Masonry Society Journal,Indexed
MASSACHUSETTS REVIEW,CAS 4区
Mass Communication and Society,CAS 2区 Top
Mass Spectrometry Letters,CAS 4区
MASS SPECTROMETRY REVIEWS,CAS 2区
MASTER DRAWINGS,CAS 3区
Masyarakat Kebudayaan dan Politik,CAS 4区
MATCH-COMMUNICATIONS IN MATHEMATICAL AND IN COMPUTER CHEMISTRY,CAS 2区
Matematiche,CAS 4区
Matematicki Vesnik,CAS 4区
Matematika,CAS 4区
Materia Arquitectura,CAS 4区
MATERIALE PLASTICE,CAS 4区
MATERIALES DE CONSTRUCCION,CAS 4区
Materiales para la Historia del Deporte,CAS 4区
Materialia,CAS 3区
Materiali e Discussioni per l Analisi dei Testi Classici,CAS 3区
Materiali in Tehnologije,CAS 4区
Materiali per una Storia della Cultura Giuridica,CAS 4区
Material Religion,CAS 3区
Materials,CAS 3区
Materials Advances,CAS 4区
MATERIALS AND CORROSION-WERKSTOFFE UND KORROSION,CAS 4区
MATERIALS AND MANUFACTURING PROCESSES,CAS 3区
MATERIALS AND STRUCTURES,CAS 3区
MATERIALS AT HIGH TEMPERATURES,CAS 4区
MATERIALS CHARACTERIZATION,CAS 2区
MATERIALS CHEMISTRY AND PHYSICS,CAS 3区
Materials Chemistry Frontiers,CAS 3区
MATERIALS & DESIGN,CAS 2区
MATERIALS EVALUATION,CAS 4区
Materials for Quantum Technology,CAS 4区
Materials for Renewable and Sustainable Energy,CAS 4区
Materials Futures,CAS 1区 Top
Materials Horizons,CAS 2区
MATERIALS LETTERS,CAS 4区
Materials Letters-X,CAS 4区
Materials Performance and Characterization,CAS 4区
Materials Physics and Mechanics,CAS 4区
Materials Reports: Energy,Indexed
MATERIALS RESEARCH BULLETIN,CAS 3区
Materials Research Express,CAS 4区
Materials Research-Ibero-american Journal of Materials,CAS 4区
Materials Research Letters,CAS 1区 Top
MATERIALS SCIENCE,CAS 4区
MATERIALS SCIENCE AND ENGINEERING A-STRUCTURAL MATERIALS PROPERTIES MICROSTRUCTURE AND PROCESSING,CAS 2区 Top
Materials Science and Engineering B-Advanced Functional Solid-State Materials,CAS 3区
MATERIALS SCIENCE AND TECHNOLOGY,CAS 4区
MATERIALS SCIENCE & ENGINEERING R-REPORTS,CAS 1区 Top
Materials Science in Additive Manufacturing,Indexed
MATERIALS SCIENCE IN SEMICONDUCTOR PROCESSING,CAS 3区
Materials Science-Medziagotyra,CAS 4区
MATERIALS SCIENCE-POLAND,CAS 4区
MATERIALS TECHNOLOGY,CAS 4区
Materials Testing,CAS 4区
Materials Today,CAS 1区 Top
Materials Today Advances,CAS 2区
Materials Today Bio,CAS 1区 Top
Materials Today Chemistry,CAS 2区 Top
Materials Today Communications,CAS 3区
Materials Today Electronics,Indexed
Materials Today Energy,CAS 2区
Materials Today Nano,CAS 2区
Materials Today Physics,CAS 2区 Top
Materials Today Sustainability,CAS 3区
MATERIALS TRANSACTIONS,CAS 4区
MATERIALWISSENSCHAFT UND WERKSTOFFTECHNIK,CAS 4区
Materia-Rio de Janeiro,CAS 4区
Materiaux & Techniques,CAS 4区
MATERNAL AND CHILD HEALTH JOURNAL,CAS 4区
Maternal and Child Nutrition,CAS 2区
Maternal-Fetal Medicine,CAS 4区
Mathematica Bohemica,CAS 4区
Mathematical and Computational Applications,CAS 4区
Mathematical and Computational Forestry & Natural-Resource Sciences,CAS 4区
MATHEMATICAL AND COMPUTER MODELLING OF DYNAMICAL SYSTEMS,CAS 4区
MATHEMATICAL BIOSCIENCES,CAS 4区
Mathematical Communications,CAS 4区
Mathematical Control and Related Fields,CAS 4区
MATHEMATICAL FINANCE,SSCI/SCIE/SCI
Mathematical Foundations of Computing,CAS 4区
MATHEMATICAL GAZETTE,CAS 4区
Mathematical Geosciences,CAS 3区
MATHEMATICAL INEQUALITIES & APPLICATIONS,CAS 4区
MATHEMATICAL INTELLIGENCER,CAS 4区
MATHEMATICAL LOGIC QUARTERLY,CAS 4区
MATHEMATICAL MEDICINE AND BIOLOGY-A JOURNAL OF THE IMA,CAS 4区
MATHEMATICAL METHODS IN THE APPLIED SCIENCES,CAS 4区
MATHEMATICAL METHODS OF OPERATIONS RESEARCH,CAS 4区
Mathematical Methods of Statistics,CAS 3区
Mathematical Modelling and Analysis,CAS 3区
Mathematical Modelling and Control,CAS 4区
Mathematical Modelling of Natural Phenomena,CAS 4区
MATHEMATICAL MODELS & METHODS IN APPLIED SCIENCES,CAS 1区 Top
MATHEMATICAL NOTES,CAS 4区
MATHEMATICAL PHYSICS ANALYSIS AND GEOMETRY,CAS 3区
Mathematical Population Studies,SSCI/SCIE/SCI
MATHEMATICAL PROCEEDINGS OF THE CAMBRIDGE PHILOSOPHICAL SOCIETY,CAS 3区
MATHEMATICAL PROGRAMMING,CAS 2区 Top
Mathematical Programming Computation,CAS 2区
Mathematical Reports,CAS 4区
MATHEMATICAL RESEARCH LETTERS,CAS 4区
Mathematical Sciences,CAS 4区
MATHEMATICAL SOCIAL SCIENCES,SSCI/SCIE/SCI
MATHEMATICAL STRUCTURES IN COMPUTER SCIENCE,CAS 4区
Mathematical Thinking and Learning,CAS 3区
MATHEMATICA SCANDINAVICA,CAS 4区
Mathematica Slovaca,CAS 4区
Mathematics,CAS 4区
MATHEMATICS AND COMPUTERS IN SIMULATION,CAS 2区 Top
Mathematics and Financial Economics,SSCI/SCIE/SCI
Mathematics and Informatics,CAS 4区
Mathematics and Mechanics of Complex Systems,CAS 4区
MATHEMATICS AND MECHANICS OF SOLIDS,CAS 4区
Mathematics Education Research Journal,CAS 3区
Mathematics Enthusiast,CAS 4区
Mathematics in Applied Sciences and Engineering,CAS 4区
Mathematics in Computer Science,CAS 4区
Mathematics in Engineering,CAS 3区
MATHEMATICS OF COMPUTATION,CAS 1区 Top
MATHEMATICS OF CONTROL SIGNALS AND SYSTEMS,CAS 4区
MATHEMATICS OF OPERATIONS RESEARCH,CAS 4区
MATHEMATIKA,CAS 3区
MATHEMATISCHE ANNALEN,CAS 2区
MATHEMATISCHE NACHRICHTEN,CAS 4区
MATHEMATISCHE ZEITSCHRIFT,CAS 2区
Matraga-Estudos Linguisticos e Literario,CAS 4区
MATRIX BIOLOGY,CAS 1区 Top
Matter,CAS 1区 Top
Matter and Radiation at Extremes,CAS 1区 Top
MATURITAS,CAS 2区
Mausam,CAS 4区
Maxillofacial Plastic and Reconstructive Surgery,CAS 3区
MAYDICA,CAS 4区
MAYO CLINIC PROCEEDINGS,CAS 2区 Top
mBio,CAS 2区 Top
McGill Journal of Education,CAS 4区
McGill Journal of Law and Health,CAS 4区
McGill Journal of Sustainable Development Law,Indexed
McMaster Journal of Theology and Ministry,CAS 4区
MCN-The American Journal of Maternal-Child Nursing,SSCI/SCIE/SCI
MCS-Masculinities and Social Change,CAS 4区
MDM Policy & Practice,CAS 4区
Meandros Medical and Dental Journal,CAS 4区
MEANJIN,CAS 4区
MEASUREMENT,CAS 2区
MEASUREMENT AND EVALUATION IN COUNSELING AND DEVELOPMENT,CAS 4区
MEASUREMENT & CONTROL,CAS 4区
Measurement: Food,Indexed
Measurement in Physical Education and Exercise Science,SSCI/SCIE/SCI
Measurement-Interdisciplinary Research and Perspectives,CAS 4区
MEASUREMENT SCIENCE and TECHNOLOGY,CAS 3区
Measurement Science Review,CAS 4区
MEASUREMENT TECHNIQUES,CAS 4区
Measuring Business Excellence,CAS 4区
Meat and Muscle Biology,Indexed
MEAT SCIENCE,CAS 1区 Top
MECCANICA,CAS 3区
MECHANICAL ENGINEERING,CAS 4区
Mechanical Engineering Journal,CAS 4区
Mechanical Engineering Reviews,CAS 4区
Mechanical Sciences,CAS 4区
MECHANICAL SYSTEMS AND SIGNAL PROCESSING,CAS 1区 Top
MECHANICS BASED DESIGN OF STRUCTURES AND MACHINES,CAS 3区
Mechanics & Industry,CAS 4区
MECHANICS OF ADVANCED MATERIALS AND STRUCTURES,CAS 3区
MECHANICS OF COMPOSITE MATERIALS,CAS 4区
MECHANICS OF MATERIALS,CAS 3区
Mechanics of Solids,CAS 4区
MECHANICS OF TIME-DEPENDENT MATERIALS,CAS 3区
MECHANICS RESEARCH COMMUNICATIONS,CAS 4区
Mechanika,CAS 4区
MECHANISM AND MACHINE THEORY,CAS 1区 Top
MECHANISMS OF AGEING AND DEVELOPMENT,CAS 2区
MECHATRONICS,CAS 3区
Mechatronic Systems and Control,CAS 4区
Med,CAS 1区 Top
MedComm,CAS 1区 Top
MedComm-Oncology,Indexed
Medecine & Droit,CAS 4区
Medecine Nucleaire-Imagerie Fonctionnelle et Metabolique,CAS 4区
Medecine Palliative,CAS 4区
Medeniyet Medical Journal,CAS 4区
Media and Communication,CAS 2区 Top
Mediaciones Sociales,CAS 4区
MEDIA CULTURE & SOCIETY,CAS 2区 Top
Media Education-Mediaobrazovanie,CAS 4区
Mediaevalia-An Interdisciplinary Journal of Medieval Studies Worldwide,CAS 4区
Media History,CAS 3区
Media International Australia,CAS 3区
Media & Jornalismo,CAS 4区
Media Literacy and Academic Research,CAS 3区
MEDIA PSYCHOLOGY,SSCI/SCI/AHCI
MEDIATORS OF INFLAMMATION,CAS 3区
Media War and Conflict,CAS 2区
Medical Acupuncture,CAS 4区
MEDICAL AND VETERINARY ENTOMOLOGY,CAS 3区
Medical Anthropology,CAS 3区
MEDICAL ANTHROPOLOGY QUARTERLY,CAS 2区
MEDICAL & BIOLOGICAL ENGINEERING & COMPUTING,CAS 4区
Medical Bulletin of Sisli Etfal Hospital,CAS 4区
MEDICAL CARE,SSCI/SCIE/SCI
MEDICAL CARE RESEARCH AND REVIEW,SSCI/SCIE/SCI
MEDICAL CLINICS OF NORTH AMERICA,CAS 3区
MEDICAL DECISION MAKING,SSCI/SCIE/SCI
Medical Devices-Evidence and Research,CAS 4区
Medical Dosimetry,CAS 4区
MEDICAL EDUCATION,CAS 1区 Top
Medical Education Online,CAS 3区
MEDICAL ENGINEERING & PHYSICS,CAS 4区
Medical Gas Research,CAS 3区
MEDICAL HISTORY,SSCI/SCIE/SCI/AHCI
Medical Humanities,CAS 4区
MEDICAL HYPOTHESES,CAS 4区
MEDICAL IMAGE ANALYSIS,CAS 1区 Top
MEDICAL JOURNAL OF AUSTRALIA,CAS 3区
Medical Journal of Bakirkoy,CAS 4区
Medical Journal of Indonesia,CAS 4区
Medical Law Review,SSCI/SCIE/SCI
MEDICAL LETTER ON DRUGS AND THERAPEUTICS,CAS 4区
MEDICAL MICROBIOLOGY AND IMMUNOLOGY,CAS 2区
Medical Molecular Morphology,CAS 4区
MEDICAL MYCOLOGY,CAS 3区
Medical Mycology Case Reports,CAS 4区
Medical Mycology Journal,CAS 4区
MEDICAL ONCOLOGY,CAS 4区
MEDICAL PHYSICS,CAS 3区
MEDICAL PRINCIPLES AND PRACTICE,CAS 4区
MEDICAL PROBLEMS OF PERFORMING ARTISTS,SCIE/SCI/AHCI
Medical Science Educator,CAS 4区
MEDICAL SCIENCE MONITOR,CAS 4区
Medical Science Monitor Basic Research,CAS 4区
Medical Sciences,Indexed
Medical Studies-Studia Medyczne,CAS 4区
Medical-Surgical Journal-Revista Medico-Chirurgicala,CAS 4区
MEDICAL TEACHER,CAS 3区
Medical Ultrasonography,CAS 4区
Medicina Balear,CAS 4区
MEDICINA-BUENOS AIRES,CAS 4区
MEDICINA CLINICA,CAS 4区
Medicina de Familia-SEMERGEN,CAS 4区
Medicina del Lavoro,CAS 4区
MEDICINA DELLO SPORT,CAS 4区
Medicina Intensiva,CAS 4区
Medicinal Chemistry,CAS 4区
MEDICINAL CHEMISTRY RESEARCH,CAS 4区
Medicina-Lithuania,CAS 4区
Medicinal Plant Biology,Indexed
MEDICINAL RESEARCH REVIEWS,CAS 1区 Top
Medicina Oral Patologia Oral y Cirugia Bucal,CAS 4区
MEDICINE,CAS 4区
Medicine and Health,CAS 4区
MEDICINE AND LAW,CAS 4区
Medicine Health Care and Philosophy,SSCI/SCI/AHCI
Medicine Law & Society,CAS 4区
MEDICINE SCIENCE AND THE LAW,SSCI/SCIE/SCI
MEDICINE & SCIENCE IN SPORTS & EXERCISE,CAS 2区 Top
Medicni Perspektivi,CAS 4区
Medieval Archaeology,CAS 3区
Medieval Encounters,CAS 4区
MEDIEVAL HISTORY JOURNAL,CAS 3区
Medievalismo,CAS 4区
Medieval Mystical Theology,CAS 3区
Medieval Sermon Studies,Indexed
Medijske Studije-Media Studies,CAS 4区
Medisur-Revista de Ciencias Medicas de Cienfuegos,CAS 4区
Meditari Accountancy Research,CAS 3区
Mediterranean Archaeology & Archaeometry,CAS 4区
Mediterranean Botany,CAS 4区
Mediterranean Historical Review,SSCI/SCI/AHCI
Mediterranean Journal of Clinical Psychology,CAS 4区
Mediterranean Journal of Hematology and Infectious Diseases,CAS 4区
Mediterranean Journal of Infection Microbes and Antimicrobials,CAS 4区
Mediterranean Journal of Mathematics,CAS 2区
Mediterranean Journal of Nutrition and Metabolism,CAS 4区
Mediterranean Journal of Rheumatology,Indexed
MEDITERRANEAN MARINE SCIENCE,CAS 3区
Mediterranean Nursing and Midwifery,Indexed
Mediterranean Politics,CAS 3区
Mediterranean Studies,CAS 4区
Mediterranea-Ricerche Storiche,CAS 4区
MEDIUM AEVUM,CAS 4区
Medizinhistorisches Journal,CAS 4区
Medizinische Genetik,CAS 4区
Medizinische Klinik-Intensivmedizin und Notfallmedizin,CAS 4区
MEDSCIENCE,Indexed
Medwave,CAS 4区
Medycyna Paliatywna-Palliative Medicine,CAS 4区
Medycyna Pracy-Workers Health and Safety,CAS 4区
Medycyna Weterynaryjna-Veterinary Medicine-Science and Practice,CAS 4区
Megaron,CAS 4区
Mehran University Research Journal of Engineering and Technology,CAS 4区
Melanges de la Casa de Velazquez,CAS 4区
Melanoma Management,Indexed
MELANOMA RESEARCH,CAS 4区
Melbourne Journal of International Law,CAS 4区
Melbourne University Law Review,CAS 3区
MELUS,CAS 3区
Membrane and Water Treatment,CAS 4区
Membranes,CAS 4区
Membranes and Membrane Technologies,CAS 4区
Memetic Computing,CAS 3区
Memoires Identites Marginalites dans le Monde Occidental Contemporain,CAS 4区
MEMOIRS OF THE AMERICAN MATHEMATICAL SOCIETY,CAS 2区
Memoirs on Differential Equations and Mathematical Physics,CAS 4区
Memo-Magazine of European Medical Oncology,CAS 4区
Memoria e Ricerca - Rivista di Storia Contemporanea,CAS 4区
Memoria Investigaciones en Ingenieria,CAS 4区
MEMORIAS DO INSTITUTO OSWALDO CRUZ,CAS 3区
Memoria y Civilizacion-Anuario de Historia,CAS 4区
MEMORY,CAS 3区
MEMORY & COGNITION,CAS 3区
Memory Studies,SSCI/SCI/AHCI
Men and Masculinities,CAS 2区
MENDELEEV COMMUNICATIONS,CAS 3区
Menopause Review-Przeglad Menopauzalny,CAS 4区
MENOPAUSE-The Journal of the Menopause Society,Indexed
MENOPAUSE-THE JOURNAL OF THE NORTH AMERICAN MENOPAUSE SOCIETY,CAS 3区
Mental Health and Physical Activity,CAS 3区
Mental Health and Social Inclusion,CAS 4区
Mental Health & Prevention,Indexed
Mental Health Religion & Culture,CAS 4区
Mental Health Review Journal,CAS 4区
Mental Illness,CAS 4区
Mental Lexicon,CAS 4区
MENTORING & TUTORING,CAS 3区
Meridiano 47-Journal of Global Studies,CAS 4区
Meridians-Feminism Race Transnationalism,CAS 4区
MERKUR-DEUTSCHE ZEITSCHRIFT FUR EUROPAISCHES DENKEN,CAS 4区
MERRILL-PALMER QUARTERLY-JOURNAL OF DEVELOPMENTAL PSYCHOLOGY,CAS 4区
MESTER,CAS 4区
Mesto a Dejiny-The City and History,CAS 4区
META,CAS 4区
Metabarcoding and Metagenomics,Indexed
METABOLIC BRAIN DISEASE,CAS 4区
METABOLIC ENGINEERING,CAS 1区 Top
Metabolic Engineering Communications,CAS 2区
Metabolic Syndrome and Related Disorders,CAS 4区
Metabolism and Target Organ Damage,Indexed
METABOLISM-CLINICAL AND EXPERIMENTAL,CAS 1区 Top
Metabolism Open,Indexed
Metabolites,CAS 3区
Metabolomics,CAS 3区
Metacognition and Learning,CAS 1区 Top
Metacritic Journal for Comparative Studies and Theory,CAS 3区
Metallography Microstructure and Analysis,CAS 4区
Metallomics,CAS 3区
Metallophysics and Advanced Technologies,Indexed
METALLURGIA ITALIANA,CAS 4区
METALLURGICAL AND MATERIALS TRANSACTIONS A-PHYSICAL METALLURGY AND MATERIALS SCIENCE,CAS 3区
METALLURGICAL AND MATERIALS TRANSACTIONS B-PROCESS METALLURGY AND MATERIALS PROCESSING SCIENCE,CAS 3区
Metallurgical & Materials Engineering,CAS 4区
Metallurgical Research & Technology,CAS 4区
METALLURGIST,CAS 4区
Metal Music Studies,CAS 2区
Metals,CAS 3区
METALS ADVANCES,Indexed
METALS AND MATERIALS INTERNATIONAL,CAS 3区
METAL SCIENCE AND HEAT TREATMENT,CAS 4区
METALURGIJA,CAS 4区
METAPHILOSOPHY,CAS 3区
METAPHOR AND SYMBOL,SSCI/SCI/AHCI
Metaphor and the Social World,CAS 3区
Metaphysica-International Journal for Ontology & Metaphysics,CAS 4区
Meta-Research in Hermeneutics Phenomenology and Practical Philosophy,CAS 4区
METEORITICS & PLANETARY SCIENCE,CAS 3区
METEOROLOGICAL APPLICATIONS,CAS 4区
METEOROLOGISCHE ZEITSCHRIFT,CAS 4区
METEOROLOGY AND ATMOSPHERIC PHYSICS,CAS 4区
Meteorology Hydrology and Water Management-Research and Operational Applications,CAS 4区
Methaodos-Revista de Ciencias Sociales,CAS 4区
METHODOLOGY AND COMPUTING IN APPLIED PROBABILITY,CAS 4区
Methodology-European Journal of Research Methods for the Behavioral and Social Sciences,CAS 4区
Methodos-Savoirs et Textes,CAS 4区
METHODS,CAS 3区
Methods and Applications in Fluorescence,CAS 3区
Methods and Applications of Analysis,CAS 4区
Methods and Objects of Chemical Analysis,CAS 4区
Methods and Protocols,CAS 4区
Methods Data Analyses,CAS 4区
Methods in Ecology and Evolution,CAS 2区 Top
Methods of Functional Analysis and Topology,CAS 4区
METHODS OF INFORMATION IN MEDICINE,CAS 4区
MethodsX,CAS 4区
Method & Theory in the Study of Religion,CAS 3区
Metode Science Studies Journal,CAS 4区
Metodicki Ogledi-Methodical Review,CAS 4区
Metodos de informacion,CAS 4区
METRIKA,CAS 4区
Metro,CAS 4区
Metroeconomica,CAS 3区
METROLOGIA,CAS 3区
Metrology,Indexed
Metrology and Measurement Systems,CAS 4区
Metron-International Journal of Statistics,CAS 4区
METROPOLITAN MUSEUM JOURNAL,CAS 2区
METROPOLITAN MUSEUM OF ART BULLETIN,Indexed
METU Journal of the Faculty of Architecture,CAS 4区
Mexican Law Review,CAS 4区
MEXICAN STUDIES-ESTUDIOS MEXICANOS,CAS 4区
Mexico y la Cuenca del Pacifico,CAS 4区
MFS-Modern Fiction Studies,CAS 2区
MGIMO Review of International Relations,CAS 4区
mHealth,CAS 4区
MHSalud-Revista en Ciencias del Movimiento Humano y la Salud,CAS 4区
MICHIGAN HISTORICAL REVIEW,CAS 4区
MICHIGAN LAW REVIEW,CAS 2区
MICHIGAN MATHEMATICAL JOURNAL,CAS 3区
Micro and Nano Engineering,CAS 3区
Micro and Nanostructures,CAS 3区
Micro and Nano Systems Letters,CAS 4区
MICROBES AND ENVIRONMENTS,CAS 4区
MICROBES AND INFECTION,CAS 4区
Microbial Biotechnology,CAS 2区
Microbial Cell,CAS 3区
Microbial Cell Factories,CAS 2区
Microbial Drug Resistance,CAS 4区
MICROBIAL ECOLOGY,CAS 3区
Microbial Genomics,CAS 2区
MICROBIAL PATHOGENESIS,CAS 3区
Microbial Physiology,CAS 4区
Microbial Risk Analysis,CAS 3区
MICROBIOLOGICAL RESEARCH,CAS 2区 Top
MICROBIOLOGY,CAS 4区
MICROBIOLOGY AND IMMUNOLOGY,CAS 4区
MICROBIOLOGY AND MOLECULAR BIOLOGY REVIEWS,CAS 2区
Microbiology Australia,CAS 4区
MicrobiologyOpen,CAS 3区
Microbiology Research,CAS 4区
Microbiology Resource Announcements,CAS 4区
MICROBIOLOGY-SGM,CAS 4区
Microbiology Spectrum,CAS 2区
Microbiome,CAS 1区 Top
Microbiome Research Reports,Indexed
MICROCHEMICAL JOURNAL,CAS 2区
MICROCHIMICA ACTA,CAS 2区
MICROCIRCULATION,CAS 4区
MICROELECTRONIC ENGINEERING,CAS 3区
MICROELECTRONICS INTERNATIONAL,CAS 4区
MICROELECTRONICS JOURNAL,CAS 3区
MICROELECTRONICS RELIABILITY,CAS 3区
Microfluidics and Nanofluidics,CAS 4区
MICROGRAVITY SCIENCE AND TECHNOLOGY,CAS 4区
Micrologus-Nature Science and Medieval Societies,CAS 4区
Micromachines,CAS 3区
MICRON,CAS 3区
Micro & Nano Letters,CAS 4区
Microorganisms,CAS 2区
MICROPALEONTOLOGY,CAS 4区
Microplastics,Indexed
Microporous and Mesoporous Materials,CAS 3区
MICROPROCESSORS AND MICROSYSTEMS,CAS 4区
MicroRNA,Indexed
Microscopy,CAS 4区
MICROSCOPY AND MICROANALYSIS,CAS 4区
MICROSCOPY RESEARCH AND TECHNIQUE,CAS 3区
Microstructures,Indexed
MICROSURGERY,CAS 4区
Micro-Switzerland,Indexed
Microsystems & Nanoengineering,CAS 1区 Top
MICROSYSTEM TECHNOLOGIES-MICRO-AND NANOSYSTEMS-INFORMATION STORAGE AND PROCESSING SYSTEMS,CAS 4区
MICROVASCULAR RESEARCH,CAS 3区
MICROWAVE AND OPTICAL TECHNOLOGY LETTERS,CAS 4区
MICROWAVE JOURNAL,CAS 4区
Midcontinental Journal of Archaeology,CAS 4区
Middle East African Journal of Ophthalmology,CAS 4区
Middle East Critique,CAS 3区
Middle East Current Psychiatry-MECPsych,CAS 4区
Middle East Development Journal,CAS 4区
Middle Eastern Literatures,CAS 3区
MIDDLE EASTERN STUDIES,CAS 4区
Middle East Fertility Society Journal,CAS 4区
MIDDLE EAST JOURNAL,CAS 4区
Middle East Journal of Cancer,CAS 4区
Middle East Journal of Culture and Communication,CAS 4区
Middle East Journal of Management,CAS 4区
Middle East Law and Governance,CAS 4区
MIDDLE EAST POLICY,CAS 4区
Midland History,CAS 4区
MIDWEST QUARTERLY-A JOURNAL OF CONTEMPORARY THOUGHT,CAS 4区
Midwest Studies in Philosophy,CAS 3区
MIDWIFERY,SSCI/SCIE/SCI
MIER-Journal of Educational Studies Trends and Practices,CAS 4区
Migraciones,CAS 4区
Migration Studies,CAS 2区
MIKROBIYOLOJI BULTENI,CAS 4区
Milan Journal of Mathematics,CAS 2区
MILBANK QUARTERLY,SSCI/SCIE/SCI
Militargeschichtliche Zeitschrift,CAS 4区
Military Medical Research,CAS 1区 Top
MILITARY MEDICINE,CAS 4区
MILITARY OPERATIONS RESEARCH,CAS 4区
MILITARY PSYCHOLOGY,CAS 4区
Millennial Asia,CAS 4区
MILLENNIUM FILM JOURNAL,CAS 4区
MILLENNIUM-JOURNAL OF INTERNATIONAL STUDIES,CAS 3区
Milli Folklor,CAS 4区
MILTON QUARTERLY,CAS 3区
Milton Studies,CAS 3区
MIND,CAS 1区 Top
Mindanao Journal of Science and Technology,CAS 4区
Mind Brain and Education,CAS 4区
Mind Culture and Activity,CAS 2区
Mindfulness,CAS 2区
MIND & LANGUAGE,CAS 3区
MINDS AND MACHINES,CAS 2区
Mineral Economics,CAS 3区
MINERALIUM DEPOSITA,CAS 1区 Top
Mineralogical Journal-Ukraine,CAS 4区
MINERALOGICAL MAGAZINE,CAS 4区
MINERALOGY AND PETROLOGY,CAS 4区
Mineral Processing and Extractive Metallurgy Review,CAS 3区
Mineral Processing and Extractive Metallurgy-Transactions of the Institutions of Mining and Metallurgy,CAS 4区
Minerals,CAS 4区
MINERALS ENGINEERING,CAS 2区
MINERVA,CAS 1区 Top
Minerva Anestesiologica,CAS 4区
Minerva Biotechnology and Biomolecular Research,CAS 4区
Minerva Cardiology and Angiology,CAS 4区
Minerva Dental and Oral Science,CAS 4区
Minerva Endocrinology,CAS 4区
Minerva Gastroenterology,CAS 4区
MINERVA MEDICA,CAS 4区
Minerva Obstetrics and Gynecology,CAS 4区
Minerva Orthopedics,CAS 4区
Minerva Psychiatry,CAS 4区
Minerva Respiratory Medicine,CAS 4区
Minerva-Revista de Filologia Clasica,CAS 3区
Minerva Surgery,CAS 4区
Minerva Urology and Nephrology,CAS 2区
Mine Water and the Environment,CAS 4区
Ming Qing Yanjiu,CAS 4区
Ming Studies,CAS 3区
Mini-invasive Surgery,Indexed
MINIMALLY INVASIVE THERAPY & ALLIED TECHNOLOGIES,CAS 4区
Minimax Theory and its Applications,CAS 4区
Mining Metallurgy & Exploration,CAS 4区
Mining of Mineral Deposits,CAS 3区
Mining Science,CAS 4区
Mining Technology-Transactions of the Institutions of Mining and Metallurgy,CAS 4区
MINI-REVIEWS IN MEDICINAL CHEMISTRY,CAS 4区
Mini-Reviews in Organic Chemistry,CAS 4区
MINNESOTA LAW REVIEW,CAS 4区
MINNESOTA REVIEW,CAS 4区
Miranda,CAS 4区
Mires and Peat,CAS 4区
Mirovaya Ekonomika i Mezhdunarodnye Otnosheniya,CAS 4区
Mir Rossii-Universe of Russia,CAS 4区
Miscelanea de Estudios Arabes y Hebraicos-Seccion Arabe-Islam,CAS 4区
Miscelanea de Estudios Arabes y Hebraicos-Seccion Hebreo,CAS 4区
Miscellanea Geographica,CAS 4区
Miskolc Mathematical Notes,CAS 4区
MIS QUARTERLY,SSCI/SCIE/SCI
MIS Quarterly Executive,CAS 4区
Missiology-An International Review,CAS 4区
Mission Studies,CAS 3区
MISSISSIPPI QUARTERLY,CAS 4区
Missouri Journal of Mathematical Sciences,CAS 4区
Missouri Review,CAS 4区
Mitigation and Adaptation Strategies for Global Change,CAS 3区
Mitochondrial DNA Part A,CAS 4区
Mitochondrial DNA Part B-Resources,CAS 4区
MITOCHONDRION,CAS 3区
Mitologias Hoy-Revista de Pensamiento Critica y Estudios Literarios Latinoamericanos,CAS 4区
MIT SLOAN MANAGEMENT REVIEW,CAS 4区
MITTEILUNGEN DER OSTERREICHISCHEN GEOGRAPHISCHEN GESELLSCHAFT,CAS 4区
MITTEILUNGEN DES KUNSTHISTORISCHEN INSTITUTES IN FLORENZ,CAS 2区
MITTEILUNGEN KLOSTERNEUBURG,CAS 4区
MITTEILUNGEN KLOSTERNEUBURG: JOURNAL OF VITICULTURE OENOLOGY POMOLOGY AND FRUIT PROCESSING,Indexed
MKG-Chirurgie,CAS 4区
mLife,CAS 2区
Mljekarstvo,CAS 4区
MLN,CAS 4区
MLTJ-Muscles Ligaments and Tendons Journal,CAS 4区
MM Science Journal,CAS 4区
MMWR-MORBIDITY AND MORTALITY WEEKLY REPORT,CAS 1区 Top
MMWR Recommendations and Reports,CAS 1区 Top
MMWR Surveillance Summaries,CAS 1区 Top
MNEMOSYNE,CAS 2区
Mobile DNA,CAS 3区
Mobile Media & Communication,CAS 1区 Top
MOBILE NETWORKS & APPLICATIONS,CAS 4区
Mobilities,CAS 2区
Mobilization,CAS 3区
Modeling Earth Systems and Environment,CAS 4区
MODELING IDENTIFICATION AND CONTROL,CAS 4区
Modelling,CAS 4区
Modelling and Simulation in Engineering,CAS 4区
MODELLING AND SIMULATION IN MATERIALS SCIENCE AND ENGINEERING,CAS 4区
MODERN ASIAN STUDIES,CAS 2区
MODERNA SPRAK,CAS 4区
Modern British History,Indexed
MODERN CHINA,CAS 4区
Modern Chinese Literature and Culture,SSCI/SCI/AHCI
Modern & Contemporary France,CAS 3区
MODERN DRAMA,CAS 2区
Modern Intellectual History,CAS 2区
MODERNISM-MODERNITY,CAS 3区
Modernist Cultures,CAS 4区
Modern Italy,SSCI/SCI/AHCI
MODERN JUDAISM,CAS 2区
MODERN LANGUAGE JOURNAL,CAS 1区 Top
MODERN LANGUAGE QUARTERLY,CAS 3区
MODERN LANGUAGE REVIEW,CAS 3区
MODERN LAW REVIEW,CAS 3区
MODERN PATHOLOGY,CAS 1区 Top
MODERN PHILOLOGY,CAS 3区
MODERN PHYSICS LETTERS A,CAS 4区
MODERN PHYSICS LETTERS B,CAS 4区
Modern Phytomorphology,CAS 4区
Modern Rheumatology,CAS 4区
Modern Rheumatology Case Reports,CAS 4区
Modern Stochastics-Theory and Applications,CAS 4区
Modern Theology,CAS 2区
Moenia-Revista Lucense de Linguistica & Literatura,CAS 4区
MOKUZAI GAKKAISHI,CAS 4区
Molbank,CAS 4区
MOLECULAR AND BIOCHEMICAL PARASITOLOGY,CAS 4区
MOLECULAR AND CELLULAR BIOCHEMISTRY,CAS 3区
MOLECULAR AND CELLULAR BIOLOGY,CAS 3区
MOLECULAR AND CELLULAR ENDOCRINOLOGY,CAS 2区
MOLECULAR AND CELLULAR NEUROSCIENCE,CAS 3区
Molecular and Cellular Pediatrics,CAS 4区
MOLECULAR AND CELLULAR PROBES,CAS 4区
Molecular and Clinical Oncology,CAS 4区
MOLECULAR ASPECTS OF MEDICINE,CAS 2区
Molecular Autism,CAS 1区 Top
MOLECULAR BIOLOGY,CAS 4区
MOLECULAR BIOLOGY AND EVOLUTION,CAS 1区 Top
MOLECULAR BIOLOGY OF THE CELL,CAS 2区
MOLECULAR BIOLOGY REPORTS,CAS 4区
Molecular Biology Research Communications,CAS 4区
Molecular Biomedicine,CAS 2区
MOLECULAR BIOTECHNOLOGY,CAS 4区
Molecular Brain,CAS 3区
MOLECULAR BREEDING,CAS 3区
Molecular Cancer,CAS 1区 Top
MOLECULAR CANCER RESEARCH,CAS 2区
MOLECULAR CANCER THERAPEUTICS,CAS 2区
MOLECULAR CARCINOGENESIS,CAS 4区
Molecular Catalysis,CAS 3区
Molecular Cell,CAS 1区 Top
Molecular & Cellular Oncology,CAS 4区
MOLECULAR & CELLULAR PROTEOMICS,CAS 2区 Top
Molecular & Cellular Toxicology,CAS 4区
MOLECULAR CRYSTALS AND LIQUID CRYSTALS,CAS 4区
Molecular Cytogenetics,CAS 4区
Molecular Diagnosis & Therapy,CAS 3区
MOLECULAR DIVERSITY,CAS 2区
MOLECULAR ECOLOGY,CAS 1区 Top
Molecular Ecology Resources,CAS 1区 Top
MOLECULAR GENETICS AND GENOMICS,CAS 3区
MOLECULAR GENETICS AND METABOLISM,CAS 2区
Molecular Genetics and Metabolism Reports,CAS 4区
Molecular Genetics & Genomic Medicine,CAS 4区
Molecular Genetics Microbiology and Virology,CAS 4区
Molecular Horticulture,CAS 2区
MOLECULAR HUMAN REPRODUCTION,CAS 3区
Molecular Imaging,CAS 4区
MOLECULAR IMAGING AND BIOLOGY,CAS 4区
Molecular Imaging and Radionuclide Therapy,CAS 4区
MOLECULAR IMMUNOLOGY,CAS 3区
Molecular Informatics,CAS 4区
MOLECULAR MEDICINE,CAS 2区 Top
Molecular Medicine Reports,CAS 4区
Molecular Metabolism,CAS 2区 Top
MOLECULAR MICROBIOLOGY,CAS 3区
MOLECULAR NEUROBIOLOGY,CAS 2区
Molecular Neurodegeneration,CAS 1区 Top
MOLECULAR NUTRITION & FOOD RESEARCH,CAS 3区
Molecular Omics,CAS 4区
Molecular Oncology,CAS 2区
Molecular Oral Microbiology,CAS 3区
Molecular Pain,CAS 3区
MOLECULAR PHARMACEUTICS,CAS 2区
MOLECULAR PHARMACOLOGY,CAS 4区
MOLECULAR PHYLOGENETICS AND EVOLUTION,CAS 1区 Top
MOLECULAR PHYSICS,CAS 4区
Molecular Plant,CAS 1区 Top
MOLECULAR PLANT-MICROBE INTERACTIONS,CAS 3区
MOLECULAR PLANT PATHOLOGY,CAS 1区 Top
MOLECULAR PSYCHIATRY,CAS 1区 Top
MOLECULAR REPRODUCTION AND DEVELOPMENT,CAS 3区
MOLECULAR SIMULATION,CAS 4区
Molecular Syndromology,CAS 4区
Molecular Systems Biology,CAS 1区 Top
Molecular Systems Design & Engineering,CAS 3区
MOLECULAR THERAPY,CAS 1区 Top
Molecular Therapy Methods & Clinical Development,CAS 2区
Molecular Therapy Nucleic Acids,CAS 2区 Top
Molecular Therapy Oncology,Indexed
Molecular Therapy Oncolytics,CAS 2区
MOLECULAR VISION,CAS 4区
MOLECULES,CAS 3区
MOLECULES AND CELLS,CAS 3区
MOLLUSCAN RESEARCH,CAS 4区
MOMENTO-Revista de Fisica,CAS 4区
Momona Ethiopian Journal of Science,CAS 4区
Monaldi Archives for Chest Disease,CAS 4区
Monash Bioethics Review,CAS 3区
Monash University Law Review,CAS 4区
Monatshefte,CAS 4区
MONATSHEFTE FUR CHEMIE,CAS 4区
MONATSHEFTE FUR MATHEMATIK,CAS 4区
Monatsschrift fur Kriminologie und Strafrechtsreform,CAS 4区
MONATSSCHRIFT KINDERHEILKUNDE,CAS 4区
MONIST,CAS 2区
MONOGRAPHS OF THE SOCIETY FOR RESEARCH IN CHILD DEVELOPMENT,CAS 1区 Top
MONTANA-THE MAGAZINE OF WESTERN HISTORY,CAS 4区
Monteagudo,CAS 4区
Monte Carlo Methods and Applications,CAS 4区
Montenegrin Journal of Economics,CAS 4区
Montenegrin Journal of Sports Science and Medicine,CAS 4区
MONTHLY LABOR REVIEW,CAS 4区
MONTHLY NOTICES OF THE ROYAL ASTRONOMICAL SOCIETY,CAS 2区
Monthly Notices of the Royal Astronomical Society: Letters,Indexed
MONTHLY REVIEW-AN INDEPENDENT SOCIALIST MAGAZINE,CAS 4区
MONTHLY WEATHER REVIEW,CAS 3区
MonTI,CAS 3区
MONUMENTA NIPPONICA,CAS 4区
Monumenta Serica-Journal of Oriental Studies,CAS 4区
Moral Philosophy and Politics,CAS 3区
Moravian Geographical Reports,CAS 3区
MOREANA,CAS 4区
Moroccan Journal of Chemistry,CAS 4区
Morphology,CAS 1区 Top
Mortality,CAS 4区
Moscow Mathematical Journal,CAS 4区
Moscow University Chemistry Bulletin,CAS 4区
Moscow University Geology Bulletin,CAS 4区
Moscow University Mathematics Bulletin,CAS 4区
Moscow University Mechanics Bulletin,CAS 4区
Moscow University Physics Bulletin,CAS 4区
MOTIVATION AND EMOTION,CAS 3区
Motivation Science,CAS 2区
MOTOR CONTROL,CAS 4区
MOUNTAIN RESEARCH AND DEVELOPMENT,CAS 4区
Mouseion-Journal of the Classical Association of Canada,CAS 4区
Moussons-Recherche en Sciences Humaines sur l Asie du Sud-Est,CAS 4区
MOUVEMENT SOCIAL,SSCI/SCI/AHCI
MOVEMENT DISORDERS,CAS 1区 Top
Movement Disorders Clinical Practice,CAS 4区
Movement Ecology,CAS 1区 Top
Movimento,CAS 4区
Moving Image,CAS 4区
MOYEN AGE,CAS 3区
MRS Advances,CAS 4区
MRS BULLETIN,CAS 3区
MRS Communications,CAS 4区
MRS Energy & Sustainability,CAS 4区
MSKMuskuloskelettale Physiotherapie,CAS 4区
M S-MEDECINE SCIENCES,CAS 4区
M&SOM-Manufacturing & Service Operations Management,SSCI/SCIE/SCI
mSphere,CAS 2区
mSystems,CAS 2区
Mucosal Immunology,CAS 2区
Muenster Journal of Mathematics,CAS 3区
Multiagent and Grid Systems,CAS 4区
MULTIBODY SYSTEM DYNAMICS,CAS 2区
Multicultural Education Review,CAS 3区
Multicultural Perspectives,CAS 4区
Multicultural Shakespeare-Translation Appropriation and Performance,CAS 4区
MULTIDIMENSIONAL SYSTEMS AND SIGNAL PROCESSING,CAS 4区
Multidisciplinary Journal for Education Social and Technological Sciences,CAS 4区
Multidisciplinary Respiratory Medicine,CAS 4区
Multidiscipline Modeling in Materials and Structures,CAS 4区
Multilingua-Journal of Cross-Cultural and Interlanguage Communication,SSCI/SCI/AHCI
MULTIMEDIA SYSTEMS,CAS 4区
Multimodal Technologies and Interaction,CAS 3区
Multinational Business Review,CAS 4区
Multiple Sclerosis and Related Disorders,CAS 3区
Multiple Sclerosis Journal,CAS 2区
Multiple Sclerosis Journal-Experimental Translational and Clinical,CAS 4区
Multiscale and Multidisciplinary Modeling Experiments and Design,CAS 4区
MULTISCALE MODELING & SIMULATION,CAS 3区
Multisensory Research,SSCI/SCIE/SCI
MULTIVARIATE BEHAVIORAL RESEARCH,SSCI/SCIE/SCI
Mundo Agrario,CAS 4区
Mundo Amazonico,CAS 4区
Mundo da Saude,CAS 4区
Mundo Eslavo-Journal of Slavic Studies,CAS 4区
Muqarnas-An Annual on the Visual Cultures of the Islamic World,CAS 1区 Top
MUSCLE & NERVE,CAS 3区
Musculoskeletal Care,CAS 4区
Musculoskeletal Science and Practice,CAS 3区
MUSEOLOGIA SCIENTIFICA,CAS 4区
Museon,CAS 4区
Museum Anthropology,CAS 3区
Museum History Journal,CAS 4区
MUSEUM INTERNATIONAL,CAS 4区
Museum Management and Curatorship,CAS 1区 Top
Museums & Social Issues-A Journal of Reflective Discourse,CAS 1区 Top
Museum Worlds,CAS 3区
MUSICAE SCIENTIAE,SSCI/SCI/AHCI
Musica Hodie,CAS 4区
MUSICAL QUARTERLY,CAS 3区
MUSICAL TIMES,CAS 3区
MUSIC ANALYSIS,CAS 1区 Top
Music and The Moving Image,Indexed
Musica Oral del Sur,CAS 4区
Musica Tecnologia,Indexed
Music Education Research,SSCI/SCI/AHCI
MUSIC EDUCATORS JOURNAL,CAS 4区
MUSIC & LETTERS,CAS 1区 Top
Musicologica Brunensia,CAS 4区
Musicologist,CAS 2区
Musicology Australia,CAS 1区 Top
Musicology Today,CAS 3区
MUSIC PERCEPTION,SSCI/SCI/AHCI
Music Sound and the Moving Image,CAS 2区
Music Theory Online,CAS 2区
MUSIC THEORY SPECTRUM,CAS 1区 Top
Music Therapy Perspectives,CAS 4区
MUSIKFORSCHUNG,CAS 4区
MUSIK IN BAYERN,CAS 4区
MUSIKTHEORIE,CAS 3区
MUSIK UND KIRCHE,CAS 4区
MUSLIM WORLD,CAS 3区
MUTAGENESIS,CAS 4区
MUTATION RESEARCH-FUNDAMENTAL AND MOLECULAR MECHANISMS OF MUTAGENESIS,CAS 4区
MUTATION RESEARCH-GENETIC TOXICOLOGY AND ENVIRONMENTAL MUTAGENESIS,CAS 4区
MUTATION RESEARCH-REVIEWS IN MUTATION RESEARCH,CAS 2区
MUTTERSPRACHE,CAS 4区
Muzeologia a Kulturne Dedicstvo-Museology and Cultural Heritage,CAS 3区
Muziki-Journal of Music Research in Africa,CAS 3区
Muzikologija-Musicology,CAS 2区
Muzikoloski Zbornik,CAS 3区
MYCOBIOLOGY,CAS 4区
MycoKeys,CAS 2区
MYCOLOGIA,CAS 2区
MYCOLOGICAL PROGRESS,CAS 3区
Mycology-An International Journal On Fungal Biology,CAS 2区
MYCOPATHOLOGIA,CAS 2区
MYCORRHIZA,CAS 2区
MYCOSCIENCE,CAS 4区
MYCOSES,CAS 2区
Mycosphere,CAS 1区 Top
Mycotoxin Research,CAS 4区
Myrmecological News,CAS 2区
Myrtia,CAS 4区
NACC-Nova Acta Cientifica Compostelana Bioloxia,CAS 4区
Nafta-Gaz,CAS 4区
Nagoya Journal of Medical Science,CAS 4区
NAGOYA MATHEMATICAL JOURNAL,CAS 2区
Naharaim,CAS 4区
NAIS-Native American and Indigenous Studies Association,CAS 3区
Names-A Journal of Onomastics,SSCI/SCI/AHCI
Namik Kemal Medical Journal,Indexed
Nankai Business Review International,CAS 4区
Nan Nu-Men Women and Gender in China,CAS 4区
NANO,CAS 4区
Nanobiotechnology Reports,CAS 4区
Nano Communication Networks,CAS 4区
Nanocomposites,CAS 3区
Nano Convergence,CAS 2区
Nano Energy,CAS 2区 Top
NanoEthics,SSCI/SCIE/SCI
Nano Express,CAS 4区
Nanofabrication,CAS 4区
Nano Futures,CAS 4区
Nano Hybrids and Composites,CAS 4区
NanoImpact,CAS 3区
NANO LETTERS,CAS 2区 Top
Nano LIFE,CAS 4区
Nanomanufacturing and Metrology,CAS 4区
Nanomaterials,CAS 3区
Nanomaterials and Energy,CAS 4区
Nanomaterials and Nanotechnology,CAS 4区
Nano Materials Science,CAS 1区 Top
Nanomedicine,CAS 4区
Nanomedicine Journal,CAS 4区
Nanomedicine-Nanotechnology Biology and Medicine,CAS 3区
Nano-Micro Letters,CAS 1区 Top
Nanophotonics,CAS 2区
Nano Research,CAS 1区 Top
Nano Research Energy,CAS 1区 Top
Nanoscale,CAS 3区
Nanoscale Advances,CAS 3区
Nanoscale and Microscale Thermophysical Engineering,CAS 4区
Nanoscale Horizons,CAS 2区
Nanoscience and Technology-An International Journal,CAS 4区
Nano Select,CAS 4区
Nanosystems-Physics Chemistry Mathematics,CAS 4区
Nanotechnologies in Construction-A Scientific Internet-Journal,CAS 4区
NANOTECHNOLOGY,CAS 4区
Nanotechnology and Precision Engineering,CAS 3区
Nanotechnology Reviews,CAS 3区
Nanotechnology Science and Applications,CAS 4区
Nano Today,CAS 2区 Top
Nanotoxicology,CAS 4区
NAR Cancer,CAS 4区
NAR Genomics and Bioinformatics,CAS 4区
NARRATIVE,CAS 3区
Narrative Culture,CAS 4区
NARRATIVE INQUIRY,SSCI/SCI/AHCI
Narrative Works-Issues Investigations & Interventions,CAS 4区
Nase More,CAS 4区
Nashim-A Journal of Jewish Womens Studies & Gender Issues,CAS 4区
Naslede,CAS 4区
NATION,CAS 4区
NATIONAL ACADEMY SCIENCE LETTERS-INDIA,CAS 4区
National Accounting Review,CAS 2区
NATIONAL IDENTITIES,CAS 3区
National Institute Economic Review,CAS 4区
Nationalism and Ethnic Politics,CAS 3区
Nationalities Papers-The Journal of Nationalism and Ethnicity,CAS 3区
NATIONAL MEDICAL JOURNAL OF INDIA,CAS 4区
National Science Review,CAS 1区 Top
National Taiwan University Law Review,CAS 4区
NATIONAL TAX JOURNAL,CAS 3区
Nations and Nationalism,CAS 2区
Nativa,CAS 4区
NATURAL AREAS JOURNAL,CAS 4区
Natural Computing,CAS 4区
Natural Gas Industry B,CAS 2区
NATURAL HAZARDS,CAS 3区
NATURAL HAZARDS AND EARTH SYSTEM SCIENCES,CAS 2区
Natural Hazards Review,SSCI/SCIE/SCI
NATURAL HISTORY,CAS 4区
Natural Language Engineering,CAS 4区
NATURAL LANGUAGE & LINGUISTIC THEORY,SSCI/SCI/AHCI
NATURAL LANGUAGE PROCESSING,SSCI/SCIE/SCI/AHCI
Natural Language Semantics,SSCI/SCI/AHCI
Natural Product Communications,CAS 4区
NATURAL PRODUCT REPORTS,CAS 1区 Top
NATURAL PRODUCT RESEARCH,CAS 3区
Natural Products and Bioprospecting,CAS 2区
Natural Products Journal,CAS 4区
NATURAL RESOURCE MODELING,CAS 4区
NATURAL RESOURCES FORUM,SSCI/SCIE/SCI
NATURAL RESOURCES JOURNAL,CAS 4区
Natural Resources Research,CAS 2区
Natural Sciences,CAS 4区
NATURE,CAS 1区 Top
Nature Aging,CAS 1区 Top
Nature and Science of Sleep,CAS 3区
Nature Astronomy,CAS 1区 Top
Nature Biomedical Engineering,CAS 1区 Top
NATURE BIOTECHNOLOGY,SSCI/SCIE/SCI
Nature Cancer,CAS 1区 Top
Nature Cardiovascular Research,CAS 1区 Top
Nature Catalysis,CAS 1区 Top
NATURE CELL BIOLOGY,CAS 1区 Top
Nature Chemical Biology,CAS 1区 Top
Nature Chemistry,CAS 1区 Top
Nature Climate Change,SSCI/SCIE/SCI
Nature Communications,CAS 1区 Top
Nature Computational Science,CAS 1区 Top
Nature Conservation-Bulgaria,CAS 3区
Nature Conservation Research,CAS 4区
Nature + Culture,CAS 4区
Nature Ecology & Evolution,CAS 1区 Top
Nature Electronics,CAS 1区 Top
Nature Energy,CAS 1区 Top
Nature Food,CAS 1区 Top
NATURE GENETICS,CAS 1区 Top
Nature Geoscience,CAS 1区 Top
Nature Human Behaviour,CAS 1区 Top
NATURE IMMUNOLOGY,CAS 1区 Top
Nature Machine Intelligence,CAS 1区 Top
NATURE MATERIALS,CAS 1区 Top
NATURE MEDICINE,CAS 1区 Top
Nature Mental Health,Indexed
Nature Metabolism,CAS 1区 Top
NATURE METHODS,CAS 1区 Top
Nature Microbiology,CAS 1区 Top
Nature Nanotechnology,CAS 1区 Top
NATURE NEUROSCIENCE,CAS 1区 Top
Nature Photonics,CAS 1区 Top
Nature Physics,CAS 1区 Top
Nature Plants,SSCI/SCIE/SCI
Nature Protocols,CAS 2区 Top
Nature Reviews Bioengineering,Indexed
NATURE REVIEWS CANCER,SSCI/SCIE/SCI
Nature Reviews Cardiology,SSCI/SCIE/SCI
Nature Reviews Chemistry,CAS 1区 Top
Nature Reviews Clinical Oncology,CAS 1区 Top
Nature Reviews Disease Primers,SSCI/SCIE/SCI
NATURE REVIEWS DRUG DISCOVERY,SSCI/SCIE/SCI
Nature Reviews Earth & Environment,CAS 1区 Top
Nature Reviews Endocrinology,CAS 1区 Top
Nature Reviews Gastroenterology & Hepatology,CAS 1区 Top
NATURE REVIEWS GENETICS,SSCI/SCIE/SCI
NATURE REVIEWS IMMUNOLOGY,CAS 1区 Top
Nature Reviews Materials,CAS 1区 Top
Nature Reviews Methods Primers,CAS 1区 Top
NATURE REVIEWS MICROBIOLOGY,CAS 1区 Top
NATURE REVIEWS MOLECULAR CELL BIOLOGY,SSCI/SCIE/SCI
Nature Reviews Nephrology,CAS 1区 Top
Nature Reviews Neurology,CAS 1区 Top
NATURE REVIEWS NEUROSCIENCE,CAS 1区 Top
Nature Reviews Physics,CAS 1区 Top
Nature Reviews Psychology,CAS 1区 Top
Nature Reviews Rheumatology,CAS 1区 Top
Nature Reviews Urology,CAS 1区 Top
NATURE STRUCTURAL & MOLECULAR BIOLOGY,CAS 1区 Top
Nature Sustainability,CAS 1区 Top
Nature Synthesis,CAS 1区 Top
Nature Water,Indexed
Nauchnye i Tekhnicheskie Biblioteki-Scientific and Technical Libraries,CAS 4区
Nauchnyi Dialog,CAS 4区
Nauka i Tehnologii Truboprovodnogo Transporta Nefti i Nefteproduktov-Science & Technologies-Oil and Oil Products Pipeline Transportation,CAS 4区
Nauka Televideniya-The Art and Science of Television,CAS 4区
NAUNYN-SCHMIEDEBERGS ARCHIVES OF PHARMACOLOGY,CAS 4区
Nauplius,CAS 4区
NAUTILUS,CAS 4区
NAVAL ENGINEERS JOURNAL,CAS 4区
NAVAL RESEARCH LOGISTICS,CAS 4区
Naval War College Review,CAS 4区
Navigation-Journal of the Institute of Navigation,CAS 3区
Navigator-Subsidios para a Historia Maritima do Brasil,CAS 4区
Navus-Revista de Gestao e Tecnologia,CAS 4区
Nawpa Pacha,CAS 1区 Top
Nazariyat-Journal for the History of Islamic Philosophy and Sciences,CAS 4区
NBER Macroeconomics Annual,CAS 1区 Top
NDT & E INTERNATIONAL,CAS 2区
NEAR EASTERN ARCHAEOLOGY,CAS 3区
Near Surface Geophysics,CAS 4区
NEFROLOGIA,CAS 4区
Negotiation and Conflict Management Research,CAS 4区
NEGOTIATION JOURNAL,CAS 4区
Neizvestnyi Dostoevskii-The Unknown Dostoevsky,CAS 2区
NEJM Catalyst Innovations in Care Delivery,Indexed
NEMATOLOGY,CAS 4区
NEMATROPICA,CAS 4区
NeoBiota,CAS 2区
NEOHELICON,CAS 3区
Neonatal Network,CAS 4区
Neonatology,CAS 3区
NEOPHILOLOGUS,CAS 3区
NEOPLASIA,CAS 2区
NEOPLASMA,CAS 4区
Neotestamentica,CAS 4区
Neotropical Biodiversity,CAS 4区
Neotropical Biology and Conservation,CAS 4区
NEOTROPICAL ENTOMOLOGY,CAS 3区
Neotropical Ichthyology,CAS 3区
Neo-Victorian Studies,CAS 4区
Nepalese Heart Journal,CAS 4区
Nepalese Journal of Ophthalmology,CAS 4区
Nepal Journal of Epidemiology,CAS 4区
Nephrologie,CAS 4区
Nephrologie & Therapeutique,CAS 4区
NEPHROLOGY,CAS 4区
NEPHROLOGY DIALYSIS TRANSPLANTATION,CAS 2区
Nephrology Nursing Journal,SSCI/SCIE/SCI
NEPHRON,CAS 4区
NERVENARZT,CAS 4区
Netherlands Heart Journal,CAS 4区
Netherlands International Law Review,CAS 3区
Netherlands Journal of Critical Care,CAS 4区
NETHERLANDS JOURNAL OF GEOSCIENCES,Indexed
NETHERLANDS JOURNAL OF GEOSCIENCES-GEOLOGIE EN MIJNBOUW,CAS 4区
Netherlands Quarterly of Human Rights,CAS 2区
Netherlands Yearbook for History of Art-Nederlands Kunsthistorisch Jaarboek,CAS 3区
Netnomics,CAS 4区
Network,Indexed
NETWORK-COMPUTATION IN NEURAL SYSTEMS,CAS 4区
Network Modeling and Analysis in Health Informatics and Bioinformatics,CAS 4区
Network Neuroscience,CAS 4区
NETWORKS,CAS 4区
Networks and Heterogeneous Media,CAS 4区
Network Science,CAS 4区
NETWORKS & SPATIAL ECONOMICS,CAS 3区
NEUE RUNDSCHAU,CAS 4区
NEUES JAHRBUCH FUR GEOLOGIE UND PALAONTOLOGIE-ABHANDLUNGEN,CAS 4区
NEUES JAHRBUCH FUR MINERALOGIE-ABHANDLUNGEN,CAS 4区
NEUE ZEITSCHRIFT FUR SYSTEMATISCHE THEOLOGIE UND RELIGIONSPHILOSOPHIE,CAS 4区
NEUPHILOLOGISCHE MITTEILUNGEN,CAS 4区
NEURAL COMPUTATION,CAS 4区
Neural Development,CAS 2区
NEURAL NETWORKS,CAS 2区 Top
Neural Network World,CAS 4区
NEURAL PLASTICITY,CAS 3区
NEURAL PROCESSING LETTERS,CAS 4区
Neural Regeneration Research,CAS 2区
NEUROBIOLOGY OF AGING,CAS 3区
NEUROBIOLOGY OF DISEASE,CAS 2区 Top
Neurobiology of Language,CAS 1区 Top
NEUROBIOLOGY OF LEARNING AND MEMORY,SSCI/SCIE/SCI
Neurobiology of Pain,Indexed
Neurobiology of Stress,CAS 2区
NEUROCASE,CAS 4区
Neurochemical Journal,CAS 4区
NEUROCHEMICAL RESEARCH,CAS 3区
NEUROCHEMISTRY INTERNATIONAL,CAS 3区
Neurochirurgie,CAS 4区
NEUROCIRUGIA,CAS 4区
NEUROCOMPUTING,CAS 2区
Neurocritical Care,CAS 2区
Neurodegenerative Disease Management,CAS 4区
Neurodegenerative Diseases,CAS 4区
NEUROENDOCRINOLOGY,CAS 3区
NEUROENDOCRINOLOGY LETTERS,CAS 4区
NEUROEPIDEMIOLOGY,CAS 3区
Neuroethics,SSCI/SCIE/SCI
NEUROGASTROENTEROLOGY AND MOTILITY,CAS 3区
NEUROGENETICS,CAS 4区
Neurohospitalist,CAS 4区
NEUROIMAGE,CAS 2区 Top
NeuroImage-Clinical,CAS 2区
NEUROIMAGING CLINICS OF NORTH AMERICA,CAS 4区
NEUROIMMUNOMODULATION,CAS 4区
NEUROINFORMATICS,CAS 4区
Neurointervention,CAS 4区
NEUROLOGIA,CAS 4区
Neurologia i Neurochirurgia Polska,CAS 4区
NEUROLOGIA MEDICO-CHIRURGICA,CAS 4区
NEUROLOGICAL RESEARCH,CAS 4区
Neurological Research and Practice,CAS 3区
NEUROLOGICAL SCIENCES,CAS 4区
Neurological Sciences and Neurophysiology,CAS 4区
NEUROLOGIC CLINICS,CAS 3区
NEUROLOGIST,CAS 4区
NEUROLOGY,CAS 1区 Top
Neurology and Clinical Neuroscience,CAS 4区
Neurology and Therapy,CAS 3区
Neurology Asia,CAS 4区
Neurology-Clinical Practice,CAS 4区
Neurology-Genetics,CAS 3区
NEUROLOGY INDIA,CAS 4区
Neurology International,CAS 3区
Neurology-Neuroimmunology & Neuroinflammation,CAS 1区 Top
Neurology Research International,CAS 4区
NEUROMODULATION,CAS 3区
NEUROMOLECULAR MEDICINE,CAS 4区
Neuromorphic Computing and Engineering,CAS 3区
NEUROMUSCULAR DISORDERS,CAS 4区
Neuron,CAS 1区 Top
NEURO-ONCOLOGY,CAS 1区 Top
Neuro-Oncology Advances,CAS 3区
Neuro-Oncology Practice,CAS 4区
NEURO-OPHTHALMOLOGY,CAS 4区
NEUROPATHOLOGY,CAS 4区
NEUROPATHOLOGY AND APPLIED NEUROBIOLOGY,CAS 2区
NEUROPEDIATRICS,CAS 4区
Neuropeptides,CAS 4区
NEUROPHARMACOLOGY,CAS 2区
Neurophotonics,CAS 2区
NEUROPHYSIOLOGIE CLINIQUE-CLINICAL NEUROPHYSIOLOGY,CAS 3区
NEUROPHYSIOLOGY,CAS 4区
NEUROPROTECTION,Indexed
Neuropsychiatria i Neuropsychologia,CAS 4区
Neuropsychiatric Disease and Treatment,CAS 3区
NEUROPSYCHIATRIE,CAS 4区
NEUROPSYCHOBIOLOGY,CAS 4区
Neuropsychologia,SSCI/SCIE/SCI
NEUROPSYCHOLOGICAL REHABILITATION,CAS 4区
Neuropsychological Trends,CAS 4区
NEUROPSYCHOLOGY,SSCI/SCIE/SCI
NEUROPSYCHOLOGY REVIEW,SSCI/SCIE/SCI
NEUROPSYCHOPHARMACOLOGY,CAS 2区 Top
Neuropsychopharmacology Reports,CAS 4区
NEURORADIOLOGY,CAS 3区
Neuroradiology Journal,CAS 4区
NEUROREHABILITATION,SSCI/SCIE/SCI
NEUROREHABILITATION AND NEURAL REPAIR,CAS 2区
NEUROREPORT,CAS 4区
NeuroSci,CAS 4区
NEUROSCIENCE,CAS 4区
NEUROSCIENCE AND BIOBEHAVIORAL REVIEWS,CAS 1区 Top
Neuroscience Bulletin,CAS 2区
Neuroscience Insights,CAS 4区
NEUROSCIENCE LETTERS,CAS 4区
Neuroscience of Consciousness,CAS 4区
NEUROSCIENCE RESEARCH,CAS 4区
Neurosciences,CAS 4区
NEUROSCIENTIST,CAS 3区
Neurosonology and Cerebral Hemodynamics,CAS 4区
Neurospine,CAS 1区 Top
NEUROSURGERY,CAS 2区 Top
NEUROSURGERY CLINICS OF NORTH AMERICA,CAS 3区
Neurosurgery Practice,Indexed
Neurosurgical Focus,CAS 2区
NEUROSURGICAL REVIEW,CAS 3区
Neurotherapeutics,CAS 2区
NEUROTOXICITY RESEARCH,CAS 4区
NEUROTOXICOLOGY,CAS 3区
NEUROTOXICOLOGY AND TERATOLOGY,CAS 4区
Neurotrauma Reports,CAS 4区
NEUROUROLOGY AND URODYNAMICS,CAS 3区
New Armenian Medical Journal,CAS 4区
NEW ASTRONOMY,CAS 4区
NEW ASTRONOMY REVIEWS,CAS 2区
New Bioethics-A Multidisciplinary Journal of Biotechnology and the Body,CAS 3区
New Biotechnology,CAS 2区
New Blackfriars,CAS 4区
NEW CARBON MATERIALS,CAS 3区
New Contree,CAS 4区
New Directions for Child and Adolescent Development,CAS 3区
NEW ENGLAND JOURNAL OF MEDICINE,CAS 1区 Top
NEW ENGLAND QUARTERLY-A HISTORICAL REVIEW OF NEW ENGLAND LIFE AND LETTERS,CAS 4区
NEW ENGLAND REVIEW-MIDDLEBURY SERIES,CAS 4区
NEW FORESTS,CAS 3区
NEW GENERATION COMPUTING,CAS 4区
NEW GENETICS AND SOCIETY,SSCI/SCIE/SCI
NEW GERMAN CRITIQUE,CAS 2区
New Global Studies,CAS 3区
New Horizons in Adult Education and Human Resource Development,CAS 4区
NEW IDEAS IN PSYCHOLOGY,CAS 3区
NEW JOURNAL OF CHEMISTRY,CAS 3区
New Journal of European Criminal Law,CAS 3区
NEW JOURNAL OF PHYSICS,CAS 3区
NEW LEFT REVIEW,CAS 2区
NEW LITERARY HISTORY,CAS 2区
Newman Studies Journal,CAS 4区
New Materials Compounds and Applications,CAS 4区
New Mathematics and Natural Computation,CAS 4区
NEW MEDIA & SOCIETY,CAS 1区 Top
New Medit,CAS 4区
NEW MEXICO HISTORICAL REVIEW,CAS 4区
New Microbes and New Infections,CAS 4区
New Microbiologica,CAS 4区
NEW ORLEANS REVIEW,Indexed
New Perspectives,CAS 3区
New Perspectives on Turkey,CAS 3区
NEW PHYTOLOGIST,CAS 1区 Top
NEW POLITICAL ECONOMY,CAS 1区 Top
New Political Science,CAS 4区
New Proposals-Journal of Marxism and Interdisciplinary Inquiry,CAS 4区
New Review of Academic Librarianship,CAS 4区
New Review of Film and Television Studies,CAS 2区
New Review of Hypermedia and Multimedia,CAS 3区
NEWSLETTERS ON STRATIGRAPHY,CAS 3区
New Solutions-A Journal of Environmental and Occupational Health Policy,CAS 4区
New Space-The Journal of Space Entrepreneurship and Innovation,CAS 4区
NEW TECHNOLOGY WORK AND EMPLOYMENT,CAS 2区
NEW TESTAMENT STUDIES,CAS 2区
NEW THEATRE QUARTERLY,CAS 2区
New Writing-The International Journal for the Practice and Theory of Creative Writing,CAS 4区
NEW YORK HISTORY,CAS 4区
New York Journal of Mathematics,CAS 4区
NEW YORK REVIEW OF BOOKS,Indexed
NEW YORK UNIVERSITY LAW REVIEW,CAS 2区
New Zealand Economic Papers,CAS 4区
NEW ZEALAND ENTOMOLOGIST,CAS 4区
New Zealand Geographer,CAS 4区
NEW ZEALAND JOURNAL OF AGRICULTURAL RESEARCH,CAS 4区
NEW ZEALAND JOURNAL OF BOTANY,CAS 4区
NEW ZEALAND JOURNAL OF CROP AND HORTICULTURAL SCIENCE,CAS 4区
NEW ZEALAND JOURNAL OF ECOLOGY,CAS 4区
NEW ZEALAND JOURNAL OF EDUCATIONAL STUDIES,CAS 4区
NEW ZEALAND JOURNAL OF FORESTRY SCIENCE,CAS 3区
NEW ZEALAND JOURNAL OF GEOLOGY AND GEOPHYSICS,CAS 4区
NEW ZEALAND JOURNAL OF HISTORY,CAS 4区
NEW ZEALAND JOURNAL OF MARINE AND FRESHWATER RESEARCH,CAS 4区
NEW ZEALAND JOURNAL OF PSYCHOLOGY,CAS 4区
NEW ZEALAND JOURNAL OF ZOOLOGY,CAS 4区
NEW ZEALAND MEDICAL JOURNAL,CAS 4区
NEW ZEALAND VETERINARY JOURNAL,CAS 4区
Nexo Revista Cientifica,CAS 4区
Nexus Network Journal,SCIE/SCI/AHCI
NFS Journal,CAS 3区
NICOTINE & TOBACCO RESEARCH,SSCI/SCIE/SCI
Nietzsche-Studien,Indexed
Nigerian Journal of Basic and Clinical Sciences,CAS 4区
Nigerian Journal of Clinical Practice,CAS 4区
Nigerian Postgraduate Medical Journal,CAS 4区
NIHON REOROJI GAKKAISHI,CAS 4区
Nineteenth-Century Art Worldwide,CAS 4区
Nineteenth-Century Contexts-An Interdisciplinary Journal,CAS 3区
NINETEENTH-CENTURY FRENCH STUDIES,CAS 4区
NINETEENTH-CENTURY LITERATURE,CAS 3区
NINETEENTH CENTURY MUSIC,CAS 2区
Nineteenth-Century Music Review,CAS 3区
NIPPON SUISAN GAKKAISHI,CAS 4区
NISPAcee Journal of Public Administration and Policy,CAS 4区
NITRIC OXIDE-BIOLOGY AND CHEMISTRY,CAS 3区
Nitrogen,CAS 4区
NJAS-Impact in Agricultural and Life Sciences,CAS 3区
NJ-Drama Australia Journal,CAS 3区
Nka-Journal of Contemporary African Art,CAS 4区
NMIMS Management Review,CAS 4区
NMR IN BIOMEDICINE,CAS 4区
Nobel Medicus,CAS 4区
NODEA-NONLINEAR DIFFERENTIAL EQUATIONS AND APPLICATIONS,CAS 4区
Nodo,CAS 4区
Noema-Rivista Online di Filosofia,CAS 4区
Noesis-Revista de Ciencias Sociales y Humanidades,CAS 4区
NOISE CONTROL ENGINEERING JOURNAL,CAS 4区
Noise & Health,CAS 4区
Noise Mapping,CAS 4区
NOMADIC PEOPLES,CAS 4区
Non-Coding RNA,CAS 3区
Non-coding RNA Research,CAS 2区
Nondestructive Testing and Evaluation,CAS 2区
Non-Ferrous Metals,Indexed
Nonlinear Analysis-Hybrid Systems,CAS 3区
Nonlinear Analysis-Modelling and Control,CAS 3区
NONLINEAR ANALYSIS-REAL WORLD APPLICATIONS,CAS 3区
NONLINEAR ANALYSIS-THEORY METHODS & APPLICATIONS,CAS 3区
NONLINEAR DYNAMICS,CAS 2区
Nonlinear Dynamics Psychology and Life Sciences,CAS 4区
Nonlinear Engineering - Modeling and Application,CAS 4区
NONLINEARITY,CAS 2区
Nonlinear Optics Quantum Optics-Concepts in Modern Optics,CAS 4区
Nonlinear Phenomena in Complex Systems,CAS 4区
NONLINEAR PROCESSES IN GEOPHYSICS,CAS 4区
NONPROFIT AND VOLUNTARY SECTOR QUARTERLY,CAS 2区
Nonprofit Management & Leadership,CAS 2区
Nonprofit Policy Forum,CAS 3区
NORA-Nordic Journal of Feminist and Gender Research,CAS 4区
Nordeuropa Forum-Zeitschrift fur Kulturstudien,CAS 4区
Nordic Concrete Research,CAS 4区
Nordic Journal of African Studies,Indexed
NORDIC JOURNAL OF BOTANY,CAS 4区
Nordic Journal of Digital Literacy,CAS 4区
Nordic Journal of Human Rights,CAS 4区
Nordic Journal of Linguistics,SSCI/SCI/AHCI
Nordic Journal of Migration Research,CAS 4区
Nordic Journal of Music Therapy,CAS 4区
NORDIC JOURNAL OF PSYCHIATRY,SSCI/SCIE/SCI
Nordic Journal of Religion and Society,CAS 4区
Nordic Journal of Working Life Studies,CAS 4区
Nordicom Review,CAS 2区
Nordic Psychology,CAS 4区
NORDIC PULP & PAPER RESEARCH JOURNAL,CAS 4区
Nordic Social Work Research,CAS 4区
Nordic Studies on Alcohol and Drugs,CAS 4区
Nordic Theatre Studies,CAS 4区
Nordisk Judaistik-Scandinavian Jewish Studies,CAS 4区
Nordisk Sygeplejeforskning-Nordic Nursing Research,CAS 4区
NORMA,CAS 2区
Noropsikiyatri Arsivi-Archives of Neuropsychiatry,CAS 4区
Norsk Geografisk Tidsskrift-Norwegian Journal of Geography,CAS 4区
North American Actuarial Journal,CAS 4区
NORTH AMERICAN ARCHAEOLOGIST,CAS 4区
NORTH AMERICAN JOURNAL OF AQUACULTURE,CAS 4区
North American Journal of Economics and Finance,CAS 3区
NORTH AMERICAN JOURNAL OF FISHERIES MANAGEMENT,CAS 4区
NORTH AMERICAN REVIEW,CAS 4区
North American Spine Society Journal,Indexed
NORTHEASTERN NATURALIST,CAS 4区
Northern Clinics of Istanbul,CAS 4区
NORTHERN HISTORY,SSCI/SCI/AHCI
Northern Review,CAS 4区
Northern Scotland,CAS 4区
Northwestern Journal of International Law & Business,CAS 4区
North-Western Journal of Zoology,CAS 4区
NORTHWESTERN UNIVERSITY LAW REVIEW,CAS 2区
NORTHWEST SCIENCE,CAS 4区
Norwegian Archaeological Review,CAS 2区
NORWEGIAN JOURNAL OF GEOLOGY,CAS 4区
NOTA LEPIDOPTEROLOGICA,CAS 4区
Notarzt,CAS 4区
Note di Matematica,CAS 4区
NOTES,CAS 2区
NOTES AND QUERIES,CAS 4区
Notes and Records-The Royal Society Journal of the History of Science,SCIE/SCI/AHCI
Notes on Number Theory and Discrete Mathematics,CAS 4区
Notfall & Rettungsmedizin,CAS 4区
NOTORNIS,CAS 4区
Notre Dame Journal of Formal Logic,SCIE/SCI/AHCI
NOTRE DAME LAW REVIEW,CAS 3区
NOTTINGHAM FRENCH STUDIES,CAS 4区
Notulae Botanicae Horti Agrobotanici Cluj-Napoca,CAS 4区
NOUS,CAS 1区 Top
Nouvelle Revue du Travail,CAS 4区
NOUVELLE REVUE FRANCAISE,CAS 4区
Nova et Vetera-English Edition,CAS 4区
NOVA HEDWIGIA,CAS 4区
Nova Prisutnost,CAS 4区
Nova Religio-Journal of Alternative and Emergent Religions,CAS 3区
Novedades en Poblacion,CAS 4区
Noveishaya Istoriya Rossii-Modern History of Russia,CAS 4区
NOVEL-A FORUM ON FICTION,CAS 3区
NOVITATES CARIBAEA,CAS 4区
Novoe Literaturnoe Obozrenie,CAS 4区
NOVON,CAS 4区
Novos Cadernos NAEA,CAS 4区
Novum Jus,CAS 4区
NOVUM TESTAMENTUM,CAS 2区
Novye Issledovaniya Tuvy-New Research of Tuva,CAS 2区 Top
Novyi Filologicheskii Vestnik-New Philological Bulletin,CAS 3区
Novyi Istoricheskii Vestnik-The New Historical Bulletin,CAS 4区
NOVYI MIR,CAS 4区
NOWELE-North-Western European Language Evolution,CAS 4区
NPG Asia Materials,CAS 2区
npj 2D Materials and Applications,CAS 2区
npj Aging,CAS 2区
npj Biofilms and Microbiomes,CAS 1区 Top
npj Breast Cancer,CAS 2区 Top
npj Clean Water,CAS 2区
npj Climate and Atmospheric Science,CAS 1区 Top
npj Computational Materials,CAS 1区 Top
npj Digital Medicine,CAS 1区 Top
npj Flexible Electronics,CAS 1区 Top
npj Genomic Medicine,CAS 2区
NPJ HERITAGE SCIENCE,SCIE/SCI/AHCI
npj Materials Degradation,CAS 2区
NPJ Microgravity,CAS 2区
npj Parkinsons Disease,CAS 1区 Top
npj Precision Oncology,CAS 1区 Top
npj Primary Care Respiratory Medicine,CAS 2区
npj Quantum Information,CAS 1区 Top
npj Quantum Materials,CAS 1区 Top
npj Regenerative Medicine,CAS 1区 Top
npj Science of Food,CAS 1区 Top
npj Science of Learning,SSCI/SCIE/SCI
npj Systems Biology and Applications,CAS 2区
npj Urban Sustainability,CAS 1区 Top
npj Vaccines,CAS 2区 Top
NTM,CAS 4区
NTU Management Review,CAS 4区
NTUT Journal of Intellectual Property Law and Management,CAS 4区
Nuances-Estudos sobre Educacao,CAS 4区
NUCLEAR DATA SHEETS,CAS 2区
NUCLEAR ENGINEERING AND DESIGN,CAS 3区
Nuclear Engineering and Technology,CAS 3区
NUCLEAR FUSION,CAS 1区 Top
NUCLEAR INSTRUMENTS & METHODS IN PHYSICS RESEARCH SECTION A-ACCELERATORS SPECTROMETERS DETECTORS AND ASSOCIATED EQUIPMENT,CAS 3区
NUCLEAR INSTRUMENTS & METHODS IN PHYSICS RESEARCH SECTION B-BEAM INTERACTIONS WITH MATERIALS AND ATOMS,CAS 3区
Nuclear Materials and Energy,CAS 2区
NUCLEAR MEDICINE AND BIOLOGY,CAS 4区
Nuclear Medicine and Molecular Imaging,CAS 4区
NUCLEAR MEDICINE COMMUNICATIONS,CAS 4区
NUCLEAR MEDICINE REVIEW,CAS 4区
NUCLEAR PHYSICS A,CAS 4区
Nuclear Physics and Atomic Energy,CAS 4区
NUCLEAR PHYSICS B,CAS 3区
NUCLEAR SCIENCE AND ENGINEERING,CAS 4区
Nuclear Science and Techniques,CAS 1区 Top
NUCLEAR TECHNOLOGY,CAS 4区
Nuclear Technology & Radiation Protection,CAS 4区
NUCLEIC ACIDS RESEARCH,CAS 2区 Top
Nucleic Acid Therapeutics,CAS 2区
NUCLEOSIDES NUCLEOTIDES & NUCLEIC ACIDS,CAS 4区
Nucleus,CAS 4区
NUCLEUS-INDIA,CAS 4区
Nueva Revista Filologia Hispanica,CAS 3区
Nuevo Pensamiento-Revista de Filosofia,CAS 4区
NUKLEARMEDIZIN-NUCLEAR MEDICINE,CAS 4区
NUKLEONIKA,CAS 4区
NUMEN-INTERNATIONAL REVIEW FOR THE HISTORY OF RELIGIONS,CAS 2区
Numen-Revista de Estudos e Pesquisa da Religiao,CAS 4区
Numerical Algebra Control and Optimization,CAS 4区
NUMERICAL ALGORITHMS,CAS 3区
Numerical Analysis and Applications,CAS 4区
NUMERICAL FUNCTIONAL ANALYSIS AND OPTIMIZATION,CAS 3区
NUMERICAL HEAT TRANSFER PART A-APPLICATIONS,CAS 3区
NUMERICAL HEAT TRANSFER PART B-FUNDAMENTALS,CAS 4区
NUMERICAL LINEAR ALGEBRA WITH APPLICATIONS,CAS 3区
Numerical Mathematics-Theory Methods and Applications,CAS 4区
NUMERICAL METHODS FOR PARTIAL DIFFERENTIAL EQUATIONS,CAS 4区
NUMERISCHE MATHEMATIK,CAS 1区 Top
Nuncius-Journal of the History of Science,SSCI/SCIE/SCI/AHCI
NUOVA RIVISTA STORICA,CAS 4区
Nuovo Cimento C-Colloquia and Communications in Physics,CAS 4区
Nurse Education in Practice,SSCI/SCIE/SCI
NURSE EDUCATION TODAY,SSCI/SCIE/SCI
Nurse Educator,SSCI/SCIE/SCI
Nurse Leader,CAS 4区
NURSE PRACTITIONER,CAS 4区
Nurse Researcher,CAS 4区
Nursing and Midwifery Studies,CAS 4区
NURSING CLINICS OF NORTH AMERICA,SSCI/SCIE/SCI
NURSING ECONOMICS,SSCI/SCIE/SCI
Nursing Education Perspectives,CAS 4区
NURSING ETHICS,SSCI/SCIE/SCI
NURSING FORUM,CAS 3区
Nursing for Womens Health,Indexed
Nursing & Health Sciences,SSCI/SCIE/SCI
NURSING HISTORY REVIEW,CAS 4区
Nursing in Critical Care,SSCI/SCIE/SCI
Nursing Inquiry,SSCI/SCIE/SCI
Nursing Open,SSCI/SCIE/SCI
NURSING OUTLOOK,SSCI/SCIE/SCI
Nursing Philosophy,SSCI/SCIE/SCI
Nursing Practice Today,CAS 4区
Nursing Reports,CAS 3区
NURSING RESEARCH,SSCI/SCIE/SCI
Nursing Research and Practice,CAS 3区
Nursing-Research and Reviews,CAS 4区
NURSING SCIENCE QUARTERLY,SSCI/SCIE/SCI
Nusantara Bioscience,CAS 4区
Nutricion Clinica y Dietetica Hospitalaria,CAS 4区
Nutricion Hospitalaria,CAS 4区
NUTRIENT CYCLING IN AGROECOSYSTEMS,CAS 3区
Nutrients,CAS 2区
Nutrire,Indexed
NUTRITION,CAS 3区
NUTRITIONAL NEUROSCIENCE,CAS 3区
NUTRITION AND CANCER-AN INTERNATIONAL JOURNAL,CAS 4区
Nutrition and Dietary Supplements,CAS 4区
NUTRITION AND HEALTH,CAS 4区
Nutrition and Metabolic Insights,CAS 4区
NUTRITION BULLETIN,CAS 4区
Nutrition Clinique et Metabolisme,CAS 4区
Nutrition & Diabetes,CAS 2区
Nutrition & Dietetics,CAS 3区
Nutrition & Food Science,CAS 4区
NUTRITION IN CLINICAL PRACTICE,CAS 4区
Nutrition Journal,CAS 2区
Nutrition & Metabolism,CAS 2区
NUTRITION METABOLISM AND CARDIOVASCULAR DISEASES,CAS 3区
NUTRITION RESEARCH,CAS 4区
Nutrition Research and Practice,CAS 4区
NUTRITION RESEARCH REVIEWS,CAS 2区
NUTRITION REVIEWS,CAS 2区 Top
NWIG-New West Indian Guide-Nieuwe West-Indische Gids,SSCI/SCI/AHCI
OASIS-Observatorio de Analisis de los Sistemas Internacionales,CAS 4区
Obere Extremitaet-Schulter-Ellenbogen-Hand-Upper Extremity-Shoulder Elbow Hand,CAS 4区
Obesities,Indexed
Obesity,CAS 2区
Obesity Facts,CAS 3区
Obesity Research & Clinical Practice,CAS 4区
Obesity Reviews,CAS 2区 Top
Obesity Science & Practice,CAS 4区
OBESITY SURGERY,CAS 3区
OBETS-Revista de Ciencias Sociales,CAS 4区
Obrabotka Metallov-Metal Working and Material Science,CAS 4区
Obra Digital-Revista de Comunicacion,CAS 4区
Obradoiro de Historia Moderna,CAS 4区
Obrana a Strategie-Defence & Strategy,CAS 4区
Obrazovanie i Nauka-Education and Science,CAS 4区
Observar,CAS 4区
Observatorio Medioambiental,CAS 4区
OBSERVATORY,CAS 4区
OBSTETRICAL & GYNECOLOGICAL SURVEY,CAS 4区
Obstetrician & Gynaecologist,CAS 4区
Obstetric Medicine,CAS 4区
OBSTETRICS AND GYNECOLOGY,CAS 2区 Top
OBSTETRICS AND GYNECOLOGY CLINICS OF NORTH AMERICA,CAS 3区
Obstetrics and Gynecology International,CAS 4区
Obstetrics & Gynecology Science,CAS 4区
Occasional Papers on Religion in Eastern Europe,CAS 4区
OCCUPATIONAL AND ENVIRONMENTAL MEDICINE,CAS 2区
Occupational Health Science,CAS 4区
OCCUPATIONAL MEDICINE-OXFORD,CAS 4区
OCCUPATIONAL THERAPY IN HEALTH CARE,CAS 4区
Occupational Therapy in Mental Health,CAS 4区
Occupational Therapy International,SSCI/SCIE/SCI
Ocean and Coastal Research,CAS 4区
OCEAN & COASTAL MANAGEMENT,CAS 2区
OCEAN DEVELOPMENT AND INTERNATIONAL LAW,CAS 3区
OCEAN DYNAMICS,CAS 3区
Ocean Engineering,CAS 2区 Top
OCEANIA,CAS 4区
OCEANIC LINGUISTICS,CAS 3区
OCEAN-LAND-ATMOSPHERE RESEARCH,Indexed
OCEAN MODELLING,CAS 2区
OCEANOGRAPHY,CAS 4区
OCEANOLOGIA,CAS 3区
OCEANOLOGICAL AND HYDROBIOLOGICAL STUDIES,CAS 4区
OCEANOLOGY,CAS 4区
Ocean Science,CAS 3区
Ocean Science Journal,CAS 4区
Oceans-Switzerland,CAS 4区
Ocean Systems Engineering-An International Journal,CAS 4区
Ocean Yearbook,CAS 4区
Ochrona Przed Korozja,CAS 4区
Ochsner Journal,CAS 4区
OCL-Oilseeds and Fats Crops and Lipids,CAS 4区
Ocnos-Journal of Reading Research,CAS 4区
OCTOBER,CAS 3区
OCULAR IMMUNOLOGY AND INFLAMMATION,CAS 4区
Ocular Oncology and Pathology,CAS 4区
Ocular Surface,CAS 1区 Top
ODONATOLOGICA,CAS 4区
Odontoestomatologia,CAS 4区
Odontology,CAS 4区
Odovtos International Journal of Dental Sciences,CAS 4区
OECOLOGIA,CAS 3区
Oeconomia Copernicana,CAS 1区 Top
Oeconomia-History Methodology Philosophy,CAS 4区
OENO One,CAS 3区
OFIOLITI,CAS 4区
Ogigia-Revista Electronica de Estudios Hispanicos,CAS 4区
Oido Pensante,CAS 2区
OIKOS,CAS 2区
OIL SHALE,CAS 4区
OLBA,CAS 4区
Olho d Agua,CAS 4区
OMEGA-INTERNATIONAL JOURNAL OF MANAGEMENT SCIENCE,SSCI/SCIE/SCI
OMEGA-JOURNAL OF DEATH AND DYING,CAS 4区
OMICS-A JOURNAL OF INTEGRATIVE BIOLOGY,CAS 4区
Onati Socio-Legal Series,CAS 4区
ONCOGENE,CAS 1区 Top
Oncogenesis,CAS 2区
OncoImmunology,CAS 2区
Oncologie,CAS 4区
ONCOLOGIST,CAS 2区
ONCOLOGY,CAS 4区
Oncology and Therapy,CAS 4区
Oncology in Clinical Practice,CAS 4区
Oncology Letters,CAS 4区
ONCOLOGY-NEW YORK,CAS 4区
ONCOLOGY NURSING FORUM,SSCI/SCIE/SCI
ONCOLOGY REPORTS,CAS 3区
ONCOLOGY RESEARCH,CAS 4区
Oncology Research and Treatment,CAS 4区
Oncology Reviews,CAS 4区
OncoTargets and Therapy,CAS 4区
ONDERSTEPOORT JOURNAL OF VETERINARY RESEARCH,CAS 4区
One Earth,CAS 1区 Top
One Ecosystem,CAS 4区
One Health,CAS 2区
One Health Outlook,CAS 3区
Onkologie,CAS 4区
Onkologija,CAS 4区
Onkourologiya,CAS 4区
ONLINE INFORMATION REVIEW,SSCI/SCIE/SCI
Online Journal of Communication and Media Technologies,CAS 4区
Online Journal of Public Health Informatics,Indexed
Online Learning,CAS 3区
Online Social Networks and Media,Indexed
Onomazein,SSCI/SCI/AHCI
On the Horizon,CAS 4区
On the Waterfront,CAS 4区
OPEC Energy Review,CAS 4区
Open Access Emergency Medicine,CAS 4区
Open Access Journal of Clinical Trials,CAS 4区
Open Access Journal of Contraception,CAS 3区
Open Access Journal of Sports Medicine,CAS 4区
Open Access Rheumatology-Research and Reviews,CAS 4区
Open Access Surgery,CAS 4区
Open Agriculture,CAS 4区
Open Archaeology,CAS 3区
Open Astronomy,CAS 4区
Open Biology,CAS 2区
Open Cardiovascular Medicine Journal,CAS 4区
Open Ceramics,CAS 4区
Open Chemistry,CAS 4区
Open Computer Science,CAS 4区
Open Cultural Studies,CAS 4区
Open Dentistry Journal,CAS 4区
OPEN ECONOMIES REVIEW,CAS 4区
Open Engineering,CAS 4区
Open Forum Infectious Diseases,CAS 4区
Open Geosciences,CAS 4区
Open Heart,CAS 3区
Open House International,CAS 4区
Open House International-Sustainable & Smart Architecture and Urban Studies,SSCI/SCI/AHCI
Open Insight,CAS 4区
Open Learning,CAS 4区
Open Library of Humanities,CAS 2区
Open Life Sciences,CAS 4区
Open Linguistics,CAS 2区
Open Mathematics,CAS 4区
Open Medicine,CAS 4区
Open Ophthalmology Journal,CAS 4区
Open Philosophy,CAS 3区
Open Physics,CAS 4区
Open Praxis,CAS 4区
OPEN SYSTEMS & INFORMATION DYNAMICS,CAS 4区
Open Theology,CAS 3区
Open Veterinary Journal,CAS 4区
OPERA,CAS 4区
Opera-Colombia,CAS 4区
OPERA NEWS,CAS 4区
OPERA QUARTERLY,CAS 1区 Top
Operational Research,CAS 4区
Operations and Supply Chain Management-An International Journal,CAS 4区
Operations Management Research,CAS 4区
OPERATIONS RESEARCH,SSCI/SCIE/SCI
Operations Research and Decisions,CAS 4区
Operations Research for Health Care,CAS 4区
OPERATIONS RESEARCH LETTERS,CAS 4区
Operations Research Perspectives,CAS 4区
OPERATIVE DENTISTRY,CAS 4区
Operative Neurosurgery,CAS 4区
Operative Orthopadie und Traumatologie,CAS 4区
Operative Techniques in Orthopaedics,CAS 4区
OPERATIVE TECHNIQUES IN SPORTS MEDICINE,CAS 4区
Operators and Matrices,CAS 4区
OPHTHALMIC AND PHYSIOLOGICAL OPTICS,CAS 2区
OPHTHALMIC EPIDEMIOLOGY,CAS 4区
OPHTHALMIC GENETICS,CAS 4区
OPHTHALMIC PLASTIC AND RECONSTRUCTIVE SURGERY,CAS 4区
OPHTHALMIC RESEARCH,CAS 4区
Ophthalmic Surgery Lasers & Imaging Retina,CAS 4区
OPHTHALMOLOGICA,CAS 4区
Ophthalmologie,CAS 4区
OPHTHALMOLOGY,CAS 1区 Top
Ophthalmology and Therapy,CAS 3区
Ophthalmology Glaucoma,CAS 3区
Ophthalmology Retina,CAS 2区
Ophthalmology Science,CAS 3区
Opir Materialiv i Teoria Sporud-Strength of Materials and Theory of Structures,CAS 4区
Opsearch,CAS 4区
Optica,CAS 1区 Top
OPTICA APPLICATA,CAS 4区
OPTICAL AND QUANTUM ELECTRONICS,CAS 3区
OPTICAL ENGINEERING,CAS 4区
OPTICAL FIBER TECHNOLOGY,CAS 3区
OPTICAL MATERIALS,CAS 3区
Optical Materials Express,CAS 3区
OPTICAL MEMORY AND NEURAL NETWORKS,CAS 4区
OPTICAL REVIEW,CAS 4区
Optical Switching and Networking,CAS 4区
Optica Pura y Aplicada,CAS 4区
Optics,CAS 4区
OPTICS AND LASERS IN ENGINEERING,CAS 2区
OPTICS AND LASER TECHNOLOGY,CAS 2区 Top
OPTICS AND SPECTROSCOPY,CAS 4区
OPTICS COMMUNICATIONS,CAS 3区
Optics Continuum,CAS 4区
OPTICS EXPRESS,CAS 2区
OPTICS LETTERS,CAS 2区
OPTIMAL CONTROL APPLICATIONS & METHODS,CAS 4区
OPTIMIZATION,CAS 3区
OPTIMIZATION AND ENGINEERING,CAS 3区
Optimization Letters,CAS 4区
OPTIMIZATION METHODS & SOFTWARE,CAS 4区
Opto-Electronic Advances,CAS 1区 Top
Optoelectronics and Advanced Materials-Rapid Communications,CAS 4区
OPTO-ELECTRONIC SCIENCE,Indexed
Optoelectronics Instrumentation and Data Processing,CAS 4区
Optoelectronics Letters,CAS 4区
OPTO-ELECTRONICS REVIEW,CAS 4区
OPTOMETRY AND VISION SCIENCE,CAS 4区
Opus,CAS 4区
Opuscula-Annual of the Swedish Institutes at Athens and Rome,CAS 2区
Opuscula Mathematica,CAS 4区
Oral and Maxillofacial Surgery Clinics of North America,CAS 4区
Oral and Maxillofacial Surgery-Heidelberg,CAS 4区
ORAL DISEASES,CAS 3区
ORAL-HEALTH DISEASES THERAPIES AND TECHNOLOGIES,Indexed
Oral Health & Preventive Dentistry,CAS 4区
Oral History Review,SSCI/SCI/AHCI
Oral & Maxillofacial Pathology Journal,CAS 4区
ORAL ONCOLOGY,CAS 2区
Oral Radiology,CAS 4区
Oral Science International,CAS 4区
Oral Surgery Oral Medicine Oral Pathology Oral Radiology,CAS 4区
ORBIS LITTERARUM,CAS 3区
Orbis Tertius,CAS 4区
Orbital-The Electronic Journal of Chemistry,CAS 4区
Orbit-The International Journal on Orbital Disorders-Oculoplastic and Lacrimal Surgery,CAS 4区
ORDER-A JOURNAL ON THE THEORY OF ORDERED SETS AND ITS APPLICATIONS,CAS 3区
ORE GEOLOGY REVIEWS,CAS 2区
OREGON HISTORICAL QUARTERLY,CAS 4区
Organic Agriculture,CAS 4区
ORGANIC & BIOMOLECULAR CHEMISTRY,CAS 3区
Organic Chemistry Frontiers,CAS 2区
Organic Communications,CAS 4区
ORGANIC ELECTRONICS,CAS 4区
ORGANIC GEOCHEMISTRY,CAS 3区
ORGANIC LETTERS,CAS 1区 Top
ORGANIC PREPARATIONS AND PROCEDURES INTERNATIONAL,CAS 4区
ORGANIC PROCESS RESEARCH & DEVELOPMENT,CAS 3区
Organics,CAS 4区
ORGANIC SYNTHESES,CAS 4区
Organisational and Social Dynamics,CAS 4区
Organised Sound,CAS 3区
ORGANISMS DIVERSITY & EVOLUTION,CAS 2区
Organizacija,CAS 4区
ORGANIZATION,CAS 3区
ORGANIZATIONAL BEHAVIOR AND HUMAN DECISION PROCESSES,CAS 2区
ORGANIZATIONAL DYNAMICS,CAS 4区
Organizational Psychology Review,CAS 3区
ORGANIZATIONAL RESEARCH METHODS,CAS 1区 Top
ORGANIZATION & ENVIRONMENT,CAS 3区
Organizations and Markets in Emerging Economies,CAS 4区
ORGANIZATION SCIENCE,CAS 2区
ORGANIZATION STUDIES,CAS 1区 Top
Organization Technology and Management in Construction,CAS 4区
Organization Theory,Indexed
Organizatsionnaya Psikologiya,CAS 4区
Organogenesis,CAS 4区
ORGANOMETALLICS,CAS 3区
Organon F,CAS 4区
Oriens,CAS 2区
ORIENTAL INSECTS,CAS 4区
Oriental Journal of Chemistry,CAS 4区
Origini,CAS 4区
ORIGINS OF LIFE AND EVOLUTION OF BIOSPHERES,CAS 4区
ORL-Journal for Oto-Rhino-Laryngology Head and Neck Surgery,CAS 4区
Ornamental Horticulture-Revista Brasileira de Horticultura Ornamental,CAS 4区
Ornamental Plant Research,Indexed
ORNIS FENNICA,CAS 4区
ORNIS HUNGARICA,CAS 4区
Ornithological Applications,CAS 2区
ORNITHOLOGICAL SCIENCE,CAS 4区
Ornithology,CAS 3区
Ornithology Research,CAS 4区
ORNITOLOGIA NEOTROPICAL,CAS 4区
Orphanet Journal of Rare Diseases,CAS 2区
OR SPECTRUM,CAS 4区
Orthodontics & Craniofacial Research,CAS 3区
Orthopadie,CAS 4区
Orthopaedic Journal of Sports Medicine,CAS 3区
Orthopaedic Nursing,SSCI/SCIE/SCI
Orthopaedics & Traumatology-Surgery & Research,CAS 2区
Orthopaedic Surgery,CAS 4区
ORTHOPEDIC CLINICS OF NORTH AMERICA,CAS 4区
Orthopedic Research and Reviews,CAS 4区
Orthopedic Reviews,CAS 4区
ORTHOPEDICS,CAS 4区
ORVOSI HETILAP,CAS 4区
ORYX,CAS 3区
OSAKA JOURNAL OF MATHEMATICS,CAS 4区
OSGOODE HALL LAW JOURNAL,CAS 3区
OSIRIS,SSCI/SCIE/SCI/AHCI
Osmanli Arastirmalari-The Journal of Ottoman Studies,CAS 4区
Osong Public Health and Research Perspectives,CAS 4区
Osteoarthritis and Cartilage,CAS 1区 Top
Osteoarthritis and Cartilage Open,Indexed
Osteologie,CAS 4区
Osteoporosis and Sarcopenia,CAS 4区
OSTEOPOROSIS INTERNATIONAL,CAS 2区
Osterreichisches Religionspadagogisches Forum,CAS 4区
Osterreichische Zeitschrift fuer Soziologie,CAS 4区
OSTERREICHISCHE ZEITSCHRIFT FUR VOLKSKUNDE,CAS 4区
OSTEUROPA,CAS 4区
OSTRICH,CAS 4区
OTJR-Occupational Therapy Journal of Research,CAS 4区
OTOLARYNGOLOGIC CLINICS OF NORTH AMERICA,CAS 4区
Otolaryngology Case Reports,CAS 4区
OTOLARYNGOLOGY-HEAD AND NECK SURGERY,CAS 3区
OTOLOGY & NEUROTOLOGY,CAS 3区
OTO Open,CAS 3区
Otoritas-Jurnal Ilmu Pemerintahan,CAS 4区
OUD HOLLAND,CAS 2区
OUTLOOK ON AGRICULTURE,CAS 2区
OVERLAND,CAS 4区
Ovidius University Annals of Chemistry,CAS 4区
OXFORD ART JOURNAL,CAS 3区
OXFORD BULLETIN OF ECONOMICS AND STATISTICS,SSCI/SCIE/SCI
Oxford Development Studies,CAS 3区
OXFORD ECONOMIC PAPERS-NEW SERIES,CAS 4区
OXFORD GERMAN STUDIES,CAS 4区
Oxford Journal of Archaeology,CAS 2区
Oxford Journal of Law and Religion,CAS 3区
Oxford Journal of Legal Studies,CAS 2区
OXFORD LITERARY REVIEW,CAS 4区
Oxford Medical Case Reports,CAS 4区
Oxford Open Energy,Indexed
Oxford Open Materials Science,CAS 4区
OXFORD REVIEW OF ECONOMIC POLICY,CAS 3区
OXFORD REVIEW OF EDUCATION,CAS 3区
OZONE-SCIENCE & ENGINEERING,CAS 4区
PACE-PACING AND CLINICAL ELECTROPHYSIOLOGY,CAS 4区
PACHYDERM,CAS 4区
Pacific Accounting Review,CAS 4区
PACIFIC AFFAIRS,CAS 4区
Pacific Asia Journal of the Association for Information Systems,CAS 4区
Pacific-Basin Finance Journal,CAS 2区
Pacific Business Review International,CAS 4区
PACIFIC CONSERVATION BIOLOGY,CAS 4区
Pacific Economic Review,CAS 4区
Pacific Focus,CAS 4区
PACIFIC HISTORICAL REVIEW,CAS 3区
Pacific Journalism Review,CAS 3区
PACIFIC JOURNAL OF MATHEMATICS,CAS 3区
Pacific Journal of Optimization,CAS 4区
PACIFIC NORTHWEST QUARTERLY,CAS 4区
PACIFIC PHILOSOPHICAL QUARTERLY,CAS 2区
PACIFIC REVIEW,CAS 2区 Top
Pacific Rim International Journal of Nursing Research,CAS 4区
Pacific Rim Property Research Journal,Indexed
PACIFIC SCIENCE,CAS 4区
PACKAGING TECHNOLOGY AND SCIENCE,CAS 3区
Paddy and Water Environment,CAS 4区
P-Adic Numbers Ultrametric Analysis and Applications,CAS 4区
PAEDAGOGICA HISTORICA,CAS 4区
Paediatrica Indonesiana,CAS 4区
PAEDIATRIC AND PERINATAL EPIDEMIOLOGY,CAS 2区
Paediatric Respiratory Reviews,CAS 3区
Paediatrics and International Child Health,CAS 4区
Paediatrics & Child Health,CAS 4区
PAEDIATRIE UND PAEDOLOGIE,CAS 4区
Paginas de Educacion,CAS 4区
Paideusis-The Journal of the Canadian Philosophy of Education Society,CAS 4区
PAIN,CAS 1区 Top
Pain and Therapy,CAS 2区
Pain Management,CAS 4区
Pain Management Nursing,SSCI/SCIE/SCI
PAIN MEDICINE,CAS 3区
Pain Physician,CAS 3区
Pain Practice,CAS 3区
Pain Reports,CAS 3区
Pain Research & Management,CAS 3区
PAJ-A JOURNAL OF PERFORMANCE AND ART,CAS 4区
Pakistan Heart Journal,CAS 4区
PAKISTAN JOURNAL OF AGRICULTURAL SCIENCES,CAS 4区
Pakistan Journal of Analytical & Environmental Chemistry,CAS 4区
PAKISTAN JOURNAL OF BOTANY,CAS 4区
Pakistan Journal of Medical Sciences,CAS 4区
Pakistan Journal of Pharmaceutical Sciences,CAS 4区
Pakistan Journal of Statistics and Operation Research,CAS 4区
PAKISTAN VETERINARY JOURNAL,CAS 2区
Palabra,CAS 4区
Palabra Clave,CAS 4区
Palaeobiodiversity and Palaeoenvironments,CAS 4区
Palaeobulgarica-Starobalgaristika,CAS 4区
Palaeoentomology,CAS 3区
PALAEOGEOGRAPHY PALAEOCLIMATOLOGY PALAEOECOLOGY,CAS 2区
Palaeohispanica-Revista sobre Lenguas y Culturas de la Hispania Antigua,CAS 4区
PALAEONTOGRAPHICA ABTEILUNG A-PALAOZOOLOGIE-STRATIGRAPHIE,CAS 3区
Palaeontographica Abteilung B-Palaeophytologie Palaeobotany-Palaeophytology,CAS 4区
PALAEONTOLOGIA ELECTRONICA,CAS 4区
PALAEONTOLOGY,CAS 2区
Palaeoworld,CAS 3区
Palaestra,CAS 4区
PALAIOS,CAS 4区
Palawan Scientist,CAS 4区
PaleoAmerica,CAS 2区
PALEOBIOLOGY,CAS 2区
Paleoceanography and Paleoclimatology,CAS 2区
PALEONTOLOGICAL JOURNAL,CAS 4区
PALEONTOLOGICAL RESEARCH,CAS 4区
Palestine Exploration Quarterly,CAS 2区
Palimpsest-A Journal on Women Gender and the Black International,CAS 4区
Palliative Care & Social Practice,CAS 3区
PALLIATIVE MEDICINE,CAS 2区
Palliative Medicine in Practice,Indexed
Palliative Medicine Reports,CAS 4区
Palliative & Supportive Care,CAS 4区
PALYNOLOGY,CAS 4区
PalZ,CAS 3区
Pamatky Archeologicke,CAS 4区
Pamiec i Sprawiedliwosc,CAS 4区
PAMIETNIK LITERACKI,CAS 4区
Pampa,CAS 4区
Pamukkale Universitesi Egitim Fakultesi Dergisi-Pamukkale University Journal of Education,CAS 4区
Pamukkale University Journal of Engineering Sciences-Pamukkale Universitesi Muhendislik Bilimleri Dergisi,CAS 4区
Panacea-Boletin de Medicina y Traduccion,CAS 4区
Pan African Medical Journal,CAS 4区
PANCREAS,CAS 4区
Pancreatology,CAS 2区
PANMINERVA MEDICA,CAS 4区
Panoeconomicus,CAS 4区
Panorama,CAS 4区
PAN-PACIFIC ENTOMOLOGIST,CAS 4区
Panta Rei-Digital Journal of History and Didactics of History,CAS 4区
Papeles de Europa,CAS 4区
Papeles de Identidad-Contar la Investigacion de Frontera,Indexed
Papeles del CEIC-International Journal on Collective Identity Research,CAS 4区
Papeles del Psicologo,CAS 4区
Papeles de Poblacion,CAS 4区
Papeles de Trabajo,CAS 4区
Papers from the Institute of Archaeology,CAS 3区
Papers in Palaeontology,CAS 2区
Papers in Physics,CAS 4区
PAPERS IN REGIONAL SCIENCE,CAS 3区
PAPERS OF THE BIBLIOGRAPHICAL SOCIETY OF AMERICA,CAS 3区
Papers of the British School at Rome,CAS 3区
PAPERS ON LANGUAGE AND LITERATURE,Indexed
Papers on Social Representations,CAS 4区
Papers-Revista de Sociologia,CAS 4区
PARABOLA,CAS 4区
PARAGRAPH,CAS 3区
Parallax,SSCI/SCI/AHCI
PARALLEL COMPUTING,CAS 3区
Parallel Processing Letters,CAS 4区
Parasite,CAS 3区
Parasite Epidemiology and Control,CAS 3区
PARASITE IMMUNOLOGY,CAS 4区
Parasites Hosts and Diseases,CAS 4区
Parasites & Vectors,CAS 2区
Parasitologia,Indexed
Parasitologists United Journal,CAS 4区
PARASITOLOGY,CAS 3区
PARASITOLOGY INTERNATIONAL,CAS 4区
PARASITOLOGY RESEARCH,CAS 4区
Parenting-Science and Practice,CAS 3区
PARERGON,CAS 4区
PARIS REVIEW,CAS 4区
PARKINSONISM & RELATED DISORDERS,CAS 3区
Parkinsons Disease,CAS 4区
PARLIAMENTARY AFFAIRS,CAS 3区
Parliamentary History,CAS 4区
Parole Rubate-Rivista Internazionale di Studi Sulla Citazione,CAS 4区
Partecipazione e Conflitto,CAS 4区
Partial Answers-Journal of Literature and the History of Ideas,CAS 3区
Partial Differential Equations and Applications,Indexed
Particle and Fibre Toxicology,CAS 1区 Top
PARTICLE & PARTICLE SYSTEMS CHARACTERIZATION,CAS 4区
Particles,CAS 3区
PARTICULATE SCIENCE AND TECHNOLOGY,CAS 4区
Particuology,CAS 3区
Partner Abuse,CAS 4区
PARTY POLITICS,CAS 2区 Top
Pasado y Memoria-Revista de Historia Contemporanea,CAS 4区
Pasavento-Revista de Estudios Hispanicos,CAS 3区
Pasos-Revista de Turismo y Patrimonio Cultural,CAS 4区
Passagens-International Review of Political History and Legal Culture,CAS 4区
Pastoral Care in Education,CAS 4区
Pastoralism-Research Policy and Practice,CAS 3区
Pastoral Liturgy-Formation and Resources for Lectionary Worship,Indexed
Pastoral Psychology,CAS 4区
PAST & PRESENT,SSCI/SCI/AHCI
PATHOBIOLOGY,CAS 3区
Pathogens,CAS 3区
Pathogens and Disease,CAS 4区
Pathogens and Global Health,CAS 4区
Pathologia,CAS 4区
PATHOLOGICA,CAS 4区
Pathologie,CAS 4区
PATHOLOGY,CAS 3区
Pathology and Laboratory Medicine International,CAS 4区
PATHOLOGY INTERNATIONAL,CAS 4区
PATHOLOGY & ONCOLOGY RESEARCH,CAS 4区
PATHOLOGY RESEARCH AND PRACTICE,CAS 4区
PATHOPHYSIOLOGY,CAS 4区
PATIENT EDUCATION AND COUNSELING,SSCI/SCIE/SCI
Patient-Patient Centered Outcomes Research,SSCI/SCIE/SCI
Patient Preference and Adherence,CAS 3区
Patient-Related Outcome Measures,CAS 4区
Patient Safety in Surgery,CAS 3区
Patrimonio e Memoria,CAS 4区
PATTERN ANALYSIS AND APPLICATIONS,CAS 4区
PATTERN RECOGNITION,CAS 1区 Top
PATTERN RECOGNITION AND IMAGE ANALYSIS,CAS 4区
PATTERN RECOGNITION LETTERS,CAS 3区
Patterns,CAS 2区
PATTERNS OF PREJUDICE,SSCI/SCI/AHCI
PCI JOURNAL,CAS 4区
Peace and Conflict-Journal of Peace Psychology,CAS 4区
Peacebuilding,CAS 2区
Peace Economics Peace Science and Public Policy,CAS 3区
Peace Review-A Journal of Social Justice,CAS 4区
Pedagogia Social Revista Interuniversitaria,CAS 4区
Pedagogical Linguistics,Indexed
Pedagogies,CAS 4区
Pedagogika-Pedagogy,CAS 4区
Pedagogische Studien,CAS 4区
Pedagogy Culture and Society,CAS 3区
Pedagogy in Health Promotion,CAS 4区
Pedagogy of Physical Culture and Sports,CAS 4区
Pediatria-Asuncion,CAS 4区
Pediatria i Medycyna Rodzinna-Paediatrics and Family Medicine,CAS 4区
PEDIATRIC ALLERGY AND IMMUNOLOGY,CAS 2区
Pediatric Allergy Immunology and Pulmonology,CAS 4区
PEDIATRIC AND DEVELOPMENTAL PATHOLOGY,CAS 4区
PEDIATRIC ANESTHESIA,CAS 4区
Pediatric Anesthesia and Critical Care Journal,CAS 4区
PEDIATRIC ANNALS,CAS 4区
PEDIATRIC BLOOD & CANCER,CAS 3区
PEDIATRIC CARDIOLOGY,CAS 4区
PEDIATRIC CLINICS OF NORTH AMERICA,CAS 4区
Pediatric Critical Care Medicine,CAS 2区
Pediatric Dental Journal,CAS 4区
PEDIATRIC DENTISTRY,CAS 3区
PEDIATRIC DERMATOLOGY,CAS 4区
PEDIATRIC DIABETES,CAS 2区
PEDIATRIC DRUGS,CAS 3区
PEDIATRIC EMERGENCY CARE,CAS 4区
PEDIATRIC EXERCISE SCIENCE,CAS 4区
Pediatric Gastroenterology Hepatology & Nutrition,CAS 4区
Pediatric Health Medicine and Therapeutics,CAS 4区
PEDIATRIC HEMATOLOGY AND ONCOLOGY,CAS 4区
PEDIATRIC INFECTIOUS DISEASE JOURNAL,CAS 4区
Pediatric Investigation,CAS 4区
Pediatric Medicine,Indexed
PEDIATRIC NEPHROLOGY,CAS 3区
PEDIATRIC NEUROLOGY,CAS 3区
PEDIATRIC NEUROSURGERY,CAS 4区
Pediatric Obesity,CAS 3区
Pediatric Physical Therapy,CAS 4区
PEDIATRIC PULMONOLOGY,CAS 4区
Pediatric Quality & Safety,CAS 4区
PEDIATRIC RADIOLOGY,CAS 3区
Pediatric Reports,CAS 4区
PEDIATRIC RESEARCH,CAS 3区
Pediatric Rheumatology,CAS 3区
PEDIATRICS,CAS 2区 Top
Pediatrics and Neonatology,CAS 3区
PEDIATRICS IN REVIEW,CAS 4区
PEDIATRICS INTERNATIONAL,CAS 4区
PEDIATRIC SURGERY INTERNATIONAL,CAS 3区
PEDIATRIC TRANSPLANTATION,CAS 4区
PEDOBIOLOGIA,CAS 3区
PEDOSPHERE,CAS 2区
Peer Community Journal,Indexed
PeerJ,CAS 3区
PeerJ Computer Science,CAS 4区
Peer-to-Peer Networking and Applications,CAS 4区
Pegem Egitim ve Ogretim Dergisi,CAS 4区
Pennsylvania History-A Journal of Mid-Atlantic Studies,CAS 4区
PENNSYLVANIA MAGAZINE OF HISTORY AND BIOGRAPHY,CAS 4区
PENSAMIENTO,CAS 4区
Pensamiento al Margen,CAS 4区
Pensando Psicologia,CAS 4区
Pensando-Revista de Filosofia,CAS 4区
Pensar en Movimiento-Revista de Ciencias del Ejercicio y la Salud,CAS 4区
PentecoStudies-An Interdisciplinary Journal for Research on the Pentecostal and Charismatic Movements,CAS 3区
People and Nature,CAS 2区
PEPTIDES,CAS 3区
Peptide Science,CAS 4区
Percees-Explorations En Arts Vivants,Indexed
PERCEPTION,SSCI/SCIE/SCI
PERCEPTUAL AND MOTOR SKILLS,CAS 4区
Perfiles Latinoamericanos,CAS 4区
Performance Enhancement & Health,CAS 2区
PERFORMANCE EVALUATION,CAS 4区
Performance Measurement and Metrics,CAS 4区
PERFORMANCE RESEARCH,CAS 4区
PERFUSION-UK,CAS 4区
Perichoresis,CAS 4区
Periferia,CAS 4区
Perifrasis-Revista de Literatura Teoria y Critica,CAS 4区
Perinola-Revista de Investigacion Quevediana,CAS 3区
Periodica Mathematica Hungarica,CAS 3区
PERIODICA POLYTECHNICA-CHEMICAL ENGINEERING,CAS 4区
Periodica Polytechnica-Civil Engineering,CAS 4区
PERIODICA POLYTECHNICA-MECHANICAL ENGINEERING,CAS 4区
Periodico di Mineralogia,CAS 4区
Periodico Tche Quimica,CAS 4区
PERIODICUM BIOLOGORUM,CAS 4区
PERIODONTOLOGY 2000,CAS 1区 Top
Perioperative Care and Operating Room Management,Indexed
Perioperative Medicine,CAS 3区
Perioperative Precision Medicine,Indexed
PERIPLO SUSTENTABLE,CAS 4区
PERITONEAL DIALYSIS INTERNATIONAL,CAS 4区
Per Linguam-A Journal of Language Learning,CAS 4区
PERMAFROST AND PERIGLACIAL PROCESSES,CAS 3区
Persian Journal of Acarology,CAS 4区
PERSONALITY AND INDIVIDUAL DIFFERENCES,CAS 2区
Personality and Mental Health,CAS 3区
PERSONALITY AND SOCIAL PSYCHOLOGY BULLETIN,CAS 2区
PERSONALITY AND SOCIAL PSYCHOLOGY REVIEW,SSCI/SCIE/SCI
Personality Disorders-Theory Research and Treatment,CAS 2区
Personalized Medicine,CAS 4区
PERSONAL RELATIONSHIPS,CAS 4区
Person and the Challenges-The Journal of Theology Education Canon Law and Social Studies Inspired by Pope John Paul II,CAS 4区
Persona y Derecho,Indexed
Person-Centered and Experiential Psychotherapies,CAS 4区
PERSONNEL PSYCHOLOGY,CAS 1区 Top
PERSONNEL REVIEW,CAS 3区
PERSOONIA,CAS 1区 Top
Perspectiva Educacional,CAS 4区
Perspectiva Geografica,CAS 4区
Perspectivas de la Comunicacion,CAS 4区
Perspectivas em Ciencia da Informacao,CAS 4区
Perspectivas em Dialogo-Revista de Educacao e Sociedade,CAS 4区
Perspectiva Teologica,CAS 3区
Perspective-Actualite en Histoire de L Art,CAS 3区
PERSPECTIVES IN BIOLOGY AND MEDICINE,CAS 4区
Perspectives in Ecology and Conservation,CAS 2区
PERSPECTIVES IN PLANT ECOLOGY EVOLUTION AND SYSTEMATICS,CAS 2区
PERSPECTIVES IN PSYCHIATRIC CARE,SSCI/SCIE/SCI
Perspectives in Public Health,CAS 4区
Perspectives Medievales-Revue d'epistemologie des Langues et Litteratures du Moyen Age,CAS 4区
Perspectives on Behavior Science,CAS 2区
Perspectives on Global Development and Technology,CAS 4区
Perspectives on Medical Education,CAS 1区 Top
Perspectives on Politics,CAS 1区 Top
Perspectives on Psychological Science,CAS 1区 Top
Perspectives on Public Management and Governance,CAS 3区
Perspectives on Science and Christian Faith,CAS 4区
PERSPECTIVES ON SEXUAL AND REPRODUCTIVE HEALTH,CAS 2区
Perspectives-Studies in Translation Theory and Practice,SSCI/SCI/AHCI
Pertanika Journal of Science and Technology,CAS 4区
Pertanika Journal of Social Science and Humanities,CAS 4区
PERTANIKA JOURNAL OF TROPICAL AGRICULTURAL SCIENCE,CAS 4区
Pervasive and Mobile Computing,CAS 3区
PESQUISA AGROPECUARIA BRASILEIRA,CAS 4区
Pesquisa Agropecuaria Tropical,CAS 4区
Pesquisa Brasileira em Odontopediatria e Clinica Integrada,CAS 4区
PESQUISA VETERINARIA BRASILEIRA,CAS 4区
Pesticide Biochemistry and Physiology,CAS 1区 Top
PEST MANAGEMENT SCIENCE,CAS 1区 Top
PET Clinics,CAS 4区
Petroleum,CAS 2区
PETROLEUM CHEMISTRY,CAS 4区
Petroleum Exploration and Development,CAS 1区 Top
PETROLEUM GEOSCIENCE,CAS 4区
Petroleum Research,CAS 4区
Petroleum Science,CAS 1区 Top
PETROLEUM SCIENCE AND TECHNOLOGY,CAS 4区
PETROLOGY,CAS 4区
Petrophysics,CAS 4区
PFERDEHEILKUNDE,CAS 4区
PFG-Journal of Photogrammetry Remote Sensing and Geoinformation Science,CAS 4区
Pflege,SSCI/SCIE/SCI
PFLUGERS ARCHIV-EUROPEAN JOURNAL OF PHYSIOLOGY,CAS 4区
PHAGE-Therapy Applications and Research,CAS 4区
Phainomena,CAS 4区
Phares-Revue Philosophique Etudiante de l Universite Laval,CAS 4区
PHARMACEUTICAL BIOLOGY,CAS 3区
Pharmaceutical Care Espana,CAS 4区
PHARMACEUTICAL CHEMISTRY JOURNAL,CAS 4区
PHARMACEUTICAL DEVELOPMENT AND TECHNOLOGY,CAS 4区
Pharmaceutical Medicine,CAS 4区
Pharmaceutical Patent Analyst,CAS 4区
PHARMACEUTICAL RESEARCH,CAS 3区
Pharmaceuticals,CAS 3区
Pharmaceutical Sciences,CAS 4区
PHARMACEUTICAL STATISTICS,CAS 4区
Pharmaceutics,CAS 3区
PHARMACIA,CAS 4区
PHARMACOECONOMICS,SSCI/SCIE/SCI
Pharmacoeconomics-Open,CAS 4区
PHARMACOEPIDEMIOLOGY AND DRUG SAFETY,CAS 3区
Pharmacogenetics and Genomics,CAS 4区
PHARMACOGENOMICS,CAS 4区
PHARMACOGENOMICS JOURNAL,CAS 3区
Pharmacogenomics & Personalized Medicine,CAS 4区
Pharmacognosy Magazine,CAS 4区
Pharmacognosy Research,CAS 4区
Pharmacological Reports,CAS 4区
PHARMACOLOGICAL RESEARCH,CAS 2区 Top
PHARMACOLOGICAL REVIEWS,CAS 1区 Top
PHARMACOLOGY,CAS 4区
PHARMACOLOGY BIOCHEMISTRY AND BEHAVIOR,CAS 3区
Pharmacology Research & Perspectives,CAS 4区
PHARMACOLOGY & THERAPEUTICS,CAS 1区 Top
PHARMACOPSYCHIATRY,CAS 4区
PHARMACOTHERAPY,CAS 3区
Pharmacy,CAS 4区
PHARMACY EDUCATION,CAS 4区
Pharmacy & Pharmacology-Farmatsiya i Farmakologiya,CAS 4区
Pharmacy Practice-Granada,CAS 4区
PharmaNutrition,CAS 4区
PHARMAZIE,CAS 4区
PHASE TRANSITIONS,CAS 4区
Phenomenology and the Cognitive Sciences,CAS 1区 Top
Phenomenology & Practice,CAS 4区
Phenomics,CAS 2区
PHI DELTA KAPPAN,CAS 4区
PHILIPPINE AGRICULTURAL SCIENTIST,CAS 4区
Philippine Journal of Crop Science,CAS 4区
Philippine Political Science Journal,Indexed
Philippine Studies-Historical and Ethnographic Viewpoints,CAS 3区
Philippiniana Sacra,CAS 4区
Philobiblon-Transylvanian Journal of Multidisciplinary Research in Humanities,CAS 4区
Philologia Classica,CAS 4区
Philologia Hispalensis,Indexed
Philologica Canariensia,CAS 4区
Philologica Jassyensia,CAS 4区
Philological Class,CAS 4区
Philological Encounters,CAS 2区
PHILOLOGICAL QUARTERLY,CAS 3区
Philologus,CAS 3区
Philomusica,CAS 4区
Philosophers Imprint,CAS 1区 Top
PHILOSOPHIA,CAS 3区
Philosophia Africana,CAS 4区
PhiloSOPHIA-A Journal of Continental Feminism,CAS 4区
Philosophia-International Journal of Philosophy,CAS 4区
Philosophia Mathematica,SCIE/SCI/AHCI
Philosophical Explorations,CAS 2区
PHILOSOPHICAL FORUM,CAS 3区
Philosophical Inquiries,CAS 4区
PHILOSOPHICAL INVESTIGATIONS,CAS 3区
Philosophical Issues,CAS 3区
PHILOSOPHICAL MAGAZINE,CAS 4区
PHILOSOPHICAL MAGAZINE LETTERS,CAS 4区
Philosophical Papers,CAS 3区
Philosophical Perspectives,CAS 1区 Top
PHILOSOPHICAL PSYCHOLOGY,CAS 3区
PHILOSOPHICAL QUARTERLY,CAS 1区 Top
PHILOSOPHICAL REVIEW,CAS 1区 Top
PHILOSOPHICAL STUDIES,CAS 1区 Top
PHILOSOPHICAL TRANSACTIONS OF THE ROYAL SOCIETY A-MATHEMATICAL PHYSICAL AND ENGINEERING SCIENCES,CAS 3区
PHILOSOPHICAL TRANSACTIONS OF THE ROYAL SOCIETY B-BIOLOGICAL SCIENCES,CAS 1区 Top
Philosophies,CAS 3区
Philosophiques,CAS 4区
PHILOSOPHISCHE RUNDSCHAU,CAS 4区
PHILOSOPHISCHES JAHRBUCH,CAS 3区
PHILOSOPHY,CAS 2区
Philosophy and Cosmology-Filosofiya i Kosmologiya,CAS 4区
PHILOSOPHY AND LITERATURE,CAS 4区
PHILOSOPHY AND PHENOMENOLOGICAL RESEARCH,CAS 1区 Top
PHILOSOPHY AND RHETORIC,CAS 4区
Philosophy and Society-Filozofija i Drustvo,CAS 4区
Philosophy Compass,CAS 1区 Top
PHILOSOPHY EAST & WEST,CAS 3区
Philosophy Ethics and Humanities in Medicine,SSCI/SCIE/SCI/AHCI
Philosophy of Management,CAS 4区
Philosophy of Music Education Review,CAS 2区
Philosophy of Photography,CAS 4区
PHILOSOPHY OF SCIENCE,SSCI/SCIE/SCI/AHCI
PHILOSOPHY OF THE SOCIAL SCIENCES,SSCI/SCI/AHCI
Philosophy Psychiatry & Psychology,CAS 2区
PHILOSOPHY & PUBLIC AFFAIRS,CAS 1区 Top
PHILOSOPHY & SOCIAL CRITICISM,CAS 3区
PHILOSOPHY TODAY,CAS 4区
PHLEBOLOGIE,CAS 4区
PHLEBOLOGY,CAS 4区
Phlebolymphology,CAS 4区
PHOENIX-THE JOURNAL OF THE CLASSICAL ASSOCIATION OF CANADA,CAS 4区
PHONETICA,SSCI/SCIE/SCI/AHCI
Phonology,SSCI/SCI/AHCI
PHOSPHORUS SULFUR AND SILICON AND THE RELATED ELEMENTS,CAS 4区
Photoacoustics,CAS 1区 Top
Photobiomodulation Photomedicine and Laser Surgery,CAS 4区
Photochem,Indexed
PHOTOCHEMICAL & PHOTOBIOLOGICAL SCIENCES,CAS 3区
PHOTOCHEMISTRY AND PHOTOBIOLOGY,CAS 4区
PHOTODERMATOLOGY PHOTOIMMUNOLOGY & PHOTOMEDICINE,CAS 4区
Photodiagnosis and Photodynamic Therapy,CAS 3区
PHOTOGRAMMETRIC ENGINEERING AND REMOTE SENSING,CAS 4区
PHOTOGRAMMETRIC RECORD,CAS 3区
Photography and Culture,CAS 4区
PHOTONIC NETWORK COMMUNICATIONS,CAS 4区
Photonics,CAS 3区
Photonics and Nanostructures-Fundamentals and Applications,CAS 3区
Photonic Sensors,CAS 1区 Top
Photonics Letters of Poland,CAS 4区
Photonics Research,CAS 1区 Top
PhotoniX,CAS 1区 Top
PHOTOSYNTHESIS RESEARCH,CAS 3区
PHOTOSYNTHETICA,CAS 4区
PHRONESIS-A JOURNAL FOR ANCIENT PHILOSOPHY,CAS 2区
Phronimon,CAS 4区
PHYCOLOGIA,CAS 4区
PHYCOLOGICAL RESEARCH,CAS 4区
Phycology,Indexed
PHYLLOMEDUSA,CAS 4区
Physchem,Indexed
PHYSICA A-STATISTICAL MECHANICS AND ITS APPLICATIONS,CAS 2区
PHYSICA B-CONDENSED MATTER,CAS 3区
PHYSICA C-SUPERCONDUCTIVITY AND ITS APPLICATIONS,CAS 4区
PHYSICA D-NONLINEAR PHENOMENA,CAS 3区
PHYSICA E-LOW-DIMENSIONAL SYSTEMS & NANOSTRUCTURES,CAS 3区
Physical Activity Review,CAS 4区
Physical and Chemical Aspects of the Study of Clusters Nanostructures and Nanomaterials,CAS 4区
Physical and Engineering Sciences in Medicine,CAS 4区
PHYSICAL BIOLOGY,CAS 4区
PHYSICAL CHEMISTRY CHEMICAL PHYSICS,CAS 3区
Physical Chemistry Research,CAS 4区
Physical Communication,CAS 4区
Physical Culture and Sport Studies and Research,CAS 4区
Physical Education and Sport Pedagogy,CAS 2区
Physical Education of Students,CAS 4区
Physical Educator-US,CAS 4区
PHYSICAL GEOGRAPHY,CAS 4区
Physical Medicine and Rehabilitation Clinics of North America,CAS 4区
Physical Mesomechanics,CAS 4区
PHYSICAL & OCCUPATIONAL THERAPY IN GERIATRICS,CAS 4区
PHYSICAL & OCCUPATIONAL THERAPY IN PEDIATRICS,SSCI/SCIE/SCI
Physical Oceanography,CAS 4区
PHYSICAL REVIEW A,CAS 2区
Physical Review Accelerators and Beams,CAS 3区
Physical Review Applied,CAS 2区
PHYSICAL REVIEW B,CAS 2区
PHYSICAL REVIEW C,CAS 2区
PHYSICAL REVIEW D,CAS 2区
PHYSICAL REVIEW E,CAS 3区
Physical Review Fluids,CAS 3区
PHYSICAL REVIEW LETTERS,CAS 1区 Top
Physical Review Materials,CAS 3区
Physical Review Physics Education Research,SSCI/SCIE/SCI
Physical Review Research,CAS 2区
Physical Review X,CAS 1区 Top
Physical Therapy,CAS 3区
Physical Therapy in Sport,CAS 3区
Physical Therapy Reviews,CAS 4区
Physica Medica-European Journal of Medical Physics,CAS 3区
PHYSICA SCRIPTA,CAS 3区
PHYSICA STATUS SOLIDI A-APPLICATIONS AND MATERIALS SCIENCE,CAS 4区
PHYSICA STATUS SOLIDI B-BASIC SOLID STATE PHYSICS,CAS 4区
Physica Status Solidi-Rapid Research Letters,CAS 4区
PHYSICIAN AND SPORTSMEDICINE,CAS 4区
Physician Assistant Clinics,CAS 4区
Physicochemical Problems of Mineral Processing,CAS 4区
Physics,CAS 4区
Physics and Chemistry of Glasses-European Journal of Glass Science and Technology Part B,CAS 4区
PHYSICS AND CHEMISTRY OF LIQUIDS,CAS 4区
PHYSICS AND CHEMISTRY OF MINERALS,CAS 4区
Physics and Chemistry of Solid State,CAS 4区
PHYSICS AND CHEMISTRY OF THE EARTH,CAS 3区
PHYSICS ESSAYS,CAS 4区
Physics & Imaging in Radiation Oncology,CAS 2区
PHYSICS IN MEDICINE AND BIOLOGY,CAS 3区
PHYSICS IN PERSPECTIVE,SSCI/SCIE/SCI
PHYSICS LETTERS A,CAS 3区
PHYSICS LETTERS B,CAS 2区
PHYSICS OF ATOMIC NUCLEI,CAS 4区
PHYSICS OF FLUIDS,CAS 2区
Physics of Life Reviews,CAS 1区 Top
PHYSICS OF METALS AND METALLOGRAPHY,CAS 4区
PHYSICS OF PARTICLES AND NUCLEI,CAS 4区
Physics of Particles and Nuclei Letters,CAS 4区
PHYSICS OF PLASMAS,CAS 3区
Physics of the Dark Universe,CAS 2区
PHYSICS OF THE EARTH AND PLANETARY INTERIORS,CAS 3区
PHYSICS OF THE SOLID STATE,CAS 4区
Physics of Wave Phenomena,CAS 4区
Physics Open,CAS 4区
PHYSICS REPORTS-REVIEW SECTION OF PHYSICS LETTERS,CAS 1区 Top
PHYSICS TEACHER,CAS 4区
PHYSICS TODAY,CAS 4区
PHYSICS-USPEKHI,CAS 3区
PHYSICS WORLD,CAS 4区
PHYSIKALISCHE MEDIZIN REHABILITATIONSMEDIZIN KURORTMEDIZIN,CAS 4区
Physio-Geo,CAS 4区
Physiologia,Indexed
PHYSIOLOGIA PLANTARUM,CAS 2区
PHYSIOLOGICAL AND BIOCHEMICAL ZOOLOGY,CAS 3区
PHYSIOLOGICAL AND MOLECULAR PLANT PATHOLOGY,CAS 3区
PHYSIOLOGICAL ENTOMOLOGY,CAS 3区
Physiological Genomics,CAS 4区
PHYSIOLOGICAL MEASUREMENT,CAS 4区
Physiological Reports,CAS 4区
PHYSIOLOGICAL RESEARCH,CAS 4区
Physiological Reviews,CAS 1区 Top
PHYSIOLOGY,CAS 2区
PHYSIOLOGY AND MOLECULAR BIOLOGY OF PLANTS,CAS 3区
Physiology and Pharmacology,CAS 4区
PHYSIOLOGY & BEHAVIOR,SSCI/SCIE/SCI
Physiology International,CAS 4区
Physioscience,CAS 4区
Physiotherapy,CAS 3区
Physiotherapy Canada,CAS 4区
Physiotherapy Practice and Research,CAS 4区
Physiotherapy Research International,CAS 4区
PHYSIOTHERAPY THEORY AND PRACTICE,CAS 4区
Phytobiomes Journal,CAS 3区
PHYTOCHEMICAL ANALYSIS,CAS 3区
PHYTOCHEMISTRY,CAS 2区
Phytochemistry Letters,CAS 4区
PHYTOCHEMISTRY REVIEWS,CAS 2区
PHYTOCOENOLOGIA,CAS 4区
PhytoFrontiers,Indexed
PhytoKeys,CAS 3区
PHYTOMEDICINE,CAS 1区 Top
PHYTON-ANNALES REI BOTANICAE,CAS 4区
PHYTON-INTERNATIONAL JOURNAL OF EXPERIMENTAL BOTANY,CAS 4区
PHYTOPARASITICA,CAS 3区
PHYTOPATHOLOGIA MEDITERRANEA,CAS 3区
PHYTOPATHOLOGY,CAS 2区
Phytopathology Research,CAS 2区
PHYTOPROTECTION,CAS 4区
Phytotaxa,CAS 4区
PHYTOTHERAPY RESEARCH,CAS 2区
Pielegniarstwo Chirurgiczne i Angiologiczne-Surgical and Vascular Nursing,CAS 4区
Pielegniarstwo XXI Wieku-Nursing in the 21 Century,CAS 4区
Pigment Cell & Melanoma Research,CAS 3区
Pigment & Resin Technology,CAS 4区
Pilot and Feasibility Studies,CAS 4区
Pituitary,CAS 2区
Pixel-Bit- Revista de Medios y Educacion,CAS 4区
Place Branding and Public Diplomacy,CAS 4区
PLACENTA,CAS 3区
Plainsong & Medieval Music,CAS 1区 Top
PLANETARY AND SPACE SCIENCE,CAS 4区
Planetary Science Journal,CAS 2区
Plankton & Benthos Research,CAS 4区
Planlama-Planning,CAS 4区
Planning Perspectives,SSCI/SCI/AHCI
Planning Practice and Research,CAS 3区
Planning Theory,CAS 1区 Top
Planning Theory & Practice,CAS 2区
PLANTA,CAS 3区
PLANTA MEDICA,CAS 4区
PLANT AND CELL PHYSIOLOGY,CAS 2区
PLANT AND SOIL,CAS 2区
PLANT BIOLOGY,CAS 2区
PLANT BIOSYSTEMS,CAS 3区
Plant Biotechnology,CAS 4区
PLANT BIOTECHNOLOGY JOURNAL,CAS 1区 Top
Plant Biotechnology Reports,CAS 4区
PLANT BREEDING,CAS 4区
PLANT CELL,CAS 1区 Top
PLANT CELL AND ENVIRONMENT,CAS 1区 Top
PLANT CELL REPORTS,CAS 2区
PLANT CELL TISSUE AND ORGAN CULTURE,CAS 3区
Plant Communications,CAS 1区 Top
Plant Direct,CAS 3区
PLANT DISEASE,CAS 2区
Plant Diversity,CAS 1区 Top
PLANT ECOLOGY,CAS 4区
Plant Ecology and Evolution,CAS 4区
Plant Ecology & Diversity,CAS 4区
PLANT FOODS FOR HUMAN NUTRITION,CAS 2区
Plant Gene,CAS 4区
Plant Genetic Resources-Characterization and Utilization,CAS 4区
Plant Genome,CAS 2区
PLANT GROWTH REGULATION,CAS 3区
Plant Health Progress,CAS 4区
PLANT JOURNAL,CAS 1区 Top
Plant Methods,CAS 2区
PLANT MOLECULAR BIOLOGY,CAS 3区
PLANT MOLECULAR BIOLOGY REPORTER,CAS 4区
Plant Nano Biology,Indexed
PLANT PATHOLOGY,CAS 3区
Plant Pathology Journal,CAS 3区
Plant Phenomics,CAS 1区 Top
PLANT PHYSIOLOGY,CAS 1区 Top
PLANT PHYSIOLOGY AND BIOCHEMISTRY,CAS 2区 Top
Plant Physiology Reports,CAS 4区
PLANT PRODUCTION SCIENCE,CAS 4区
PLANT PROTECTION SCIENCE,CAS 3区
Plant Reproduction,CAS 4区
Plant Root,CAS 4区
Plants-Basel,CAS 2区
PLANT SCIENCE,CAS 2区
Plant Science Today,CAS 4区
Plant Signaling & Behavior,CAS 4区
PLANT SOIL AND ENVIRONMENT,CAS 3区
PLANT SPECIES BIOLOGY,CAS 4区
Plants People Planet,CAS 2区
Plant Stress,CAS 2区
PLANT SYSTEMATICS AND EVOLUTION,CAS 3区
Plaridel,CAS 4区
Plasma,CAS 4区
Plasma and Fusion Research,CAS 4区
PLASMA CHEMISTRY AND PLASMA PROCESSING,CAS 3区
PLASMA PHYSICS AND CONTROLLED FUSION,CAS 2区
PLASMA PHYSICS REPORTS,CAS 4区
Plasma Processes and Polymers,CAS 3区
PLASMA SCIENCE & TECHNOLOGY,CAS 3区
PLASMA SOURCES SCIENCE & TECHNOLOGY,CAS 2区
Plasmatology,CAS 4区
PLASMID,CAS 4区
Plasmonics,CAS 3区
Plastic and Aesthetic Research,Indexed
PLASTIC AND RECONSTRUCTIVE SURGERY,CAS 2区
Plastic and Reconstructive Surgery-Global Open,CAS 4区
PLASTICS RUBBER AND COMPOSITES,CAS 4区
Plastic Surgery,CAS 4区
PLATELETS,CAS 3区
Plato Journal,CAS 4区
Pleura and Peritoneum,CAS 4区
PLOS BIOLOGY,CAS 1区 Top
PLOS Climate,Indexed
PLoS Computational Biology,CAS 2区
PLOS Digital Health,Indexed
PLoS Genetics,CAS 2区 Top
PLOS Global Public Health,Indexed
PLOS MEDICINE,CAS 1区 Top
PLoS Neglected Tropical Diseases,CAS 2区
PLoS One,CAS 3区
PLoS Pathogens,CAS 1区 Top
PLOS Sustainability and Transformation,Indexed
PLOS Water,Indexed
PLOUGHSHARES,CAS 4区
Pluralist,CAS 4区
Plura-Revista de Estudos de Religiao,CAS 4区
PMLA-PUBLICATIONS OF THE MODERN LANGUAGE ASSOCIATION OF AMERICA,CAS 2区
PM&R,CAS 4区
PNA-Revista de Investigacion en Didactica de la Matematica,CAS 4区
PNAS Nexus,CAS 3区
Pneuma,CAS 4区
PNEUMOLOGIE,CAS 4区
Pneumon,CAS 4区
Pneumonia,CAS 3区
Poblacion y Salud en Mesoamerica,CAS 4区
Podium-Sport Leisure and Tourism Review,CAS 4区
Poe Studies-History Theory Interpretation,CAS 4区
POETICA-ZEITSCHRIFT FUR SPRACH-UND LITERATURWISSENSCHAFT,CAS 3区
POETICS,SSCI/SCI/AHCI
POETICS TODAY,CAS 2区
POETRY REVIEW,CAS 4区
POETRY WALES,CAS 4区
POLAR BIOLOGY,CAS 4区
Polar Geography,CAS 3区
Polar Journal,CAS 4区
Polar-Political and Legal Anthropology Review,CAS 2区
POLAR RECORD,CAS 4区
POLAR RESEARCH,CAS 4区
Polar Science,CAS 4区
Polem!ca,CAS 4区
Police Practice and Research,CAS 3区
Police Quarterly,CAS 2区
Policija i Sigurnost-Police and Security,CAS 4区
Policing-A Journal of Policy and Practice,CAS 4区
POLICING-AN INTERNATIONAL JOURNAL OF POLICE STRATEGIES & MANAGEMENT,CAS 4区
Policing & Society,CAS 3区
Policy and Internet,CAS 1区 Top
POLICY AND POLITICS,CAS 2区
Policy and Society,CAS 2区
Policy Design and Practice,CAS 4区
Policy Futures in Education,CAS 4区
Policy Insights from the Behavioral and Brain Sciences,CAS 1区 Top
Policy Politics & Nursing Practice,CAS 3区
Policy & Practice-A Development Education Review,CAS 4区
Policy Reviews in Higher Education,CAS 2区
POLICY SCIENCES,CAS 2区
Policy Studies,CAS 3区
POLICY STUDIES JOURNAL,CAS 2区
Polimeros-Ciencia e Tecnologia,CAS 4区
POLIMERY,CAS 4区
POLIS,CAS 2区
Polish Archives of Internal Medicine-Polskie Archiwum Medycyny Wewnetrznej,CAS 3区
Polish Heart Journal-Kardiologia Polska,Indexed
Polish Hyperbaric Research,CAS 4区
Polish Journal of Chemical Technology,CAS 4区
POLISH JOURNAL OF ECOLOGY,CAS 4区
POLISH JOURNAL OF ENVIRONMENTAL STUDIES,CAS 4区
POLISH JOURNAL OF FOOD AND NUTRITION SCIENCES,CAS 3区
Polish Journal of Management Studies,CAS 4区
Polish Journal of Medical Physics and Engineering,CAS 4区
Polish Journal of Microbiology,CAS 4区
Polish Journal of Otolaryngology,CAS 4区
POLISH JOURNAL OF PATHOLOGY,CAS 4区
Polish Journal of Radiology,CAS 4区
Polish Journal of Surgery,CAS 4区
POLISH JOURNAL OF VETERINARY SCIENCES,CAS 4区
Polish Maritime Research,CAS 4区
POLISH POLAR RESEARCH,CAS 4区
Polish Sociological Review,CAS 4区
Polish Yearbook of International Law,CAS 4区
Polis-Politicheskiye Issledovaniya,CAS 4区
Politeia-Journal of Political Theory Political Philosophy and Sociology of Politics,CAS 4区
Politica Economica,CAS 4区
POLITICAL ANALYSIS,CAS 1区 Top
POLITICAL BEHAVIOR,CAS 1区 Top
POLITICAL COMMUNICATION,CAS 1区 Top
POLITICAL GEOGRAPHY,CAS 1区 Top
POLITICAL PSYCHOLOGY,CAS 1区 Top
POLITICAL QUARTERLY,CAS 3区
Political Research Exchange,CAS 2区
POLITICAL RESEARCH QUARTERLY,CAS 3区
POLITICAL SCIENCE,CAS 4区
POLITICAL SCIENCE QUARTERLY,CAS 4区
Political Science Research and Methods,CAS 2区
POLITICAL STUDIES,CAS 2区 Top
Political Studies Review,CAS 3区
Political Theology,CAS 3区
POLITICAL THEORY,CAS 2区
Politica & Societa,CAS 4区
POLITICA Y GOBIERNO,CAS 4区
Politica y Sociedad,CAS 4区
POLITICKA EKONOMIE,CAS 4区
Politicka Misao-Croatian Political Science Review,CAS 4区
Politicke Vedy,CAS 4区
Politics,CAS 2区
Politics and Governance,CAS 2区
Politics and Religion,SSCI/SCI/AHCI
Politics and Religion Journal,CAS 4区
Politics & Gender,CAS 2区 Top
Politics Groups and Identities,CAS 3区
Politics Philosophy & Economics,CAS 1区 Top
Politics & Policy,CAS 4区
Politics Religion & Ideology,SSCI/SCI/AHCI
POLITICS & SOCIETY,CAS 1区 Top
Politikon,CAS 4区
Politique Europeenne,CAS 4区
POLITISCHE VIERTELJAHRESSCHRIFT,CAS 3区
Politix,CAS 4区
Politologicky Casopis-Czech Journal of Political Science,CAS 4区
POLITY,CAS 4区
Polityka Energetyczna-Energy Policy Journal,Indexed
Poljoprivreda,CAS 4区
Pollution,CAS 4区
POLYCYCLIC AROMATIC COMPOUNDS,CAS 3区
POLYHEDRON,CAS 3区
POLYMER,CAS 2区
POLYMER BULLETIN,CAS 3区
Polymer Chemistry,CAS 2区
POLYMER COMPOSITES,CAS 2区
POLYMER DEGRADATION AND STABILITY,CAS 1区 Top
POLYMER ENGINEERING AND SCIENCE,CAS 3区
POLYMER INTERNATIONAL,CAS 4区
POLYMER JOURNAL,CAS 4区
POLYMER-KOREA,CAS 4区
Polymer-Plastics Technology and Materials,CAS 4区
Polymer Reviews,CAS 2区
Polymers,CAS 3区
POLYMER SCIENCE SERIES A,CAS 4区
POLYMER SCIENCE SERIES B,CAS 4区
POLYMER SCIENCE SERIES C,CAS 4区
POLYMERS FOR ADVANCED TECHNOLOGIES,CAS 4区
POLYMERS & POLYMER COMPOSITES,CAS 4区
POLYMER TESTING,CAS 2区
Polyoxometalates,Indexed
Polysaccharides,CAS 4区
Pomegranate,CAS 4区
Pomorstvo-Scientific Journal of Maritime Research,CAS 4区
PONTE,CAS 4区
Popular Communication,CAS 2区
Popular Music,CAS 2区 Top
POPULAR MUSIC AND SOCIETY,CAS 1区 Top
POPULATION,CAS 4区
POPULATION AND DEVELOPMENT REVIEW,CAS 1区 Top
POPULATION AND ENVIRONMENT,CAS 3区
POPULATION ECOLOGY,CAS 4区
Population Health Management,CAS 4区
Population Health Metrics,CAS 2区
POPULATION RESEARCH AND POLICY REVIEW,CAS 3区
Population Review,CAS 4区
Population Space and Place,CAS 2区
POPULATION STUDIES-A JOURNAL OF DEMOGRAPHY,CAS 2区
Populism,CAS 4区
Porcine Health Management,CAS 2区
Portal-Godisnjak Hrvatskog Restauratorskog Zavoda,CAS 4区
Portal Hypertension & Cirrhosis,CAS 4区
Porta Linguarum,SSCI/SCI/AHCI
PORTAL-LIBRARIES AND THE ACADEMY,CAS 4区
Portes-Revista Mexicana de Estudios sobre la Cuenca del Pacifico,CAS 4区
Portugaliae Electrochimica Acta,CAS 4区
Portugaliae Mathematica,CAS 4区
Portuguese Economic Journal,CAS 4区
Portuguese Journal of Public Health,Indexed
PORTUGUESE STUDIES,CAS 4区
POSITIF,CAS 4区
Positions-Asia Critique,CAS 4区
POSITIVITY,CAS 3区
Postcolonial Studies,SSCI/SCI/AHCI
POST-COMMUNIST ECONOMIES,CAS 3区
POSTEPY BIOLOGII KOMORKI,CAS 4区
Postepy Dermatologii i Alergologii,CAS 4区
Postepy Higieny I Medycyny Doswiadczalnej,CAS 4区
Postepy Psychiatrii i Neurologii,CAS 4区
Postepy w Chirurgii Glowy i Szyi-Advances in Head and Neck Surgery,CAS 4区
Postepy w Kardiologii Interwencyjnej,CAS 4区
POSTGRADUATE MEDICAL JOURNAL,CAS 4区
POSTGRADUATE MEDICINE,CAS 4区
POSTHARVEST BIOLOGY AND TECHNOLOGY,CAS 1区 Top
Postmedieval-A Journal of Medieval Cultural Studies,SSCI/SCI/AHCI
Post-Medieval Archaeology,CAS 3区
POSTMODERN CULTURE,CAS 4区
POST-SOVIET AFFAIRS,CAS 2区
POTATO RESEARCH,CAS 3区
POTENTIAL ANALYSIS,CAS 3区
Potestas,Indexed
Poultry,Indexed
POULTRY SCIENCE,CAS 2区 Top
Poultry Science Journal,CAS 4区
Poverty & Public Policy,CAS 4区
POWDER DIFFRACTION,CAS 4区
POWDER METALLURGY,CAS 4区
POWDER METALLURGY AND METAL CERAMICS,CAS 4区
POWDER TECHNOLOGY,CAS 2区
Power and Education,CAS 4区
Power Electronics and Drives,CAS 4区
Poznan Studies in Contemporary Linguistics,SSCI/SCI/AHCI
PPAR Research,CAS 3区
Prace Komisji Geografii Przemyslu Polskiego Towarzystwa Geograficznego-Studies of the Industrial Geography Commission of the Polish Geographical Society,CAS 4区
Practical Diabetes,CAS 4区
PRACTICAL GASTROENTEROLOGY,CAS 4区
Practical Laboratory Medicine,CAS 4区
PRACTICAL NEUROLOGY,CAS 4区
Practical Radiation Oncology,CAS 3区
Practical Theology,CAS 3区
Practice Periodical on Structural Design and Construction,CAS 4区
Praehistorische Zeitschrift,SSCI/SCI/AHCI
Pragmatic and Observational Research,CAS 4区
Pragmatics,SSCI/SCI/AHCI
Pragmatics and Society,SSCI/SCI/AHCI
Pragmatics & Cognition,SSCI/SCI/AHCI
Prague Economic Papers,CAS 4区
Praktische Metallographie-Practical Metallography,CAS 4区
PRAMANA-JOURNAL OF PHYSICS,CAS 4区
Pratiques Psychologiques,SSCI/SCIE/SCI
Pravention und Gesundheitsforderung,CAS 4区
Pravni Vjesnik,CAS 4区
Pravni zapisi,Indexed
Pravoprimenenie-Law Enforcement Review,CAS 4区
Pravo-Zhurnal Vysshei Shkoly Ekonomiki,CAS 4区
Praxis-Colombia,CAS 4区
PRAXIS DER KINDERPSYCHOLOGIE UND KINDERPSYCHIATRIE,CAS 4区
Praxis & Saber,CAS 4区
PRECAMBRIAN RESEARCH,CAS 2区
Precedente,CAS 4区
PRECISION AGRICULTURE,CAS 2区
Precision and Future Medicine,CAS 4区
Precision Chemistry,Indexed
Precision Clinical Medicine,CAS 2区
PRECISION ENGINEERING-JOURNAL OF THE INTERNATIONAL SOCIETIES FOR PRECISION ENGINEERING AND NANOTECHNOLOGY,CAS 2区
Precision Medical Sciences,CAS 4区
Precision Radiation Oncology,CAS 4区
Pregnancy Hypertension-An International Journal of Womens Cardiovascular Health,CAS 4区
Prehospital and Disaster Medicine,CAS 4区
Prehospital Emergency Care,CAS 3区
PRENATAL DIAGNOSIS,CAS 2区
PREPARATIVE BIOCHEMISTRY & BIOTECHNOLOGY,CAS 4区
PRESENCE-Virtual and Augmented Reality,CAS 4区
Present Environment and Sustainable Development,CAS 4区
Presente y Pasado-Revista de Historia,CAS 4区
PRESERVATION,CAS 4区
Presidential Studies Quarterly,CAS 4区
PRESLIA,CAS 2区
Presse Medicale,CAS 3区
Preternature-Critical and Historical Studies on the Preternatural,CAS 4区
Preventing Chronic Disease,SSCI/SCIE/SCI
Preventing School Failure,CAS 4区
PREVENTION SCIENCE,CAS 2区
Preventive Medicine,CAS 2区
Preventive Medicine Reports,CAS 3区
Preventive Nutrition and Food Science,CAS 4区
PREVENTIVE VETERINARY MEDICINE,CAS 2区
Prikladnaya Diskretnaya Matematika,CAS 4区
Prilozi Instituta za Arheologiju u Zagrebu,CAS 4区
PRIMARY CARE,CAS 4区
Primary Care Diabetes,CAS 4区
Primary Health Care Research and Development,CAS 4区
PRIMATES,CAS 4区
Primenjena Psihologija,CAS 4区
Primerjalna Knjizevnost,CAS 3区
PRINT QUARTERLY,CAS 3区
Prion,CAS 4区
Prisma Social,CAS 4区
Prism-Theory and Modern Chinese Literature,CAS 4区
PRISON JOURNAL,CAS 4区
PROBABILISTIC ENGINEERING MECHANICS,CAS 3区
Probability and Mathematical Statistics-Poland,CAS 4区
PROBABILITY IN THE ENGINEERING AND INFORMATIONAL SCIENCES,CAS 4区
Probability Surveys,CAS 2区
PROBABILITY THEORY AND RELATED FIELDS,CAS 2区 Top
Probability Uncertainty and Quantitative Risk,CAS 3区
PROBATION JOURNAL,CAS 3区
Probiotics and Antimicrobial Proteins,CAS 2区
PROBLEMAS DEL DESARROLLO,Indexed
Problemele Energeticii Regionale,CAS 4区
Problemos,CAS 4区
Problems of Atomic Science and Technology,CAS 4区
Problems of Education in the 21st Century,CAS 4区
Problems of Information Transmission,CAS 4区
PROBLEMS OF POST-COMMUNISM,CAS 3区
Problemy Analiza-Issues of Analysis,CAS 4区
Problemy Ekorozwoju,CAS 4区
Problemy Istoricheskoi Poetiki,CAS 2区
Problemy Muzykalnoi Nauki-Music Scholarship,CAS 2区 Top
PROBUS,SSCI/SCI/AHCI
Proceedings of Singapore Healthcare,CAS 4区
PROCEEDINGS OF THE ACADEMY OF NATURAL SCIENCES OF PHILADELPHIA,CAS 4区
Proceedings of the ACM on Computer Graphics and Interactive Techniques,CAS 4区
Proceedings of the ACM on Interactive Mobile Wearable and Ubiquitous Technologies-IMWUT,CAS 3区
Proceedings of the ACM on Measurement and Analysis of Computing Systems,CAS 4区
Proceedings of the ACM on Programming Languages-PACMPL,CAS 1区 Top
PROCEEDINGS OF THE AMERICAN MATHEMATICAL SOCIETY,CAS 3区
PROCEEDINGS OF THE AMERICAN PHILOSOPHICAL SOCIETY,Indexed
PROCEEDINGS OF THE COMBUSTION INSTITUTE,CAS 2区
PROCEEDINGS OF THE EDINBURGH MATHEMATICAL SOCIETY,CAS 3区
PROCEEDINGS OF THE ENTOMOLOGICAL SOCIETY OF WASHINGTON,CAS 4区
Proceedings of the Estonian Academy of Sciences,CAS 4区
PROCEEDINGS OF THE GEOLOGISTS ASSOCIATION,CAS 4区
PROCEEDINGS OF THE IEEE,CAS 1区 Top
PROCEEDINGS OF THE INDIAN ACADEMY OF SCIENCES-MATHEMATICAL SCIENCES,CAS 4区
Proceedings of the Indian National Science Academy,CAS 4区
Proceedings of the Institute of Mathematics and Mechanics,CAS 4区
Proceedings of the Institution of Civil Engineers-Bridge Engineering,CAS 4区
PROCEEDINGS OF THE INSTITUTION OF CIVIL ENGINEERS-CIVIL ENGINEERING,CAS 4区
Proceedings of the Institution of Civil Engineers-Construction Materials,CAS 4区
Proceedings of the Institution of Civil Engineers-Energy,CAS 4区
Proceedings of the Institution of Civil Engineers-Engineering and Computational Mechanics,CAS 4区
Proceedings of the Institution of Civil Engineers-Engineering History and Heritage,CAS 4区
Proceedings of the Institution of Civil Engineers-Engineering Sustainability,CAS 4区
Proceedings of the Institution of Civil Engineers-Forensic Engineering,CAS 4区
PROCEEDINGS OF THE INSTITUTION OF CIVIL ENGINEERS-GEOTECHNICAL ENGINEERING,CAS 4区
Proceedings of the Institution of Civil Engineers-Ground Improvement,CAS 4区
Proceedings of the Institution of Civil Engineers-Management Procurement and Law,CAS 4区
PROCEEDINGS OF THE INSTITUTION OF CIVIL ENGINEERS-MARITIME ENGINEERING,CAS 4区
PROCEEDINGS OF THE INSTITUTION OF CIVIL ENGINEERS-MUNICIPAL ENGINEER,CAS 4区
PROCEEDINGS OF THE INSTITUTION OF CIVIL ENGINEERS-STRUCTURES AND BUILDINGS,CAS 4区
PROCEEDINGS OF THE INSTITUTION OF CIVIL ENGINEERS-TRANSPORT,CAS 4区
Proceedings of the Institution of Civil Engineers-Urban Design and Planning,CAS 4区
Proceedings of the Institution of Civil Engineers-Waste and Resource Management,CAS 4区
PROCEEDINGS OF THE INSTITUTION OF CIVIL ENGINEERS-WATER MANAGEMENT,CAS 4区
PROCEEDINGS OF THE INSTITUTION OF MECHANICAL ENGINEERS PART A-JOURNAL OF POWER AND ENERGY,CAS 4区
PROCEEDINGS OF THE INSTITUTION OF MECHANICAL ENGINEERS PART B-JOURNAL OF ENGINEERING MANUFACTURE,CAS 4区
PROCEEDINGS OF THE INSTITUTION OF MECHANICAL ENGINEERS PART C-JOURNAL OF MECHANICAL ENGINEERING SCIENCE,CAS 4区
PROCEEDINGS OF THE INSTITUTION OF MECHANICAL ENGINEERS PART D-JOURNAL OF AUTOMOBILE ENGINEERING,CAS 4区
PROCEEDINGS OF THE INSTITUTION OF MECHANICAL ENGINEERS PART E-JOURNAL OF PROCESS MECHANICAL ENGINEERING,CAS 4区
PROCEEDINGS OF THE INSTITUTION OF MECHANICAL ENGINEERS PART F-JOURNAL OF RAIL AND RAPID TRANSIT,CAS 4区
PROCEEDINGS OF THE INSTITUTION OF MECHANICAL ENGINEERS PART G-JOURNAL OF AEROSPACE ENGINEERING,CAS 4区
PROCEEDINGS OF THE INSTITUTION OF MECHANICAL ENGINEERS PART H-JOURNAL OF ENGINEERING IN MEDICINE,CAS 4区
PROCEEDINGS OF THE INSTITUTION OF MECHANICAL ENGINEERS PART I-JOURNAL OF SYSTEMS AND CONTROL ENGINEERING,CAS 4区
PROCEEDINGS OF THE INSTITUTION OF MECHANICAL ENGINEERS PART J-JOURNAL OF ENGINEERING TRIBOLOGY,CAS 4区
PROCEEDINGS OF THE INSTITUTION OF MECHANICAL ENGINEERS PART K-JOURNAL OF MULTI-BODY DYNAMICS,CAS 3区
PROCEEDINGS OF THE INSTITUTION OF MECHANICAL ENGINEERS PART L-JOURNAL OF MATERIALS-DESIGN AND APPLICATIONS,CAS 4区
Proceedings of the Institution of Mechanical Engineers Part M-Journal of Engineering for the Maritime Environment,CAS 4区
Proceedings of the Institution of Mechanical Engineers Part N-Journal of Nanomaterials Nanoengineering and Nanosystems,CAS 4区
Proceedings of the Institution of Mechanical Engineers Part O-Journal of Risk and Reliability,CAS 4区
Proceedings of the Institution of Mechanical Engineers Part P-Journal of Sports Engineering and Technology,CAS 4区
PROCEEDINGS OF THE JAPAN ACADEMY SERIES A-MATHEMATICAL SCIENCES,CAS 4区
PROCEEDINGS OF THE JAPAN ACADEMY SERIES B-PHYSICAL AND BIOLOGICAL SCIENCES,CAS 2区
PROCEEDINGS OF THE LINNEAN SOCIETY OF NEW SOUTH WALES,CAS 4区
PROCEEDINGS OF THE LONDON MATHEMATICAL SOCIETY,CAS 1区 Top
PROCEEDINGS OF THE NATIONAL ACADEMY OF SCIENCES INDIA SECTION A-PHYSICAL SCIENCES,CAS 4区
Proceedings of the National Academy of Sciences of Belarus-Agrarian Series,CAS 4区
PROCEEDINGS OF THE NATIONAL ACADEMY OF SCIENCES OF THE UNITED STATES OF AMERICA,CAS 1区 Top
PROCEEDINGS OF THE NUTRITION SOCIETY,CAS 2区
Proceedings of the Romanian Academy Series A-Mathematics Physics Technical Sciences Information Science,CAS 4区
PROCEEDINGS OF THE ROYAL IRISH ACADEMY SECTION C-ARCHAEOLOGY CELTIC STUDIES HISTORY LINGUISTICS LITERATURE,CAS 3区
PROCEEDINGS OF THE ROYAL SOCIETY A-MATHEMATICAL PHYSICAL AND ENGINEERING SCIENCES,CAS 3区
Proceedings of the Royal Society B,Indexed
PROCEEDINGS OF THE ROYAL SOCIETY B-BIOLOGICAL SCIENCES,CAS 2区 Top
PROCEEDINGS OF THE ROYAL SOCIETY OF EDINBURGH SECTION A-MATHEMATICS,CAS 3区
Proceedings of the Steklov Institute of Mathematics,CAS 4区
Proceedings of the Tula States University-Sciences of Earth,CAS 4区
Proceedings of the VLDB Endowment,CAS 2区
PROCEEDINGS OF THE YORKSHIRE GEOLOGICAL SOCIETY,CAS 4区
PROCESAMIENTO DEL LENGUAJE NATURAL,CAS 4区
Procesos Historicos-Revista Semestral de Historia Arte y Ciencias Sociales,CAS 4区
Procesos-Revista Ecuatoriana de Historia,CAS 4区
PROCESS BIOCHEMISTRY,CAS 3区
Processes,CAS 4区
Processes of Petrochemistry and Oil Refining,CAS 4区
Processing and Application of Ceramics,CAS 4区
Process Integration and Optimization for Sustainability,CAS 4区
PROCESS SAFETY AND ENVIRONMENTAL PROTECTION,CAS 2区 Top
PROCESS SAFETY PROGRESS,CAS 4区
Production and Manufacturing Research-An Open Access Journal,CAS 4区
PRODUCTION AND OPERATIONS MANAGEMENT,CAS 3区
Production Engineering Archives,CAS 4区
Production Engineering-Research and Development,CAS 4区
PRODUCTION PLANNING & CONTROL,CAS 3区
Profesorado-Revista de Curriculum y Formacion de Profesorado,CAS 4区
Professional Case Management,CAS 4区
Professional Development in Education,CAS 2区
PROFESSIONAL GEOGRAPHER,CAS 4区
PROFESSIONAL PSYCHOLOGY-RESEARCH AND PRACTICE,CAS 4区
Profile-Issues in Teachers Professional Development,CAS 4区
PROGRAMMING AND COMPUTER SOFTWARE,CAS 4区
PROGRES EN UROLOGIE,CAS 4区
Progress in Additive Manufacturing,CAS 3区
PROGRESS IN AEROSPACE SCIENCES,CAS 1区 Top
Progress in Artificial Intelligence,CAS 4区
PROGRESS IN BIOCHEMISTRY AND BIOPHYSICS,CAS 3区
Progress in Biomaterials,CAS 4区
Progress in Biomedical Engineering,CAS 3区
PROGRESS IN BIOPHYSICS & MOLECULAR BIOLOGY,CAS 3区
PROGRESS IN CARDIOVASCULAR DISEASES,CAS 2区
PROGRESS IN CHEMISTRY,CAS 2区
Progress in Community Health Partnerships-Research Education and Action,CAS 4区
PROGRESS IN COMPUTATIONAL FLUID DYNAMICS,CAS 4区
PROGRESS IN CRYSTAL GROWTH AND CHARACTERIZATION OF MATERIALS,CAS 2区
Progress in Development Studies,CAS 3区
Progress in Disaster Science,CAS 3区
Progress in Earth and Planetary Science,CAS 3区
Progress in Electromagnetics Research Letters,CAS 4区
Progress in Electromagnetics Research M,CAS 4区
Progress in Electromagnetics Research-PIER,CAS 2区
Progress in Energy,CAS 3区
PROGRESS IN ENERGY AND COMBUSTION SCIENCE,CAS 1区 Top
PROGRESS IN HUMAN GEOGRAPHY,CAS 1区 Top
PROGRESS IN LIPID RESEARCH,CAS 1区 Top
PROGRESS IN MATERIALS SCIENCE,CAS 1区 Top
Progress in Medical Devices,Indexed
Progress in Natural Science-Materials International,CAS 3区
PROGRESS IN NEUROBIOLOGY,CAS 2区
Progress in Neurology and Psychiatry,CAS 4区
PROGRESS IN NEURO-PSYCHOPHARMACOLOGY & BIOLOGICAL PSYCHIATRY,CAS 2区
Progress in Nuclear Energy,CAS 3区
PROGRESS IN NUCLEAR MAGNETIC RESONANCE SPECTROSCOPY,CAS 2区
PROGRESS IN OCEANOGRAPHY,CAS 3区
PROGRESS IN ORGANIC COATINGS,CAS 2区
Progress in Orthodontics,CAS 2区
PROGRESS IN PALLIATIVE CARE,CAS 4区
PROGRESS IN PARTICLE AND NUCLEAR PHYSICS,CAS 1区 Top
PROGRESS IN PEDIATRIC CARDIOLOGY,CAS 4区
PROGRESS IN PHOTOVOLTAICS,CAS 2区
Progress in Physical Geography-Earth and Environment,CAS 3区
PROGRESS IN PLANNING,CAS 1区 Top
PROGRESS IN POLYMER SCIENCE,CAS 1区 Top
PROGRESS IN QUANTUM ELECTRONICS,CAS 2区
PROGRESS IN REACTION KINETICS AND MECHANISM,CAS 4区
Progress in Rehabilitation Medicine,Indexed
PROGRESS IN RETINAL AND EYE RESEARCH,CAS 1区 Top
Progress in Rubber Plastics and Recycling Technology,CAS 4区
PROGRESS IN SOLID STATE CHEMISTRY,CAS 2区
Progress in Superconductivity and Cryogenics,CAS 4区
PROGRESS IN SURFACE SCIENCE,CAS 1区 Top
Progress in Transplantation,CAS 4区
Progress of Theoretical and Experimental Physics,CAS 4区
Progress on Chemistry and Application of Chitin and its Derivatives,CAS 4区
Projections-The Journal for Movies and Mind,CAS 1区 Top
Project Leadership and Society,Indexed
Project Management Journal,CAS 2区
Prolegomena,CAS 4区
Prolegomenos-Derechos y Valores,CAS 4区
Prometeica-Revista de Filosofia y Ciencias,CAS 4区
Promet-Traffic & Transportation,CAS 4区
PROOFTEXTS-A JOURNAL OF JEWISH LITERARY HISTORY,CAS 3区
Propagation of Ornamental Plants,CAS 4区
PROPELLANTS EXPLOSIVES PYROTECHNICS,CAS 4区
Property Management,CAS 4区
Propulsion and Power Research,CAS 2区
PROSPECTIVA,CAS 4区
Prospects in Pharmaceutical Sciences,Indexed
PROSPETTIVA-RIVISTA DI STORIA DELL ARTE ANTICA E MODERNA,CAS 3区
PROSTAGLANDINS LEUKOTRIENES AND ESSENTIAL FATTY ACIDS,CAS 4区
PROSTAGLANDINS & OTHER LIPID MEDIATORS,CAS 3区
PROSTATE,CAS 3区
Prostate Cancer,CAS 4区
PROSTATE CANCER AND PROSTATIC DISEASES,CAS 2区
Prostate International,CAS 3区
Prosthesis,CAS 3区
PROSTHETICS AND ORTHOTICS INTERNATIONAL,CAS 4区
Prostor,CAS 4区
Protection and Control of Modern Power Systems,CAS 1区 Top
Protection of Metals and Physical Chemistry of Surfaces,CAS 4区
PROTEIN AND PEPTIDE LETTERS,CAS 4区
Protein & Cell,CAS 1区 Top
PROTEIN ENGINEERING DESIGN & SELECTION,CAS 4区
PROTEIN EXPRESSION AND PURIFICATION,CAS 4区
PROTEIN JOURNAL,CAS 4区
PROTEIN SCIENCE,CAS 3区
PROTEINS-STRUCTURE FUNCTION AND BIOINFORMATICS,CAS 4区
Proteomes,CAS 3区
Proteome Science,CAS 3区
PROTEOMICS,CAS 3区
Proteomics Clinical Applications,CAS 3区
PROTIST,CAS 4区
PROTOPLASMA,CAS 3区
Proyecto Progreso Arquitectura,CAS 4区
PRX Quantum,CAS 1区 Top
Przeglad Dermatologiczny,CAS 4区
Przeglad Elektrotechniczny,CAS 4区
Przeglad Sejmowy,CAS 4区
Przeglad Socjologii Jakosciowej,Indexed
PRZEMYSL CHEMICZNY,CAS 4区
Psi Chi Journal of Psychological Research,Indexed
Psicodebate-Psicologia Cultura y Sociedad,CAS 4区
Psicologia Clinica dello Sviluppo,CAS 4区
Psicologia Conocimiento y Sociedad,CAS 4区
Psicologia Educativa,CAS 4区
Psicologia-Reflexao e Critica,CAS 4区
Psicologia Sociale,CAS 4区
Psicologica,CAS 4区
Psicoterapia e Scienze Umane,CAS 4区
PSICOTHEMA,CAS 2区
Psihologija,CAS 4区
Psihologijske teme,CAS 4区
Psikhologicheskaya Nauka i Obrazovanie-Psychological Science and Education,CAS 4区
PSIKHOLOGICHESKII ZHURNAL,CAS 4区
PSL Quarterly Review,CAS 4区
Psoriasis-Targets and Therapy,CAS 3区
PS-POLITICAL SCIENCE & POLITICS,CAS 4区
PsyArt Journal-Online Journal for the Psychological Study of the Arts,CAS 4区
Psyche-A Journal of Entomology,CAS 3区
PSYCHE-ZEITSCHRIFT FUR PSYCHOANALYSE UND IHRE ANWENDUNGEN,CAS 4区
Psychiatria i Psychologia Kliniczna-JOURNAL OF PSYCHIATRY AND CLINICAL PSYCHOLOGY,CAS 4区
Psychiatria Polska,CAS 4区
PSYCHIATRIC ANNALS,CAS 4区
PSYCHIATRIC CLINICS OF NORTH AMERICA,CAS 4区
PSYCHIATRIC GENETICS,CAS 4区
PSYCHIATRIC QUARTERLY,CAS 4区
PSYCHIATRIC REHABILITATION JOURNAL,CAS 4区
PSYCHIATRIC SERVICES,SSCI/SCIE/SCI
PSYCHIATRIE DE L ENFANT,SSCI/SCIE/SCI
PSYCHIATRISCHE PRAXIS,CAS 4区
Psychiatry and Behavioral Sciences,CAS 4区
PSYCHIATRY AND CLINICAL NEUROSCIENCES,CAS 2区
Psychiatry and Clinical Neurosciences Reports,Indexed
Psychiatry and Clinical Psychopharmacology,CAS 4区
Psychiatry International,CAS 4区
PSYCHIATRY-INTERPERSONAL AND BIOLOGICAL PROCESSES,SSCI/SCIE/SCI
Psychiatry Investigation,SSCI/SCIE/SCI
Psychiatry Psychology and Law,CAS 4区
PSYCHIATRY RESEARCH,SSCI/SCIE/SCI
PSYCHIATRY RESEARCH-NEUROIMAGING,CAS 4区
PsyCh Journal,CAS 4区
Psychoanalysis and History,SSCI/SCI/AHCI
Psychoanalysis Culture & Society,CAS 4区
Psychoanalysis Self and Context,CAS 4区
PSYCHOANALYTIC DIALOGUES,CAS 3区
PSYCHOANALYTIC INQUIRY,CAS 4区
PSYCHOANALYTIC PSYCHOLOGY,CAS 4区
Psychoanalytic Psychotherapy,CAS 4区
PSYCHOANALYTIC QUARTERLY,CAS 2区
Psychoanalytic Social Work,CAS 4区
Psychoanalytic Study of the Child,CAS 4区
Psychodynamic Practice,CAS 4区
Psychogeriatrics,CAS 4区
Psycholinguistics,CAS 4区
PSYCHOLOGIA,CAS 4区
Psychologica,CAS 4区
PSYCHOLOGICA BELGICA,CAS 3区
PSYCHOLOGICAL ASSESSMENT,CAS 2区
PSYCHOLOGICAL BULLETIN,CAS 1区 Top
Psychological Injury & Law,CAS 3区
PSYCHOLOGICAL INQUIRY,CAS 4区
PSYCHOLOGICAL MEDICINE,SSCI/SCIE/SCI
PSYCHOLOGICAL METHODS,CAS 1区 Top
Psychological Perspectives-A Quarterly Journal of Jungian Thought,CAS 4区
PSYCHOLOGICAL RECORD,CAS 4区
PSYCHOLOGICAL REPORTS,CAS 4区
PSYCHOLOGICAL RESEARCH-PSYCHOLOGISCHE FORSCHUNG,CAS 3区
PSYCHOLOGICAL REVIEW,CAS 1区 Top
PSYCHOLOGICAL SCIENCE,CAS 1区 Top
Psychological Science in the Public Interest,CAS 1区 Top
Psychological Services,CAS 4区
PSYCHOLOGICAL STUDIES,CAS 4区
Psychological Trauma-Theory Research Practice and Policy,CAS 3区
Psychologie du Travail et des Organisations,CAS 4区
Psychologie Francaise,CAS 4区
PSYCHOLOGIE IN ERZIEHUNG UND UNTERRICHT,CAS 4区
PSYCHOLOGISCHE RUNDSCHAU,CAS 4区
PSYCHOLOGIST,CAS 4区
PSYCHOLOGY AND AGING,CAS 2区 Top
Psychology and Developing Societies,CAS 4区
Psychology and Law,CAS 4区
PSYCHOLOGY AND PSYCHOTHERAPY-THEORY RESEARCH AND PRACTICE,SSCI/SCIE/SCI
PSYCHOLOGY CRIME & LAW,CAS 4区
PSYCHOLOGY & HEALTH,CAS 3区
Psychology Health & Medicine,SSCI/SCIE/SCI
Psychology in Russia-State of the Art,CAS 4区
PSYCHOLOGY IN THE SCHOOLS,CAS 3区
Psychology-Journal of the Higher School of Economics,CAS 4区
Psychology Learning and Teaching-PLAT,CAS 3区
PSYCHOLOGY & MARKETING,CAS 2区 Top
PSYCHOLOGY OF ADDICTIVE BEHAVIORS,CAS 2区
Psychology of Aesthetics Creativity and the Arts,SSCI/SCI/AHCI
Psychology of Consciousness-Theory Research and Practice,CAS 4区
Psychology of Leaders and Leadership,CAS 4区
Psychology of Men & Masculinities,CAS 2区
Psychology of Music,SSCI/SCI/AHCI
Psychology of Popular Media,CAS 3区
Psychology of Religion and Spirituality,SSCI/SCI/AHCI
Psychology of Sexual Orientation and Gender Diversity,SSCI/SCIE/SCI
PSYCHOLOGY OF SPORT AND EXERCISE,SSCI/SCIE/SCI
Psychology of Violence,CAS 3区
PSYCHOLOGY OF WOMEN QUARTERLY,CAS 2区
PSYCHOLOGY PUBLIC POLICY AND LAW,CAS 2区
Psychology Research and Behavior Management,CAS 3区
Psychology & Sexuality,CAS 3区
Psychology Society & Education,CAS 4区
PSYCHOMETRIKA,SSCI/SCIE/SCI
Psychomusicology,CAS 4区
PSYCHONEUROENDOCRINOLOGY,CAS 2区
PSYCHONOMIC BULLETIN & REVIEW,CAS 2区
Psycho-Oncologie,CAS 4区
PSYCHO-ONCOLOGY,SSCI/SCIE/SCI
PSYCHOPATHOLOGY,SSCI/SCIE/SCI
PSYCHOPHARMACOLOGY,CAS 3区
PSYCHOPHYSIOLOGY,SSCI/SCIE/SCI
Psychoradiology,CAS 4区
Psychosis-Psychological Social and Integrative Approaches,CAS 4区
Psychosocial Intervention,CAS 2区
PSYCHOSOMATIC MEDICINE,CAS 3区
Psychoterapia,CAS 4区
Psychotherapie,CAS 4区
PSYCHOTHERAPIE PSYCHOSOMATIK MEDIZINISCHE PSYCHOLOGIE,CAS 4区
PSYCHOTHERAPY,CAS 3区
Psychotherapy and Politics International,CAS 4区
PSYCHOTHERAPY AND PSYCHOSOMATICS,SSCI/SCIE/SCI
PSYCHOTHERAPY RESEARCH,CAS 2区 Top
Psyecology-Bilingual Journal of Environmental Psychology-Revista Bilingue de Psicologia Ambiental,CAS 4区
PTERIDINES,CAS 4区
PUBLICACIONS MATEMATIQUES,CAS 3区
PUBLIC ADMINISTRATION,CAS 2区
PUBLIC ADMINISTRATION AND DEVELOPMENT,CAS 3区
Public Administration and Policy-An Asia-Pacific Journal,CAS 4区
PUBLIC ADMINISTRATION REVIEW,CAS 1区 Top
Public and Private International Law Bulletin,CAS 4区
Public Archaeology,CAS 3区
Public-Art Culture Ideas,CAS 4区
PUBLICATIONES MATHEMATICAE DEBRECEN,CAS 4区
Publications,CAS 4区
Publications de l Institut Mathematique-Beograd,CAS 4区
Publications Mathematiques de l IHES,CAS 1区 Top
PUBLICATIONS OF THE ASTRONOMICAL SOCIETY OF AUSTRALIA,CAS 4区
PUBLICATIONS OF THE ASTRONOMICAL SOCIETY OF JAPAN,CAS 4区
PUBLICATIONS OF THE ASTRONOMICAL SOCIETY OF THE PACIFIC,CAS 4区
Publications of the English Goethe Society,CAS 3区
PUBLICATIONS OF THE RESEARCH INSTITUTE FOR MATHEMATICAL SCIENCES,CAS 2区
Public Budgeting and Finance,CAS 4区
PUBLIC CHOICE,CAS 3区
PUBLIC CULTURE,SSCI/SCI/AHCI
Public Finance Quarterly-Hungary,CAS 4区
PUBLIC FINANCE REVIEW,CAS 4区
PUBLIC HEALTH,SSCI/SCIE/SCI
Public Health Action,CAS 4区
Public Health Ethics,SSCI/SCIE/SCI
Public Health Genomics,SSCI/SCIE/SCI
Public Health in Practice,CAS 4区
PUBLIC HEALTH NURSING,SSCI/SCIE/SCI
PUBLIC HEALTH NUTRITION,CAS 3区
PUBLIC HEALTH REPORTS,SSCI/SCIE/SCI
Public Health Research & Practice,CAS 4区
PUBLIC HEALTH REVIEWS,CAS 3区
PUBLIC HISTORIAN,CAS 4区
Public History Review,CAS 3区
Public Integrity,CAS 4区
Public Law Review,CAS 4区
Public Library Quarterly,CAS 4区
Public Management Review,CAS 2区
PUBLIC MONEY & MANAGEMENT,CAS 4区
PUBLIC OPINION QUARTERLY,CAS 2区 Top
Public Organization Review,CAS 4区
Public Performance & Management Review,CAS 4区
PUBLIC PERSONNEL MANAGEMENT,CAS 3区
Public Policy and Administration,CAS 3区
Public Relations Inquiry,CAS 2区
PUBLIC RELATIONS REVIEW,CAS 3区
Public Transport,CAS 4区
PUBLIC UNDERSTANDING OF SCIENCE,SSCI/SCI/AHCI
Public Works Management & Policy,CAS 4区
PUBLISHING RESEARCH QUARTERLY,CAS 4区
PUBLIUS-THE JOURNAL OF FEDERALISM,CAS 2区
Puerto Rico Health Sciences Journal,CAS 4区
Pulmonary Circulation,CAS 4区
Pulmonary Medicine,CAS 4区
PULMONARY PHARMACOLOGY & THERAPEUTICS,CAS 3区
Pulmonary Therapy,CAS 4区
Pulmonology,CAS 2区
PULP & PAPER-CANADA,CAS 4区
Pulse,CAS 4区
PUNISHMENT & SOCIETY-INTERNATIONAL JOURNAL OF PENOLOGY,CAS 2区 Top
Punjab University Journal of Mathematics,CAS 4区
Punk & Post-Punk,Indexed
Punto Genero,CAS 4区
Pure and Applied Analysis,Indexed
PURE AND APPLIED CHEMISTRY,CAS 4区
PURE AND APPLIED GEOPHYSICS,CAS 4区
Pure and Applied Mathematics Quarterly,CAS 4区
Purinergic Signalling,CAS 4区
Pythagoras,CAS 4区
QED-A Journal in GLBTQ Worldmaking,CAS 4区
QJM-AN INTERNATIONAL JOURNAL OF MEDICINE,CAS 3区
QME-Quantitative Marketing and Economics,CAS 4区
Quaderni di Geofisica,CAS 4区
QUADERNI D ITALIANISTICA,CAS 4区
QUADERNI STORICI,CAS 4区
QUADERNI URBINATI DI CULTURA CLASSICA,CAS 3区
Quaderns de Filologia-Estudis Linguistics,CAS 4区
Quaderns de Filologia-Estudis Literaris,CAS 4区
Quaderns de Psicologia,CAS 4区
Quaderns-Revista de Traduccio,CAS 3区
Quaerendo-A Journal Devoted to Manuscripts and Printed Books,CAS 2区
Quaestio Iuris,CAS 4区
Quaestiones Disputatae,CAS 4区
Quaestiones Geographicae,CAS 4区
Quaestiones Mathematicae,CAS 4区
Quaestio Rossica,CAS 4区
QUALITATIVE HEALTH RESEARCH,CAS 2区
QUALITATIVE INQUIRY,CAS 3区
Qualitative Market Research,CAS 4区
Qualitative Psychology,CAS 1区 Top
Qualitative & Quantitative Methods in Libraries,CAS 4区
Qualitative Report,CAS 4区
Qualitative Research,CAS 1区 Top
Qualitative Research in Accounting and Management,CAS 4区
Qualitative Research in Education,CAS 4区
Qualitative Research in financial Markets,CAS 4区
Qualitative Research in Organizations and Management,CAS 4区
Qualitative Research in Psychology,CAS 2区
Qualitative Research in Sport Exercise and Health,SSCI/SCIE/SCI
Qualitative Research Journal,CAS 4区
Qualitative Social Work,CAS 3区
Qualitative Sociology,CAS 2区
Qualitative Theory of Dynamical Systems,CAS 2区
QUALITY AND RELIABILITY ENGINEERING INTERNATIONAL,CAS 3区
Quality Assurance and Safety of Crops & Foods,CAS 3区
QUALITY ASSURANCE IN EDUCATION,CAS 4区
Quality Engineering,CAS 3区
Quality in Ageing and Older Adults,CAS 4区
Quality in Higher Education,CAS 4区
Quality Innovation Prosperity-Kvalita Inovacia Prosperita,CAS 4区
Quality Management in Health Care,SSCI/SCIE/SCI
Quality Management Journal,Indexed
QUALITY OF LIFE RESEARCH,SSCI/SCIE/SCI
Quality Technology and Quantitative Management,CAS 2区
Quantitative Biology,CAS 4区
Quantitative Economics,CAS 2区
QUANTITATIVE FINANCE,SSCI/SCIE/SCI
Quantitative Finance and Economics,CAS 2区
Quantitative Imaging in Medicine and Surgery,CAS 3区
Quantitative InfraRed Thermography Journal,CAS 2区
Quantitative Methods for Psychology,CAS 4区
Quantitative Plant Biology,Indexed
Quantitative Science Studies,CAS 3区
Quantum,CAS 3区
Quantum Beam Science,CAS 4区
QUANTUM INFORMATION & COMPUTATION,CAS 4区
Quantum Information Processing,CAS 3区
Quantum Machine Intelligence,CAS 3区
Quantum Reports,Indexed
Quantum Science and Technology,CAS 2区 Top
Quantum Studies-Mathematics and Foundations,CAS 4区
Quantum Topology,CAS 3区
QUARTERLY JOURNAL OF ECONOMICS,CAS 1区 Top
Quarterly Journal of Engineering Geology and Hydrogeology,CAS 4区
QUARTERLY JOURNAL OF EXPERIMENTAL PSYCHOLOGY,SSCI/SCIE/SCI
Quarterly Journal of Finance,CAS 4区
QUARTERLY JOURNAL OF MATHEMATICS,CAS 4区
QUARTERLY JOURNAL OF MECHANICS AND APPLIED MATHEMATICS,CAS 4区
QUARTERLY JOURNAL OF NUCLEAR MEDICINE AND MOLECULAR IMAGING,CAS 4区
Quarterly Journal of Political Science,CAS 3区
QUARTERLY JOURNAL OF SPEECH,CAS 1区 Top
QUARTERLY JOURNAL OF THE ROYAL METEOROLOGICAL SOCIETY,CAS 3区
QUARTERLY OF APPLIED MATHEMATICS,CAS 4区
QUARTERLY REVIEW OF BIOLOGY,CAS 2区
QUARTERLY REVIEW OF ECONOMICS AND FINANCE,CAS 3区
QUARTERLY REVIEWS OF BIOPHYSICS,CAS 2区
QUATERNAIRE,CAS 4区
Quaternary,CAS 3区
Quaternary Geochronology,CAS 3区
QUATERNARY INTERNATIONAL,CAS 3区
QUATERNARY RESEARCH,CAS 3区
Quaternary Science Advances,CAS 3区
Quaternary Science Reviews,CAS 2区 Top
Queen Mary Journal of Intellectual Property,CAS 4区
Queensland Review,CAS 4区
QUEENS LAW JOURNAL,CAS 4区
QUEENS QUARTERLY,CAS 4区
QUEST,SSCI/SCIE/SCI
Question,CAS 4区
Questions Vives-Recherches en Education,Indexed
Quest-Issues in Contemporary Jewish History,CAS 4区
Quetes Litteraires,CAS 4区
QUEUEING SYSTEMS,CAS 3区
QUIMICA NOVA,CAS 4区
Quintana-Revista do Departamento de Historia da Arte,CAS 4区
QUINTESSENCE INTERNATIONAL,CAS 4区
Quiroga-Revista de Patrimonio Iberoamericano,CAS 4区
Qwerty,CAS 4区
Rabels Zeitschrift fur Auslandisches und Internationales Privatrecht,CAS 4区
RACAR-REVUE D ART CANADIENNE-CANADIAN ART REVIEW,CAS 3区
Race and Justice,CAS 2区
Race and Social Problems,CAS 2区
RACE & CLASS,CAS 3区
Race Ethnicity and Education,CAS 3区
Rad Hrvatske Akademije Znanosti i Umjetnosti-Matematicke Znanosti,CAS 4区
RADIATION AND ENVIRONMENTAL BIOPHYSICS,CAS 4区
Radiation Detection Technology and Methods,CAS 3区
Radiation Effects and Defects in Solids,CAS 4区
RADIATION MEASUREMENTS,CAS 3区
Radiation Oncology,CAS 2区
Radiation Oncology Journal,CAS 4区
RADIATION PHYSICS AND CHEMISTRY,CAS 3区
RADIATION PROTECTION DOSIMETRY,CAS 4区
RADIATION RESEARCH,CAS 3区
RADICAL HISTORY REVIEW,CAS 3区
RADICAL PHILOSOPHY,CAS 2区
Radical Teacher,CAS 4区
RADIOCARBON,CAS 3区
RADIOCHEMISTRY,CAS 4区
RADIOCHIMICA ACTA,CAS 4区
Radio Electronics Computer Science Control,CAS 4区
Radioengineering,CAS 4区
RADIOGRAPHICS,CAS 1区 Top
Radiography,CAS 3区
RADIOLOGIA,CAS 4区
Radiologia Medica,CAS 2区
Radiological Physics and Technology,CAS 4区
RADIOLOGIC CLINICS OF NORTH AMERICA,CAS 4区
Radiologic Technology,CAS 4区
Radiologie,CAS 4区
RADIOLOGY,CAS 1区 Top
Radiology and Oncology,CAS 4区
Radiology-Artificial Intelligence,CAS 1区 Top
Radiology-Cardiothoracic Imaging,CAS 3区
Radiology-Imaging Cancer,CAS 2区
Radiology Research and Practice,CAS 4区
Radiophysics and Quantum Electronics,CAS 4区
RADIOPROTECTION,CAS 4区
RADIO SCIENCE,CAS 4区
RADIOTHERAPY AND ONCOLOGY,CAS 2区 Top
Radovi Instituta za Povijest Umjetnosti-Journal of the Institute of Art History,CAS 4区
Radovi-Zavoda za Hrvatsku Povijest,CAS 4区
Radovi Zavoda za povijesne znanosti HAZU u Zadru,CAS 4区
RAEL-Revista Electronica de Linguistica Aplicada,CAS 4区
RAE-Revista de Administracao de Empresas,CAS 4区
RAFFLES BULLETIN OF ZOOLOGY,CAS 4区
Ragion Pratica,CAS 4区
Railway Engineering Science,CAS 2区
RAIRO-OPERATIONS RESEARCH,CAS 4区
RAIRO-THEORETICAL INFORMATICS AND APPLICATIONS,CAS 4区
RAMANUJAN JOURNAL,CAS 3区
Rambam Maimonides Medical Journal,CAS 4区
RAND JOURNAL OF ECONOMICS,CAS 2区
Random Matrices-Theory and Applications,CAS 4区
Random Operators and Stochastic Equations,CAS 4区
RANDOM STRUCTURES & ALGORITHMS,CAS 3区
Rangeland Ecology & Management,CAS 3区
RANGELAND JOURNAL,CAS 4区
Range Management and Agroforestry,CAS 4区
RAPID COMMUNICATIONS IN MASS SPECTROMETRY,CAS 4区
RAPID PROTOTYPING JOURNAL,CAS 4区
RARE METAL MATERIALS AND ENGINEERING,CAS 4区
RARE METALS,CAS 1区 Top
Rare Tumors,CAS 4区
Ra-Revista de Arquitectura,CAS 4区
RARITAN-A QUARTERLY REVIEW,CAS 4区
Rasprave,CAS 4区
RASP-Research on Ageing and Social Policy,CAS 4区
RASSEGNA DELLA LETTERATURA ITALIANA,CAS 4区
RASSEGNA STORICA DEL RISORGIMENTO,SSCI/SCI/AHCI
Ratio,CAS 3区
Ratio Juris,CAS 4区
RATIONALITY AND SOCIETY,CAS 3区
Rational Pharmacotherapy in Cardiology,CAS 4区
Raumforschung und Raumordnung-Spatial Research and Planning,CAS 4区
RAUSP Management Journal,CAS 4区
Rawal Medical Journal,CAS 4区
Razon Historica-Revista Hispanoamericana de Historia de las Ideas,CAS 4区
RBGN-Revista Brasileira de Gestao de Negocios,CAS 4区
RBNE-Revista Brasileira de Nutricao Esportiva,CAS 4区
RBONE-Revista Brasileira de Obesidade Nutricao e Emagrecimento,CAS 4区
RBRH-Revista Brasileira de Recursos Hidricos,CAS 4区
RDBCI-Revista Digital de Biblioteconomia e Ciencia da Informacao,CAS 4区
R & D MANAGEMENT,CAS 2区
Reaction Chemistry & Engineering,CAS 3区
Reaction Kinetics Mechanisms and Catalysis,CAS 4区
Reactions,CAS 4区
REACTIVE & FUNCTIONAL POLYMERS,CAS 3区
READING AND WRITING,CAS 3区
Reading in a Foreign Language,CAS 3区
Reading Psychology,CAS 4区
READING RESEARCH QUARTERLY,CAS 1区 Top
READING TEACHER,CAS 4区
Reading & Writing-Journal of the Reading Association of South Africa,CAS 4区
Reading & Writing Quarterly,CAS 4区
Real Analysis Exchange,CAS 4区
REAL ESTATE ECONOMICS,CAS 3区
Real Estate Management and Valuation,CAS 4区
REAL-TIME SYSTEMS,CAS 4区
ReCALL,SSCI/SCI/AHCI
Recent Advances in Electrical & Electronic Engineering,CAS 4区
Recent Advances in Inflammation & Allergy Drug Discovery,CAS 4区
Recent Contributions to Physics,CAS 4区
Recent Patents on Anti-Cancer Drug Discovery,CAS 4区
Recent Patents on Nanotechnology,CAS 4区
Recent Period Turkish Studies-Yakin Donem Turkiye Arastirmalari,CAS 4区
Reception-Texts Readers Audiences History,CAS 4区
Recerca-Revista de Pensament & Analisi,CAS 4区
Recherche en Soins Infirmiers,CAS 4区
Recherche et Applications en Marketing-English Edition,CAS 4区
Recherche et Pratiques Pedagogiques en Langues de Specialite-Cahiers de l Apliut,CAS 4区
Recherches de Theologie et Philosophie Medievales,CAS 3区
Recherches Sociographiques,CAS 4区
Recht & Psychiatrie,SSCI/SCIE/SCI
Rechtsmedizin,CAS 4区
REC-Interventional Cardiology,CAS 4区
Records Management Journal,CAS 4区
Records of Natural Products,CAS 4区
RECORDS OF THE AUSTRALIAN MUSEUM,CAS 4区
Recreational Sports Journal,CAS 4区
Recycling,CAS 4区
REDHECS-Revista Electronica de Humanidades Educacion y Comunicacion Social,CAS 4区
Redia-Journal of Zoology,CAS 4区
REDIMAT-Revista de Investigacion en Didactica de las Matematicas,CAS 4区
Redox Biology,CAS 1区 Top
Redox Experimental Medicine,Indexed
REDOX REPORT,CAS 2区
RED-Revista de Educacion a Distancia,CAS 4区
RED-Revista Electronica de Direito,CAS 4区
REDU-Revista de Docencia Universitaria,CAS 4区
REFERENCE SERVICES REVIEW,CAS 4区
Reflective Practice,CAS 3区
Reflexion Politica,CAS 4区
Reformation,CAS 3区
REFORMATION & RENAISSANCE REVIEW,CAS 3区
REFRACTORIES AND INDUSTRIAL CERAMICS,CAS 4区
Refuge,CAS 4区
Refugee Survey Quarterly,CAS 3区
Regenerative Biomaterials,CAS 2区
Regenerative Engineering and Translational Medicine,CAS 4区
Regenerative Medicine,CAS 4区
Regenerative Therapy,CAS 3区
REGE-Revista de Gestao,CAS 4区
Region,CAS 4区
Regional and Federal Studies,CAS 2区
REGIONAL ANESTHESIA AND PAIN MEDICINE,CAS 2区 Top
Regional Environmental Change,SSCI/SCIE/SCI
REGIONAL SCIENCE AND URBAN ECONOMICS,CAS 2区 Top
Regional Science Policy and Practice,CAS 3区
Regional Statistics,Indexed
REGIONAL STUDIES,CAS 2区 Top
Regional Studies in Marine Science,CAS 4区
Regional Studies Regional Science,CAS 4区
Regional Sustainability,CAS 2区
Region et Developpement,CAS 4区
Regionologiya-Regionology Russian Journal of Regional Studies,CAS 4区
REGISTER Journal,CAS 4区
Register of the Kentucky Historical Society,CAS 4区
Register Studies,CAS 3区
REGULAR & CHAOTIC DYNAMICS,CAS 4区
Regulation & Governance,CAS 1区 Top
Regulatory Mechanisms in Biosystems,CAS 4区
REGULATORY TOXICOLOGY AND PHARMACOLOGY,CAS 3区
Rehabilitacion,Indexed
REHABILITATION,CAS 4区
REHABILITATION COUNSELING BULLETIN,CAS 4区
Rehabilitation Nursing,SSCI/SCIE/SCI
Rehabilitation Oncology,CAS 4区
REHABILITATION PSYCHOLOGY,CAS 4区
Rehabilitation Research Policy and Education,CAS 4区
REICE-Revista Electronica de Investigacion en Ciencias Economicas,CAS 4区
REICE-Revista Iberoamericana sobre Calidad Eficacia y Cambio en Educacion,CAS 3区
ReiDoCrea-Revista Eectronica de Investigacion y Docencia Creativa,CAS 4区
REJUVENATION RESEARCH,CAS 4区
Relaciones,CAS 4区
Relaciones Internacionales,CAS 4区
Relaciones Internacionales-Madrid,CAS 4区
RELATIONS INDUSTRIELLES-INDUSTRIAL RELATIONS,CAS 4区
RELC Journal,CAS 1区 Top
RELIABILITY ENGINEERING & SYSTEM SAFETY,CAS 1区 Top
RELIEVE-Revista Electronica de Investigacion y Evaluacion Educativa,CAS 4区
RELIGION,CAS 2区 Top
RELIGION AND AMERICAN CULTURE-A JOURNAL OF INTERPRETATION,CAS 3区
Religion and Society-Advances in Research,CAS 3区
Religion and the Arts,CAS 4区
Religion and Theology-A Journal of Contemporary Religious Discourse,CAS 2区
Religion Brain & Behavior,CAS 2区
Religion Compass,CAS 2区
Religion & Education,CAS 3区
Religion & Human Rights,CAS 4区
Religioni e Societa-Rivista di Scienze Sociali della Religione,CAS 4区
RELIGION & LITERATURE,CAS 4区
Religions,CAS 2区
Religions of South Asia,CAS 4区
Religion State & Society,CAS 1区 Top
RELIGIOUS EDUCATION,CAS 4区
Religious Inquiries,CAS 4区
RELIGIOUS STUDIES,CAS 2区
Religious Studies and Theology,CAS 4区
Religious Studies Review,CAS 4区
Remate de Males,CAS 4区
REMEA-Revista Eletronica do Mestrado em Educacao Ambiental,CAS 4区
REMEDIAL AND SPECIAL EDUCATION,CAS 3区
Remediation-The Journal of Environmental Cleanup Costs Technologies & Techniques,CAS 4区
REMIE-Multidisciplinary Journal of Educational Research,CAS 4区
Remote Sensing,CAS 2区
Remote Sensing Applications-Society and Environment,CAS 3区
Remote Sensing in Ecology and Conservation,CAS 2区
Remote Sensing Letters,CAS 4区
REMOTE SENSING OF ENVIRONMENT,CAS 1区 Top
RENAISSANCE AND REFORMATION,CAS 3区
RENAISSANCE QUARTERLY,CAS 1区 Top
Renaissance Studies,CAS 2区
RENAL FAILURE,CAS 3区
Renal Replacement Therapy,CAS 4区
Renal Society of Australasia Journal,CAS 4区
RENASCENCE-ESSAYS ON VALUES IN LITERATURE,CAS 4区
Rendiconti del Circolo Matematico di Palermo,CAS 4区
RENDICONTI DEL SEMINARIO MATEMATICO DELLA UNIVERSITA DI PADOVA,CAS 4区
Rendiconti Lincei-Matematica e Applicazioni,CAS 4区
RENDICONTI LINCEI-SCIENZE FISICHE E NATURALI,CAS 4区
Rendiconti Online della Societa Geologica Italiana,CAS 4区
RENEWABLE AGRICULTURE AND FOOD SYSTEMS,CAS 3区
Renewable and Sustainable Energy Transition,Indexed
Renewable Energy,CAS 1区 Top
Renewable Energy Focus,CAS 3区
Renewable Energy Research and Applications,CAS 4区
RENEWABLE & SUSTAINABLE ENERGY REVIEWS,CAS 1区 Top
Reports,CAS 4区
REPORTS-CLINICAL PRACTICE AND SURGICAL CASES,Indexed
Reports of Biochemistry and Molecular Biology,CAS 4区
Reports of Forestry Research-Zpravy Lesnickeho Vyzkumu,CAS 4区
Reports of Practical Oncology and Radiotherapy,CAS 4区
Reports on Geodesy and Geoinformatics,CAS 4区
Reports on Mathematical Logic,CAS 4区
REPORTS ON MATHEMATICAL PHYSICS,CAS 4区
REPORTS ON PROGRESS IN PHYSICS,CAS 2区
REPRESENTATIONS,SSCI/SCI/AHCI
Representation Theory,CAS 3区
REPRODUCTION,CAS 2区
Reproduction and Fertility,CAS 4区
REPRODUCTION FERTILITY AND DEVELOPMENT,CAS 4区
REPRODUCTION IN DOMESTIC ANIMALS,CAS 3区
Reproductive and Developmental Medicine,CAS 4区
Reproductive Biology,CAS 3区
Reproductive Biology and Endocrinology,CAS 2区 Top
REPRODUCTIVE BIOMEDICINE ONLINE,CAS 2区
Reproductive Health,SSCI/SCIE/SCI
Reproductive Medicine,CAS 4区
Reproductive Medicine and Biology,CAS 3区
Reproductive Sciences,CAS 4区
REPRODUCTIVE TOXICOLOGY,CAS 3区
REQUIREMENTS ENGINEERING,CAS 3区
Research,CAS 1区 Top
RESEARCH AND PRACTICE FOR PERSONS WITH SEVERE DISABILITIES,CAS 2区
Research and Practice in Intellectual and Developmental Disabilities,CAS 4区
Research and Practice in Technology Enhanced Learning,CAS 3区
Research and Practice in Thrombosis and Haemostasis,CAS 3区
Research and Reports in Neonatology,CAS 4区
Research and Reports in Tropical Medicine,CAS 4区
Research and Reports in Urology,CAS 4区
Research and Reviews in Parkinsonism,CAS 4区
Research and Theory for Nursing Practice,SSCI/SCIE/SCI
Research Ethics,CAS 2区
RESEARCH EVALUATION,CAS 3区
RESEARCH IN AFRICAN LITERATURES,CAS 2区
Research in Astronomy and Astrophysics,CAS 3区
RESEARCH IN AUTISM,Indexed
Research in Autism Spectrum Disorders,CAS 4区
RESEARCH IN BIOMEDICAL ENGINEERING AND TECHNOLOGY,Indexed
Research in Cardiovascular Medicine,CAS 4区
Research in Cold and Arid Regions,CAS 4区
Research in Comparative and International Education,CAS 3区
Research in Dance Education,CAS 2区
Research in Developmental Disabilities,CAS 2区
Research in Economics,CAS 4区
Research in Education,CAS 4区
Research in Educational Administration & Leadership,CAS 4区
Research in Education and Learning Innovation Archives-REALIA,CAS 4区
RESEARCH IN ENGINEERING DESIGN,CAS 3区
Research in Gerontological Nursing,SSCI/SCIE/SCI
Research in Globalization,Indexed
RESEARCH IN HIGHER EDUCATION,CAS 3区
Research in Human Development,CAS 4区
Research in International Business and Finance,CAS 2区 Top
Research in Learning Technology,CAS 4区
Research in Marine Sciences,CAS 4区
Research in Mathematics,CAS 4区
Research in Mathematics Education,CAS 4区
RESEARCH IN MICROBIOLOGY,CAS 3区
RESEARCH IN NONDESTRUCTIVE EVALUATION,CAS 4区
Research in Number Theory,CAS 3区
RESEARCH IN NURSING & HEALTH,SSCI/SCIE/SCI
Research in Organizational Behavior,CAS 3区
Research in Pharmaceutical Sciences,CAS 4区
RESEARCH IN PHENOMENOLOGY,CAS 4区
Research in Post-Compulsory Education,CAS 4区
Research in Psychotherapy-Psychopathology Process and Outcome,CAS 3区
RESEARCH IN SCIENCE EDUCATION,CAS 3区
Research in Science & Technological Education,CAS 4区
Research in Social & Administrative Pharmacy,CAS 2区
Research in Social Stratification and Mobility,CAS 1区 Top
Research in Sport Education and Sciences,Indexed
Research in Sports Medicine,CAS 4区
Research Integrity and Peer Review,SSCI/SCIE/SCI
Research in the Mathematical Sciences,CAS 3区
RESEARCH IN THE TEACHING OF ENGLISH,CAS 2区
Research in Transportation Business and Management,CAS 2区
Research in Transportation Economics,CAS 2区
RESEARCH IN VETERINARY SCIENCE,CAS 3区
Research Journal of Biotechnology,CAS 4区
Research Journal of Pharmacognosy,CAS 4区
Research Journal of Textile and Apparel,CAS 4区
RESEARCH ON AGING,CAS 4区
RESEARCH ON CHEMICAL INTERMEDIATES,CAS 3区
Research on Child and Adolescent Psychopathology,CAS 2区
RESEARCH ON LANGUAGE AND SOCIAL INTERACTION,CAS 1区 Top
RESEARCH ON SOCIAL WORK PRACTICE,CAS 3区
Research on World Agricultural Economy,Indexed
Research Papers in Education,CAS 3区
RESEARCH POLICY,CAS 1区 Top
Research & Politics,CAS 3区
RESEARCH QUARTERLY FOR EXERCISE AND SPORT,SSCI/SCIE/SCI
Research Reports in Clinical Cardiology,CAS 4区
Research Studies in Music Education,CAS 1区 Top
Research Synthesis Methods,CAS 2区
RESEARCH-TECHNOLOGY MANAGEMENT,SSCI/SCIE/SCI
ReS Futurae-Revue d Etudes sur la Science-Fiction,CAS 4区
Residential Treatment for Children & Youth,CAS 4区
Res Mobilis-International Research Journal of Furniture and Decorative Objects,CAS 4区
Resonance-Journal of Science Education,CAS 4区
Resonancias,CAS 3区
RESOURCE AND ENERGY ECONOMICS,CAS 3区
RESOURCE GEOLOGY,CAS 4区
Resources-Basel,CAS 3区
RESOURCES CONSERVATION AND RECYCLING,CAS 1区 Top
Resources Conservation & Recycling Advances,CAS 3区
Resources Environment and Sustainability,CAS 1区 Top
RESOURCES FOR AMERICAN LITERARY STUDY,CAS 4区
Res Philosophica,CAS 3区
RESPIRATION,CAS 3区
Respiratory Care,CAS 4区
Respiratory Investigation,CAS 4区
RESPIRATORY MEDICINE,CAS 3区
Respiratory Medicine and Research,CAS 4区
Respiratory Medicine Case Reports,CAS 4区
RESPIRATORY PHYSIOLOGY & NEUROBIOLOGY,CAS 4区
RESPIRATORY RESEARCH,CAS 2区
RESPIROLOGY,CAS 2区
Respirology Case Reports,CAS 4区
Res Publica-A Journal of Moral Legal and Political Philosophy,CAS 3区
Res Publica-Revista de Filosofia Politica,CAS 4区
Res Rhetorica,CAS 4区
RESTAURATOR-INTERNATIONAL JOURNAL FOR THE PRESERVATION OF LIBRARY AND ARCHIVAL MATERIAL,CAS 4区
RESTORATION ECOLOGY,CAS 3区
Restorative Dentistry and Endodontics,Indexed
RESTORATIVE NEUROLOGY AND NEUROSCIENCE,CAS 4区
Results in Applied Mathematics,CAS 4区
Results in Chemistry,CAS 3区
Results in Control and Optimization,Indexed
Results in Engineering,CAS 2区
Results in Mathematics,CAS 3区
Results in Optics,Indexed
Results in Physics,CAS 2区
Results in Surfaces and Interfaces,Indexed
RESUSCITATION,CAS 1区 Top
Resuscitation Plus,CAS 3区
Retail and Marketing Review,CAS 4区
RETHINKING HISTORY,SSCI/SCI/AHCI
Rethinking Marxism-A Journal of Economics Culture & Society,CAS 4区
Reti Medievali Rivista,CAS 3区
RETINA-THE JOURNAL OF RETINAL AND VITREOUS DISEASES,CAS 3区
Reti Saperi Linguaggi-Italian Journal of Cognitive Sciences,CAS 4区
Retos-Revista de Ciencias de la Administracion y Economia,CAS 4区
Retrovirology,CAS 4区
Reumatismo,CAS 4区
Reumatologia,CAS 4区
Reumatologia Clinica,CAS 4区
REUNIR-Revista de Administracao Contabilidade e Sustentabilidade,CAS 4区
REVELETEO-Revista Electronica Espaco Teologico,CAS 4区
REVELL-Revista de Estudos Literarios da UEMS,CAS 4区
REVER-Revista de Estudos da Religiao,CAS 4区
REVESCO-Revista de Estudios Cooperativos,CAS 4区
Review & Expositor,CAS 4区
Review Journal of Autism and Developmental Disorders,CAS 3区
REVIEW-LITERATURE AND ARTS OF THE AMERICAS,CAS 4区
Review of Accounting and Finance,CAS 4区
REVIEW OF ACCOUNTING STUDIES,CAS 3区
Review of African Political Economy,CAS 4区
Review of Agrarian Studies,CAS 4区
Review of Asset Pricing Studies,CAS 3区
Review of Austrian Economics,CAS 4区
Review of Behavioral Economics,CAS 4区
Review of Behavioral Finance,CAS 4区
Review of Business,CAS 4区
Review of Central and East European Law,CAS 4区
Review of Cognitive Linguistics,SSCI/SCI/AHCI
Review of Communication Research,CAS 1区 Top
Review of Corporate Finance Studies,CAS 4区
Review of Derivatives Research,CAS 4区
Review of Development Economics,CAS 3区
Review of Development Finance,CAS 4区
Review of Economic Analysis,CAS 4区
Review of Economic Design,CAS 4区
REVIEW OF ECONOMIC DYNAMICS,CAS 3区
Review of Economic Perspectives,CAS 4区
Review of Economics and Political Science,CAS 4区
REVIEW OF ECONOMICS AND STATISTICS,CAS 1区 Top
Review of Economics of the Household,CAS 3区
REVIEW OF ECONOMIC STUDIES,CAS 1区 Top
Review of Education,CAS 3区
REVIEW OF EDUCATIONAL RESEARCH,CAS 1区 Top
Review of Education Pedagogy and Cultural Studies,CAS 4区
REVIEW OF ENGLISH STUDIES,CAS 3区
Review of Environmental Economics and Policy,CAS 2区
Review of European and Comparative Law,CAS 4区
Review of European Comparative & International Environmental Law,CAS 3区
Review of Faith & International Affairs,CAS 3区
Review of Finance,CAS 2区
Review of Financial Economics,CAS 4区
REVIEW OF FINANCIAL STUDIES,CAS 1区 Top
REVIEW OF GENERAL PSYCHOLOGY,CAS 2区
REVIEW OF HIGHER EDUCATION,CAS 2区
REVIEW OF INCOME AND WEALTH,CAS 3区
REVIEW OF INDUSTRIAL ORGANIZATION,CAS 4区
Review of International Business and Strategy,CAS 4区
Review of International Economics,CAS 4区
Review of International Organizations,CAS 1区 Top
REVIEW OF INTERNATIONAL POLITICAL ECONOMY,CAS 2区
REVIEW OF INTERNATIONAL STUDIES,CAS 1区 Top
Review of Keynesian Economics,CAS 3区
Review of Korean Studies,CAS 4区
Review of Law & Economics,CAS 4区
Review of Managerial Science,CAS 2区
REVIEW OF METAPHYSICS,CAS 4区
Review of Middle East Studies,CAS 4区
Review of Network Economics,CAS 4区
Review of Pacific Basin Financial Markets and Policies,CAS 4区
REVIEW OF PALAEOBOTANY AND PALYNOLOGY,CAS 3区
Review of Philosophy and Psychology,CAS 3区
Review of Policy Research,CAS 4区
REVIEW OF POLITICAL ECONOMY,CAS 3区
Review of Public Personnel Administration,CAS 2区
Review of Quantitative Finance and Accounting,CAS 4区
Review of Rabbinic Judaism,CAS 4区
REVIEW OF RADICAL POLITICAL ECONOMICS,CAS 3区
Review of Regional Research-Jahrbuch fur Regionalwissenschaft,CAS 3区
Review of Regional Studies,CAS 4区
Review of Religion and Chinese Society,CAS 2区
REVIEW OF RELIGIOUS RESEARCH,SSCI/SCI/AHCI
Review of Research in Education,CAS 2区
REVIEW OF SCIENTIFIC INSTRUMENTS,CAS 4区
REVIEW OF SOCIAL ECONOMY,CAS 3区
Review of Socionetwork Strategies,CAS 4区
Review of Symbolic Logic,SCIE/SCI/AHCI
REVIEW OF WORLD ECONOMICS,CAS 3区
Reviews and Research in Medical Microbiology,CAS 4区
REVIEWS IN AMERICAN HISTORY,CAS 4区
REVIEWS IN ANALYTICAL CHEMISTRY,CAS 3区
Reviews in Anthropology,Indexed
Reviews in Aquaculture,CAS 1区 Top
Reviews in Cardiovascular Medicine,CAS 3区
REVIEWS IN CHEMICAL ENGINEERING,CAS 3区
REVIEWS IN ENDOCRINE & METABOLIC DISORDERS,CAS 2区
REVIEWS IN ENVIRONMENTAL SCIENCE AND BIO-TECHNOLOGY,CAS 2区
REVIEWS IN FISH BIOLOGY AND FISHERIES,CAS 1区 Top
Reviews in Fisheries Science & Aquaculture,CAS 1区 Top
REVIEWS IN INORGANIC CHEMISTRY,CAS 3区
REVIEWS IN MATHEMATICAL PHYSICS,CAS 3区
REVIEWS IN MEDICAL VIROLOGY,CAS 2区
REVIEWS IN THE NEUROSCIENCES,CAS 3区
Reviews of Environmental Contamination and Toxicology,CAS 3区
REVIEWS OF GEOPHYSICS,CAS 1区 Top
Reviews of Geophysics and Planetary Physics,Indexed
REVIEWS OF MODERN PHYSICS,CAS 1区 Top
Reviews of Modern Plasma Physics,Indexed
REVIEWS ON ADVANCED MATERIALS SCIENCE,CAS 3区
REVIEWS ON ENVIRONMENTAL HEALTH,CAS 4区
Reviews on Recent Clinical Trials,CAS 4区
Revija za Kriminalistiko in Kriminologijo,CAS 4区
Revija za Socijalnu Politiku,CAS 4区
Revista 180,CAS 4区
Revista Academica da Faculdade de Direito do Recife,CAS 4区
Revista Acta Geografica,CAS 4区
Revista Administracao em Dialogo,CAS 4区
Revista Agrogeoambiental,CAS 4区
Revista Ambiente Contabil,CAS 4区
Revista Andina de Estudios Politicos,CAS 4区
Revista Argentina de Ciencias del Comportamiento,CAS 4区
Revista Argentina de Historiografia Linguistica,CAS 4区
REVISTA ARGENTINA DE MICROBIOLOGIA,CAS 4区
Revista Artemis,CAS 4区
REVISTA ARVORE,CAS 4区
Revista Biblica,CAS 4区
Revista Bio Ciencias,CAS 4区
Revista Boliviana de Derecho,CAS 4区
REVISTA BRASILEIRA DE CIENCIA DO SOLO,CAS 4区
Revista Brasileira de Ciencias Agrarias-Agraria,CAS 4区
Revista Brasileira de Ciencias Ambientais,CAS 4区
Revista Brasileira de Computacao Aplicada,CAS 4区
Revista Brasileira de Direito,CAS 4区
Revista Brasileira de Direito Processual Penal,CAS 4区
Revista Brasileira de Educacao do Campo-Brazilian Journal of Rural Education,CAS 4区
Revista Brasileira de Enfermagem,CAS 4区
Revista Brasileira de Engenharia Agricola e Ambiental,CAS 4区
REVISTA BRASILEIRA DE ENTOMOLOGIA,CAS 4区
Revista Brasileira de Epidemiologia,Indexed
Revista Brasileira de Estudos Politicos,CAS 4区
Revista Brasileira de Farmacognosia-Brazilian Journal of Pharmacognosy,CAS 4区
Revista Brasileira de Fruticultura,CAS 4区
Revista Brasileira de Futsal e Futebol,CAS 4区
Revista Brasileira de Geomorfologia,CAS 4区
Revista Brasileira de Ginecologia e Obstetricia,CAS 4区
Revista Brasileira de Historia,CAS 4区
Revista Brasileira de Historia & Ciencias Sociais,CAS 4区
Revista Brasileira de Inovacao,CAS 4区
Revista Brasileira de Marketing,CAS 4区
REVISTA BRASILEIRA DE PALEONTOLOGIA,CAS 4区
REVISTA BRASILEIRA DE PARASITOLOGIA VETERINARIA,CAS 3区
Revista Brasileira de Pesquisa em Turismo,CAS 4区
Revista Brasileira de Politica Internacional,CAS 4区
REVISTA BRASILEIRA DE ZOOTECNIA-BRAZILIAN JOURNAL OF ANIMAL SCIENCE,CAS 4区
Revista Caatinga,CAS 4区
Revista Catalana de Dret Public,CAS 4区
Revista CES Derecho,CAS 4区
Revista CES Psicologia,CAS 4区
Revista Chapingo Serie Ciencias Forestales y del Ambiente,CAS 4区
Revista Chilena de Derecho,CAS 4区
Revista Chilena de Derecho y Tecnologia,CAS 4区
REVISTA CHILENA DE ENTOMOLOGIA,Indexed
Revista Chilena de Estudios Medievales,CAS 4区
REVISTA CHILENA DE HISTORIA NATURAL,CAS 4区
Revista Chilena de Infectologia,CAS 4区
REVISTA CHILENA DE LITERATURA,CAS 4区
Revista Chilena de Neuropsicologia,Indexed
Revista Chilena de Nutricion,CAS 4区
Revista CICAG,CAS 4区
Revista CIDOB d Afers Internationals,CAS 4区
Revista Ciencia Agronomica,CAS 4区
Revista Ciencias Administrativas,CAS 4区
Revista Ciencias Pedagogicas e Innovacion,CAS 4区
Revista Ciencias Sociales y Educacion,CAS 4区
Revista Cientifica,CAS 4区
Revista Cientifica da Faculdade de Educacao e Meio Ambiente,CAS 4区
REVISTA CIENTIFICA-FACULTAD DE CIENCIAS VETERINARIAS,CAS 4区
Revista Cientifica General Jose Maria Cordova,Indexed
Revista Cientifica Hermes,CAS 4区
Revista Clinica Contemporanea,CAS 4区
REVISTA CLINICA ESPANOLA,CAS 4区
Revista Colombiana de Bioetica,CAS 4区
Revista Colombiana de Cancerologia,CAS 4区
Revista Colombiana de Ciencias Pecuarias,CAS 4区
Revista Colombiana de Ciencias Sociales,CAS 4区
REVISTA COLOMBIANA DE ENTOMOLOGIA,CAS 4区
Revista Colombiana de Filosofia de la Ciencia,CAS 4区
Revista Colombiana de Investigaciones Agroindustriales,CAS 4区
Revista Colombiana de Quimica,CAS 4区
Revista Colombiana de Sociologia,CAS 4区
Revista Complutense de Educacion,CAS 4区
Revista Complutense de Historia de America,CAS 4区
Revista Comunicacao Midiatica,CAS 4区
Revista Comunicacion,CAS 4区
Revista Conrado,CAS 4区
Revista Contabilidade e Controladoria-RC C,CAS 4区
Revista Contemporanea de Educacao,CAS 4区
Revista Cooperativismo y Desarrollo-COODES,CAS 4区
Revista Corpoica-Ciencia y Tecnologia Agropecuaria,CAS 4区
Revista Costarricense de Psicologia,CAS 4区
Revista Criminalidad,CAS 4区
Revista Critica Cultural,CAS 4区
Revista Critica de Ciencias Sociais,CAS 4区
Revista CS en Ciencias Sociales,CAS 4区
Revista Cubana de Ciencias Forestales,CAS 4区
Revista Cubana de Fisica,CAS 4区
Revista Cubana de Ingenieria,CAS 4区
Revista Cubana de Reumatologia,CAS 4区
Revista Cuidarte,CAS 4区
Revista da Anpoll,CAS 4区
Revista da Associacao Medica Brasileira,CAS 4区
Revista da Escola de Enfermagem da USP,SSCI/SCIE/SCI
Revista da Sociedade Brasileira de Medicina Tropical,CAS 4区
Revista de Administracao Publica,CAS 4区
Revista de Agricultura Neotropical,CAS 4区
Revista de Antropologia Social,CAS 4区
Revista de Arqueologia Historica Argentina y Latinoamericana,CAS 4区
Revista de Arquitectura-Bogota,CAS 4区
Revista de Artes Marciales Asiaticas,CAS 4区
REVISTA DE BIOLOGIA MARINA Y OCEANOGRAFIA,CAS 4区
REVISTA DE BIOLOGIA TROPICAL,CAS 4区
Revista de Cancioneros Impresos y Manuscritos,CAS 2区
Revista de Ciencia Politica,CAS 3区
Revista de Ciencias Agricolas,CAS 4区
Revista de Ciencias Humanas da Universidade de Taubate,CAS 4区
Revista de Ciencias Sociales-Costa Rica,CAS 4区
Revista de Comunicacion de la SEECI,CAS 4区
Revista de Comunicacion-Peru,CAS 3区
Revista de Contabilidad-Spanish Accounting Review,CAS 4区
Revista de Cultura Teologica,CAS 4区
Revista de Derecho Civil,CAS 4区
Revista de Derecho Comunitario Europeo,CAS 4区
Revista de Derecho Politico,CAS 4区
Revista de Derecho Privado,CAS 4区
Revista de Direito da Cidade-City Law,CAS 4区
Revista de Direito Sanitario-Journal of Health Law,CAS 4区
Revista de Economia Mundial,CAS 4区
Revista de Educacion,CAS 4区
Revista de Educacion Inclusiva,CAS 4区
Revista de Educacion y Derecho-Educational and Law Review,CAS 4区
Revista de Ensino de Bioquimica,CAS 4区
Revista de Epidemiologia e Controle de Infeccao,CAS 4区
Revista de Estudios Andaluces,CAS 4区
Revista de Estudios Empresariales-Segunda Epoca,CAS 4区
Revista de Estudios en Seguridad Internacional-RESI,CAS 4区
REVISTA DE ESTUDIOS HISPANICOS,CAS 4区
Revista de Estudios Internacionales Mediterraneos,CAS 4区
Revista de Estudios Latinos,CAS 3区
Revista de Estudios Politicos,CAS 4区
Revista de Estudios Regionales,CAS 4区
Revista de Estudios Sociales,CAS 4区
Revista de Estudos Constitucionais Hermeneutica e Teoria do Direito-RECHTD,CAS 4区
Revista de Estudos da Linguagem,CAS 4区
Revista de Etnografie si Folclor-Journal of Ethnography and Folklore,CAS 4区
Revista de Filologia Alemana,CAS 4区
REVISTA DE FILOLOGIA DE LA UNIVERSIDAD DE LA LAGUNA,CAS 4区
REVISTA DE FILOLOGIA ESPANOLA,CAS 3区
Revista de Filosofia,CAS 4区
Revista de Filosofia Aurora,CAS 4区
Revista de Filosofia La Plata,CAS 4区
Revista de Filosofia-Madrid,CAS 4区
Revista de Filosofia UIS,CAS 4区
Revista de Gastroenterologia de Mexico,CAS 4区
Revista de Geografia Norte Grande,SSCI/SCIE/SCI
Revista de Gestao Ambiental e Sustentabilidade-GeAS,CAS 4区
Revista de Gestao e Projetos,CAS 4区
Revista de Gestao Financas e Contabilidade,CAS 4区
Revista de Gestion Publica,CAS 4区
Revista de Hispanismo Filosofico,CAS 4区
Revista de Historia das Ideias,CAS 4区
Revista de Historia da Sociedade e da Cultura,CAS 4区
Revista De Historia De La Psicologia,CAS 4区
Revista de Historia Economica,CAS 2区
Revista de Historia Economica-Journal of Iberian and Latin American Economic History,Indexed
Revista de Historia Industrial,SSCI/SCI/AHCI
Revista de Historia Moderna-Anales de la Universidad de Alicante,CAS 4区
Revista de Historia-Sao Paulo,CAS 4区
Revista de Historiografia,CAS 4区
Revista de Humanidades,CAS 4区
Revista de Humanidades de Valparaiso-RHV,Indexed
REVISTA DE INDIAS,CAS 3区
Revista de Investigacion Clinica-Clinical and Translational Investigation,CAS 4区
Revista de Investigacion en Educacion,CAS 4区
Revista de Investigacion en Logopedia,CAS 4区
Revista de Investigaciones Politicas y Sociologicas,CAS 4区
Revista de Investigaciones-Universidad del Quindio,CAS 4区
Revista de Investigaciones Veterinarias del Peru,CAS 4区
Revista de Investigacion Linguistica,CAS 4区
Revista de Investigacion sobre Flamenco-La Madruga,CAS 4区
Revista de Investigacoes Constitucionais-Journal of Constitutional Research,CAS 4区
REVISTA DE LA ACADEMIA COLOMBIANA DE CIENCIAS EXACTAS FISICAS Y NATURALES,Indexed
Revista de la Construccion,CAS 4区
Revista de la Facultad de Agronomia de la Universidad del Zulia,CAS 4区
REVISTA DE LA FACULTAD DE CIENCIAS AGRARIAS,CAS 4区
Revista de la Facultad de Derecho,CAS 4区
Revista de la Federacion Argentina de Cardiologia,CAS 4区
Revista de la Real Academia de Ciencias Exactas Fisicas y Naturales Serie A-Matematicas,CAS 2区
REVISTA DE LA SOCIEDAD ENTOMOLOGICA ARGENTINA,CAS 4区
REVISTA DE LA SOCIEDAD GEOLOGICA DE ESPANA,CAS 4区
Revista de la Union Matematica Argentina,CAS 4区
Revista del CLAD Reforma y Democracia,CAS 4区
Revista del Cuerpo Medico del Hospital Nacional Almanzor Aguinaga Asenjo,CAS 4区
Revista de Letras,CAS 4区
Revista de Letras Norte@mentos,CAS 4区
Revista de Linguistica y Lenguas Aplicadas,CAS 4区
REVISTA DE LITERATURA,CAS 3区
Revista de Llengua i Dret-Journal of Language and Law,CAS 4区
REVISTA DE METALURGIA,CAS 4区
Revista de Musicologia,CAS 3区
Revista de Nefrologia Dialisis y Trasplante,CAS 4区
REVISTA DE NEUROLOGIA,CAS 4区
Revista de Nutricao-Brazilian Journal of Nutrition,CAS 4区
REVISTA DE OCCIDENTE,CAS 4区
Revista de Osteoporosis y Metabolismo Mineral,CAS 4区
Revista de Paz y Conflictos,Indexed
Revista de Pedagogia Universitaria y Didactica del Derecho,CAS 4区
Revista de Pesquisa-Cuidado e Fundamental Online,CAS 4区
Revista de Psicodidactica,CAS 1区 Top
Revista de Psicologia Clinica con Ninos y Adolescentes,CAS 4区
Revista de Psicologia PUCP,CAS 4区
Revista de Psicoterapia,CAS 4区
Revista de Salud Ambiental,CAS 4区
Revista de Salud Publica-Cordoba,CAS 4区
REVISTA DE SAUDE PUBLICA,SSCI/SCIE/SCI
Revista de Senologia y Patologia Mamaria,CAS 4区
Revista de Sociedad Gaditana de Historia Natural,CAS 4区
Revista de Teledeteccion,CAS 4区
Revista de Transporte y Territorio,CAS 4区
Revista de Urbanismo,CAS 4区
Revista Digital de Derecho Administrativo,CAS 4区
Revista Digital de Investigacion en Docencia Universitaria-RIDU,CAS 4区
Revista Digital Mundo Asia Pacifico,CAS 4区
Revista Direito Ambiental e Sociedade,Indexed
Revista Direito GV,CAS 4区
Revista do Curso de Direito do UNIFOR,CAS 4区
REVISTA DO INSTITUTO DE MEDICINA TROPICAL DE SAO PAULO,CAS 4区
Revista do Servico Publico,CAS 4区
Revista Economia,CAS 4区
Revista Economia y Sociedad,CAS 4区
Revista Ecorfan,CAS 4区
Revista EDaPECI-Educacao a Distancia e Praticas Educativas Comunicacionais e Interculturais,CAS 4区
Revista Educacao e Linguagens,CAS 4区
Revista Educacion,CAS 4区
Revista Educacion en Ingenieria,CAS 4区
Revista Educaonline,CAS 4区
Revista Electronica Calidad en la Educacion Superior,CAS 4区
Revista Electronica Complutense de Investigacion en Educacion Musical-RECIEM,CAS 4区
Revista Electronica de Estudios Internacionales,CAS 4区
Revista Electronica de Fuentes y Archivos,CAS 4区
Revista Electronica de Investigacion Educativa,CAS 4区
Revista Electronica Educare,CAS 4区
Revista Electronica Interuniversitaria de Formacion del Profesorado,CAS 4区
Revista Eletronica de Estrategia e Negocios-REEN,CAS 4区
Revista Eletronica em Gestao Educacao e Tecnologia Ambiental,CAS 4区
Revista Eletronica Pesquiseduca,CAS 4区
Revista Eletronica Ventilando Acervos,CAS 4区
Revista e-Mercatoria,CAS 4区
Revista ENIAC Pesquisa,CAS 4区
Revista Espanola de Anestesiologia y Reanimacion,CAS 4区
Revista Espanola de Antropologia Americana,CAS 3区
REVISTA ESPANOLA DE CARDIOLOGIA,CAS 2区
Revista Espanola de Ciencia Politica-RECP,CAS 4区
Revista Espanola de Comunicacion en Salud,CAS 4区
Revista Espanola de Derecho Constitucional,CAS 4区
Revista Espanola de Discapacidad-REDIS,CAS 4区
Revista Espanola de Documentacion Cientifica,CAS 4区
Revista Espanola de Educacion Comparada,CAS 4区
REVISTA ESPANOLA DE ENFERMEDADES DIGESTIVAS,CAS 4区
Revista Espanola de Estudios Agrosociales y Pesqueros-REEAP,CAS 4区
Revista Espanola de Investigaciones Sociologicas,CAS 4区
Revista Espanola de Linguistica Aplicada,SSCI/SCI/AHCI
Revista Espanola de Medicina Nuclear e Imagen Molecular,CAS 4区
Revista Espanola de Nutricion Humana y Dietetica,CAS 4区
Revista Espanola de Orientacion y Psicopedagogia,CAS 4区
Revista Espanola de Patologia,Indexed
Revista Espanola de Pedagogia,CAS 4区
Revista Espanola de Quimioterapia,CAS 4区
Revista Espanola de Salud Publica,CAS 4区
Revista Espanola de Sociologia,CAS 4区
Revista Estudios Hemisfericos y Polares,CAS 4区
Revista Estudios Socio-Juridicos,CAS 4区
Revista Estudos Institucionais-Journal of Institutional Studies,CAS 4区
Revista Estudos Politicos,CAS 4区
Revista Eureka sobre Ensenanza y Divulgacion de las Ciencias,CAS 4区
Revista Evidenciacao Contabil & Financas,CAS 4区
Revista Facultad de Ingenieria-Universidad de Antioquia,CAS 4区
"Revista Facultad de Ingenieria, Universidad Pedagogica y Tecnologica de Colombia",CAS 4区
Revista Finanzas y Politica Economica,CAS 4区
Revista Fitotecnia Mexicana,CAS 4区
Revista Forestal Mesoamerica Kuru-RFMK,CAS 4区
Revista Formacao Online,CAS 4区
Revista Fuentes,CAS 4区
Revista Galega de Economia,CAS 4区
Revista General de Derecho Administrativo,CAS 4区
Revista General de Derecho Canonico y Derecho Eclesiastico del Estado,CAS 4区
Revista General de Derecho Constitucional,CAS 4区
Revista General de Derecho Europeo,CAS 4区
Revista General de Derecho Penal,CAS 4区
Revista General de Derecho Procesal,CAS 4区
Revista General de Derecho Publico Comparado,CAS 4区
Revista General de Derecho Romano,CAS 4区
Revista General de Informacion y Documentacion,CAS 4区
Revista General del Derecho del Trabajo y de la Seguridad Social,CAS 4区
Revista Geoaraguaia,CAS 4区
Revista Geografica de America Central,CAS 4区
Revista Geografica Venezolana,CAS 4区
Revista Gestao Organizacional,CAS 4区
Revista Gestao & Tecnologia-Journal of Management and Technology,CAS 4区
Revista Gestion de la Educacion,CAS 4区
Revista Gestion de las Personas y Tecnologia,CAS 4区
Revista Guillermo de Ockham,Indexed
Revista Habitat Sustentable,CAS 4区
Revista Hispanica Moderna,CAS 4区
Revista Hispanoamericana de Hernia,CAS 4区
Revista Historia Autonoma,CAS 4区
Revista Historia-Debates e Tendencias,CAS 4区
Revista Humanidades,CAS 4区
REVISTA IBEROAMERICANA,CAS 4区
Revista Iberoamericana de Automatica e Informatica Industrial,CAS 4区
Revista Ibero-Americana de Ciencia da Informacao,CAS 4区
Revista Iberoamericana de Ciencias de la Actividad Fisica y el Deporte,CAS 4区
Revista Iberoamericana de Diagnostico y Evaluacion-e Avaliacao Psicologica,CAS 4区
Revista Iberoamericana de Educacion,CAS 4区
Revista Iberoamericana de Estudios Municipales,CAS 4区
Revista Ibero-Americana de Estudos em Educacao,CAS 4区
REVISTA IBEROAMERICANA DE MICOLOGIA,CAS 4区
Revista Iberoamericana de Psicologia del Ejercicio y el Deporte,CAS 4区
Revista Iberoamericana de Psicologia y Salud,CAS 2区
Revista Icono 14-Revista Cientifica de Comunicacion y Tecnologias,CAS 4区
Revista Ingenieria de Construccion,CAS 4区
Revista Innovaciencia,CAS 4区
Revista Internacional de Andrologia,CAS 4区
Revista Internacional de Comunicacion y Desarrollo,CAS 4区
Revista Internacional de Contaminacion Ambiental,CAS 4区
Revista Internacional de Educacion Musical,CAS 4区
Revista Internacional de Educacion para la Justicia Social,CAS 4区
Revista Internacional de Estudios Migratorios,CAS 4区
Revista Internacional de Metodos Numericos para Calculo y Diseno en Ingenieria,CAS 4区
Revista Internacional de Organizaciones,CAS 4区
Revista Internacional de Pensamiento Politico,CAS 4区
Revista Internacional de Relaciones Publicas,CAS 4区
Revista Internacional de Sociologia,CAS 4区
Revista Interuniversitaria de Formacion del Profesorado-RIFOP,CAS 4区
Revista Investigaciones Altoandinas-Journal of High Andean Research,CAS 4区
Revista INVI,CAS 4区
Revista Iteckne,CAS 4区
Revista Jesus Historico e sua Recepcao,CAS 4区
Revista Juridica de Castilla y Leon,CAS 4区
Revista Juridica Portucalense,CAS 4区
Revista Kanina,CAS 4区
Revista La Propiedad Inmaterial,CAS 4区
Revista Latina de Comunicacion Social,CAS 2区
Revista Latinoamericana de Derecho Social,CAS 4区
Revista Latino-Americana de Enfermagem,SSCI/SCIE/SCI
Revista Latinoamericana de Estudios de Familia,CAS 4区
Revista Latinoamericana de Estudios sobre Cuerpos Emociones y Sociedad,CAS 4区
Revista Latinoamericana de Investigacion en Matematica Educativa-RELIME,CAS 4区
Revista Latinoamericana de la Papa,CAS 4区
Revista Latinoamericana de Metodologia de la Investigacion Social,CAS 4区
Revista Latinoamericana de Metodologia de las Ciencias Sociales,CAS 4区
Revista Latinoamericana de Poblacion,CAS 4区
REVISTA LATINOAMERICANA DE PSICOLOGIA,CAS 4区
Revista Latinoamericana de Tecnologia Educativa-RELATEC,CAS 4区
Revista Letras,CAS 4区
Revista Mad-Revista del Magister en Analisis Sistemico Aplicado a la Sociedad,CAS 4区
Revista Matematica Complutense,CAS 2区
REVISTA MATEMATICA IBEROAMERICANA,CAS 2区
Revista Mediacao,CAS 4区
Revista Medica Clinica Las Condes,CAS 4区
REVISTA MEDICA DE CHILE,CAS 4区
Revista Medica del Uruguay,CAS 4区
Revista Medica de Rosario,CAS 4区
Revista Mediterranea Comunicacion-Journal of Communication,CAS 4区
Revista Mexicana de Analisis Politico y Administracion Publica,CAS 4区
REVISTA MEXICANA DE ASTRONOMIA Y ASTROFISICA,CAS 4区
Revista Mexicana de Biodiversidad,CAS 4区
REVISTA MEXICANA DE CIENCIAS GEOLOGICAS,CAS 4区
Revista Mexicana de Ciencias Pecuarias,CAS 4区
Revista Mexicana de Ciencias Politicas y Sociales,CAS 4区
REVISTA MEXICANA DE FISICA,CAS 4区
Revista Mexicana de Ingenieria Quimica,CAS 4区
Revista Mexicana de Neurociencia,CAS 4区
REVISTA MEXICANA DE PSICOLOGIA,CAS 4区
Revista Musical Chilena,CAS 3区
Revista MVZ Cordoba,CAS 4区
Revista Notas Historicas y Geograficas,CAS 4区
Revista Numismatica Hecate,CAS 4区
Revista Olhres,CAS 4区
Revista on Line de Politica e Gestao Educacional,CAS 4区
Revista ORL,CAS 4区
REVISTA PANAMERICANA DE SALUD PUBLICA-PAN AMERICAN JOURNAL OF PUBLIC HEALTH,CAS 4区
Revista Paulista de Pediatria,CAS 4区
Revista Pegada,CAS 4区
Revista Pensamiento Americano,CAS 4区
Revista Perseitas,CAS 4区
Revista Perspectiva Empresarial,CAS 4区
REVISTA PERUANA DE BIOLOGIA,CAS 4区
Revista Peruana de Ginecologia y Obstetricia,CAS 4区
Revista Peruana de Investigacion Educativa,CAS 4区
Revista Peruana de Medicina Experimental y Salud Publica,Indexed
Revista Pistis & Praxis-Teologia e Pastoral,CAS 4区
Revista Portuguesa de Cardiologia,CAS 4区
Revista Portuguesa de Endocrinologia Diabetes e Metabolismo,CAS 4区
Revista Portuguesa de Estomatologia Medicina Dentaria e Cirurgia Maxilofacial,CAS 4区
Revista Portuguesa de Historia,CAS 4区
Revista Portuguesa de Investigacao Comportamental e Social,CAS 4区
Revista Pos Ciencias Sociais,CAS 4区
Revista Praxis Educacional,CAS 4区
Revista Publicaciones,CAS 4区
Revista Ra Ximhai,CAS 4区
REVISTA REPUBLICANA,CAS 4区
Revista Romana de Materiale-Romanian Journal of Materials,CAS 4区
Revista Romana de Medicina de Laborator,CAS 4区
Revista Romana de Medicina Veterinara,CAS 4区
Revista Romaneasca Pentru Educatie Multidimensionala,CAS 4区
Revista Rupturas,CAS 4区
Revista SAAP,Indexed
Revista San Gregorio,CAS 4区
Revista Signos,SSCI/SCI/AHCI
Revista sobre la Infancia y la Adolescencia,CAS 4区
Revista Sonda-Investigacion y Docencia en Artes y Letras,CAS 4区
Revista Tecnologia e Sociedade,CAS 4区
Revista Tefros,CAS 4区
Revista UNISCI,CAS 4区
Revista Univap,CAS 4区
Revista Universidad Empresa,CAS 4区
Revista Universidad y Sociedad,CAS 4区
Revista Universitaria de Historia Militar,CAS 4区
Revista Uruguaya de Historia Economica,CAS 4区
Revista Virtual de Estudos da Linguagem-ReVEL,CAS 4区
Revista Virtual de Quimica,CAS 4区
Revista Virtual Universidad Catolica del Norte,CAS 4区
Revista Vortex-Vortex Music Journal,CAS 4区
REVMAR-Revista Ciencias Marinas y Costeras,CAS 4区
Revolutionary Russia,CAS 3区
Rev Rene,CAS 4区
REVSTAT-Statistical Journal,CAS 4区
Revue Archeologique du Centre de la France,CAS 4区
REVUE BIBLIQUE,CAS 2区
Revue Cirkevniho Prava-Church Law Review,CAS 4区
Revue d Anthropologie des Connaissances,CAS 4区
REVUE D ECONOMIE POLITIQUE,CAS 4区
Revue d Economie Regionale et Urbaine,CAS 4区
Revue de Geographie Alpine-Journal of Alpine Research,CAS 4区
REVUE DE L ART,CAS 4区
REVUE DE L HISTOIRE DES RELIGIONS,CAS 3区
REVUE DE LINGUISTIQUE ROMANE,CAS 3区
Revue de l IRES,CAS 4区
REVUE DE MEDECINE INTERNE,CAS 4区
REVUE DE METAPHYSIQUE ET DE MORALE,CAS 4区
REVUE DE MICROPALEONTOLOGIE,CAS 4区
REVUE DE MUSICOLOGIE,CAS 3区
REVUE D EPIDEMIOLOGIE ET DE SANTE PUBLIQUE,CAS 4区
Revue des Composites et des Materiaux Avances-Journal of Composite and Advanced Materials,CAS 4区
REVUE DES ETUDES JUIVES,CAS 4区
REVUE DES LANGUES ROMANES,CAS 4区
REVUE DES MALADIES RESPIRATOIRES,CAS 4区
Revue des Mondes Musulmans et de la Mediterranee,CAS 4区
REVUE DES MUSEES DE FRANCE-REVUE DU LOUVRE,CAS 4区
Revue des Sciences de l Education,CAS 4区
REVUE DES SCIENCES PHILOSOPHIQUES ET THEOLOGIQUES,CAS 4区
Revue de Synthese,CAS 4区
REVUE D ETUDES COMPARATIVES EST-OUEST,CAS 4区
Revue d Etudes Tibetaines,CAS 4区
Revue d Histoire des Mathematiques,SCIE/SCI/AHCI
Revue d Histoire des Sciences,CAS 4区
REVUE D HISTOIRE DU THEATRE,CAS 4区
REVUE D HISTOIRE ECCLESIASTIQUE,CAS 4区
REVUE D HISTOIRE LITTERAIRE DE LA FRANCE,CAS 4区
REVUE D HISTOIRE MODERNE ET CONTEMPORAINE,CAS 4区
REVUE DU NORD,CAS 4区
REVUE ECONOMIQUE,CAS 4区
Revue Europeenne des Sciences Sociales,CAS 4区
Revue Francaise d Allergologie,CAS 4区
REVUE FRANCAISE DE SOCIOLOGIE,CAS 4区
REVUE FRANCAISE D ETUDES AMERICAINES,CAS 4区
Revue General de Droit,CAS 4区
REVUE HISTORIQUE,CAS 4区
Revue Internationale de Geomatique,CAS 4区
REVUE INTERNATIONALE DE PHILOSOPHIE,CAS 4区
Revue Internationale PME,CAS 4区
Revue Interventions Economiques-Papers in Political Economy,CAS 4区
Revue Italienne d'Etudes Francaises,CAS 4区
Revue LISA-LISA E-Journal,CAS 4区
REVUE NEUROLOGIQUE,CAS 4区
REVUE PHILOSOPHIQUE DE LA FRANCE ET DE L ETRANGER,CAS 4区
REVUE PHILOSOPHIQUE DE LOUVAIN,CAS 4区
REVUE ROMANE,CAS 3区
REVUE ROUMAINE DE CHIMIE,CAS 4区
Revue Roumaine de Linguistique-Romanian Review of Linguistics,SSCI/SCI/AHCI
REVUE ROUMAINE DE MATHEMATIQUES PURES ET APPLIQUEES,CAS 4区
Revue Roumaine de Philosophie,CAS 4区
Revue Roumaine des Sciences Techniques-Serie Electrotechnique et Energetique,CAS 4区
REVUE SCIENTIFIQUE ET TECHNIQUE-OFFICE INTERNATIONAL DES EPIZOOTIES,CAS 4区
REVUE SUISSE DE ZOOLOGIE,CAS 4区
REVUE THEOLOGIQUE DE LOUVAIN,CAS 4区
RHEOLOGICA ACTA,CAS 3区
RHETORICA-A JOURNAL OF THE HISTORY OF RHETORIC,CAS 2区
Rhetoric & Public Affairs,CAS 3区
Rhetoric Review,CAS 2区
Rhetoric Society Quarterly,SSCI/SCI/AHCI
RHEUMATIC DISEASE CLINICS OF NORTH AMERICA,CAS 4区
RHEUMATOLOGY,CAS 2区
Rheumatology Advances in Practice,CAS 4区
Rheumatology and Immunology Research,Indexed
Rheumatology and Therapy,CAS 3区
Rheumatology & Autoimmunity,CAS 4区
RHEUMATOLOGY INTERNATIONAL,CAS 3区
RHINOLOGY,CAS 2区
Rhizomata-A Journal for Ancient Philosophy and Science,CAS 4区
Rhizosphere,CAS 3区
RHODORA,CAS 4区
Rhythmica-Revista Espanola de Metrica Comparada,CAS 4区
RIBAGUA-Revista Iberoamericana del Agua,Indexed
Rice,CAS 1区 Top
RICERCHE DI MATEMATICA,CAS 4区
Ricerche di Psicologia,CAS 4区
Ricerche di S-Confine,CAS 4区
RICERCHE DI STORIA DELL ARTE,CAS 4区
Ricerche di Storia Politica,CAS 4区
Rice Science,CAS 2区
RICYDE-Revista Internacional de Ciencias del Deporte,CAS 4区
RIDE-The Journal of Applied Theatre and Performance,SSCI/SCI/AHCI
RIED-Revista Iberoamericana de Educacion a Distancia,CAS 3区
RIE-Revista de Investigacion Educativa,CAS 4区
RIHA Journal,CAS 4区
Rijksmuseum Bulletin,CAS 3区
RILCE-Revista de Filologia Hispanica,SSCI/SCI/AHCI
RINASCIMENTO,CAS 4区
Riset Geologi dan Pertambangan,CAS 4区
RISK ANALYSIS,SSCI/SCIE/SCI
Risk Hazards & Crisis in Public Policy,CAS 4区
Risk Management and Healthcare Policy,SSCI/SCIE/SCI
RISK MANAGEMENT AND INSURANCE REVIEW,CAS 4区
Risk Management-An International Journal,CAS 4区
Risks,CAS 3区
RISUS-Journal on Innovation and Sustainability,CAS 4区
Rita-Revista Indexada de Textos Academicos,CAS 4区
RIVAR-Revista Iberoamericana de Viticultura Agroindustria y Ruralidad,CAS 4区
RIVER RESEARCH AND APPLICATIONS,CAS 4区
Rivista d Arte,CAS 4区
RIVISTA DEL NUOVO CIMENTO,CAS 2区
Rivista di Estetica,CAS 4区
Rivista di Filologia e di Istruzione Classica,CAS 4区
Rivista di Filosofia,CAS 4区
Rivista di Filosofia del Diritto-Journal of Legal Philosophy,CAS 4区
RIVISTA DI FILOSOFIA NEO-SCOLASTICA,CAS 4区
RIVISTA DI LETTERATURA ITALIANA,CAS 4区
RIVISTA DI LETTERATURA STORIOGRAFICA ITALIANA,CAS 4区
RIVISTA DI LETTERATURE MODERNE E COMPARATE,CAS 4区
Rivista di Matematica della Universita di Parma,CAS 4区
Rivista di Psichiatria,SSCI/SCIE/SCI
Rivista di Psicolinguistica Applicata-Journal of Applied Psycholinguistics,CAS 4区
Rivista di Psicologia dell Emergenza e dell Assistenza Umanitaria,CAS 4区
RIVISTA DI STORIA DELLA FILOSOFIA,CAS 4区
RIVISTA DI STORIA E LETTERATURA RELIGIOSA,CAS 4区
Rivista Internazionale di Filosofia e Psicologia,CAS 4区
Rivista Italiana delle Sostanze Grasse,CAS 4区
Rivista Italiana di Filosofia del Linguaggio,CAS 4区
RIVISTA ITALIANA DI MUSICOLOGIA,CAS 3区
RIVISTA ITALIANA DI PALEONTOLOGIA E STRATIGRAFIA,CAS 3区
Ri Vista-Ricerche per la Progettazione del Paesaggio,CAS 4区
Rivista Storica Dell Antichita,CAS 4区
RIVISTA STORICA ITALIANA,CAS 3区
R Journal,CAS 4区
RLA-Revista de Linguistica Teorica y Aplicada,SSCI/SCI/AHCI
RLC-REVUE DE LITTERATURE COMPAREE,CAS 4区
RMD Open,CAS 2区 Top
RMS-Research in Mathematics & Statistics,CAS 4区
RNA,CAS 3区
RNA Biology,CAS 3区
Road Materials and Pavement Design,CAS 3区
Roads and Bridges-Drogi i Mosty,CAS 4区
ROBOMECH Journal,CAS 4区
ROBOTICA,CAS 4区
Robotic Intelligence and Automation,CAS 4区
Robotics,CAS 4区
ROBOTICS AND AUTONOMOUS SYSTEMS,CAS 2区
ROBOTICS AND COMPUTER-INTEGRATED MANUFACTURING,CAS 1区 Top
Rock and Soil Mechanics,CAS 2区
Rock Art Research,CAS 1区 Top
ROCK MECHANICS AND ROCK ENGINEERING,CAS 1区 Top
Rock Mechanics Bulletin,CAS 4区
ROCKY MOUNTAIN JOURNAL OF MATHEMATICS,CAS 4区
Roczniki Humanistyczne,CAS 4区
Rocznik Ochrona Srodowiska,CAS 4区
Roeper Review-A Journal on Gifted Education,CAS 3区
ROFO-FORTSCHRITTE AUF DEM GEBIET DER RONTGENSTRAHLEN UND DER BILDGEBENDEN VERFAHREN,CAS 4区
ROMANCE NOTES,CAS 4区
ROMANCE PHILOLOGY,CAS 4区
ROMANCE QUARTERLY,CAS 3区
Romance Studies,CAS 4区
Romanian Agricultural Research,CAS 4区
Romanian Astronomical Journal,CAS 4区
Romanian Journal of Acoustics and Vibration,CAS 4区
Romanian Journal of Communication and Public Relations,CAS 4区
Romanian Journal of Economic Forecasting,CAS 4区
Romanian Journal of European Affairs,CAS 4区
Romanian Journal of Information Science and Technology,CAS 4区
Romanian Journal of Information Technology and Automatic Control-Revista Romana de Informatica si Automatica,CAS 4区
Romanian Journal of Internal Medicine,CAS 4区
Romanian Journal of Military Medicine,CAS 4区
Romanian Journal of Morphology and Embryology,CAS 4区
Romanian Journal of Oral Rehabilitation,CAS 4区
Romanian Journal of Physics,CAS 4区
Romanian Journal of Political Science,CAS 4区
Romanian Journal of Transport Infrastructure,CAS 4区
Romanian Reports in Physics,CAS 4区
Romanian Statistical Review,CAS 4区
Romanica Olomucensia,CAS 4区
Romanic Review,CAS 4区
ROMANISCHE FORSCHUNGEN,CAS 4区
ROMANISTISCHE ZEITSCHRIFT FUR LITERATURGESCHICHTE-CAHIERS D HISTOIRE DES LITTERATURES ROMANES,CAS 4区
Romani Studies,SSCI/SCI/AHCI
Romanticism,CAS 2区
ROMANTISME,CAS 4区
Romische Quartalschrift fur Christliche Altertumskunde und Kirchengeschichte,CAS 3区
Rorschachiana,Indexed
Rosa dos Ventos-Turismo e Hospitalidade,CAS 4区
Rossiiskaya Arkheologiya,CAS 4区
Rossiiskaya Istoriya,CAS 4区
Rossiiskii Zhurnal Menedzhmenta-Russian Management Journal,CAS 4区
Royal Society Open Science,CAS 3区
RqR Enfermeria Comunitaria,CAS 4区
RSC Advances,CAS 3区
RSC Chemical Biology,CAS 4区
RSC Medicinal Chemistry,CAS 3区
RSC Sustainability,Indexed
RSF-The Russell Sage Journal of the Social Sciences,CAS 2区 Top
RTH-Research Trends in Humanities Education & Philosophy,CAS 4区
RUBBER CHEMISTRY AND TECHNOLOGY,CAS 4区
Ruch Prawniczy Ekonomiczny i Socjologiczny,Indexed
Rudarsko-Geolosko-Naftni Zbornik,CAS 4区
Rudn Journal of Russian History,CAS 4区
RUDN Journal of Sociology-Vestnik Rossiiskogo Universiteta Druzhby Narodov Seriya Sotsiologiya,CAS 4区
Rukopysna ta Knyzhkova Spadshchyna Ukrainy-Manuscript and Book Heritage of Ukraine,CAS 4区
Ruminants,Indexed
Rupkatha Journal on Interdisciplinary Studies in Humanities,CAS 4区
Rural and Remote Health,SSCI/SCIE/SCI
Rural Extension and Innovation Systems Journal,CAS 4区
Rural History-Economy Society Culture,SSCI/SCI/AHCI
Rural Society,CAS 4区
RURAL SOCIOLOGY,CAS 3区
Rural Special Education Quarterly,CAS 4区
Rural Theology-International Ecumencial and Interdisciplinary Perspectives,CAS 3区
RUSI Journal,CAS 4区
Rusin,CAS 3区
RUSSELL-THE JOURNAL OF THE BERTRAND RUSSELL STUDIES,CAS 3区
RUSSIAN CHEMICAL BULLETIN,CAS 3区
RUSSIAN CHEMICAL REVIEWS,CAS 2区
Russian Geology and Geophysics,CAS 4区
RUSSIAN HISTORY-HISTOIRE RUSSE,CAS 4区
RUSSIAN JOURNAL OF APPLIED CHEMISTRY,CAS 4区
Russian Journal of Biological Invasions,CAS 4区
RUSSIAN JOURNAL OF BIOORGANIC CHEMISTRY,CAS 4区
Russian Journal of Building Construction and Architecture,CAS 4区
RUSSIAN JOURNAL OF COORDINATION CHEMISTRY,CAS 4区
Russian Journal of Criminology,CAS 4区
Russian Journal of Developmental Biology,CAS 4区
Russian Journal of Earth Sciences,CAS 4区
RUSSIAN JOURNAL OF ECOLOGY,CAS 4区
RUSSIAN JOURNAL OF ELECTROCHEMISTRY,CAS 4区
RUSSIAN JOURNAL OF GENERAL CHEMISTRY,CAS 4区
RUSSIAN JOURNAL OF GENETICS,CAS 4区
RUSSIAN JOURNAL OF HERPETOLOGY,CAS 4区
RUSSIAN JOURNAL OF INORGANIC CHEMISTRY,CAS 4区
Russian Journal of Linguistics,CAS 1区 Top
Russian Journal of Marine Biology,CAS 4区
RUSSIAN JOURNAL OF MATHEMATICAL PHYSICS,CAS 2区
RUSSIAN JOURNAL OF NEMATOLOGY,CAS 4区
RUSSIAN JOURNAL OF NONDESTRUCTIVE TESTING,CAS 4区
Russian Journal of Non-Ferrous Metals,CAS 4区
RUSSIAN JOURNAL OF NUMERICAL ANALYSIS AND MATHEMATICAL MODELLING,CAS 4区
RUSSIAN JOURNAL OF ORGANIC CHEMISTRY,CAS 4区
Russian Journal of Pacific Geology,CAS 4区
Russian Journal of Physical Chemistry A,CAS 4区
Russian Journal of Physical Chemistry B,CAS 4区
RUSSIAN JOURNAL OF PLANT PHYSIOLOGY,CAS 4区
RUSSIAN JOURNAL OF THERIOLOGY,CAS 4区
Russian Journal of Vietnamese Studies-Vyetnamskiye issledovaniya,CAS 4区
RUSSIAN LINGUISTICS,CAS 2区
RUSSIAN LITERATURE,CAS 3区
RUSSIAN MATHEMATICAL SURVEYS,CAS 3区
Russian Mathematics,CAS 4区
RUSSIAN METALLURGY,CAS 4区
Russian Meteorology and Hydrology,CAS 4区
RUSSIAN MUSICOLOGY,Indexed
Russian Open Medical Journal,CAS 4区
Russian Physics Journal,CAS 4区
Russian Politics,CAS 3区
RUSSIAN REVIEW,CAS 2区
RUSSKAIA LITERATURA,CAS 4区
Rutgers University Law Review,CAS 4区
SaberEs,CAS 4区
SABRAO Journal of Breeding and Genetics,CAS 4区
SADHANA-ACADEMY PROCEEDINGS IN ENGINEERING SCIENCES,CAS 4区
SAECULUM,CAS 4区
SAE International Journal of Aerospace,CAS 4区
SAE International Journal of Commercial Vehicles,CAS 4区
SAE International Journal of Connected and Automated Vehicles,Indexed
SAE International Journal of Electrified Vehicles,CAS 4区
SAE International Journal of Engines,CAS 4区
SAE International Journal of Fuels and Lubricants,CAS 4区
SAE International Journal of Materials and Manufacturing,CAS 4区
SAE International Journal of Passenger Vehicle Systems,CAS 4区
SAE International Journal of Transportation Safety,CAS 4区
SAE International Journal of Vehicle Dynamics Stability and NVH,CAS 2区
Safer Communities,CAS 4区
Safety,CAS 4区
Safety and Health at Work,SSCI/SCIE/SCI
SAFETY SCIENCE,CAS 2区 Top
Safundi,CAS 4区
SAGE Open,CAS 4区
SAGE OPEN AGING,Indexed
SAGE Open Medical Case Reports,CAS 4区
SAGE Open Medicine,CAS 4区
SAGE Open Nursing,CAS 3区
SAGE OPEN PATHOLOGY,Indexed
SAGE OPEN PEDIATRICS,Indexed
Saggiatore Musicale,CAS 3区
SAGVNTVM-Papeles del Laboratorio de Arqueologia de Valencia,CAS 4区
Sahand Communications in Mathematical Analysis,CAS 4区
Sahara J-Journal of Social Aspects of HIV-AIDS,CAS 4区
SAIEE Africa Research Journal,CAS 4区
Sains Malaysiana,CAS 4区
SAINS TANAH,CAS 4区
SAJOG-South African Journal of Obstetrics and Gynaecology,CAS 4区
SA Journal of Human Resource Management,CAS 4区
SA Journal of Industrial Psychology,CAS 4区
SA Journal of Radiology,CAS 4区
Sakarya Universitesi Ilahiyat Fakultesi Dergisi-Journal of Sakarya University Faculty of Theology,CAS 4区
SALAMANDRA,CAS 4区
Sala Preta,CAS 4区
SALMAGUNDI-A QUARTERLY OF THE HUMANITIES AND SOCIAL SCIENCES,CAS 4区
Salmand-Iranian Journal of Ageing,CAS 4区
Salud Arte y Cuidado,CAS 4区
Salud Colectiva,CAS 4区
SALUD MENTAL,CAS 4区
SALUD PUBLICA DE MEXICO,CAS 4区
Salus Journal,CAS 4区
SAMJ SOUTH AFRICAN MEDICAL JOURNAL,CAS 4区
SAMPE JOURNAL,CAS 4区
Sampling Theory Signal Processing and Data Analysis,Indexed
Samuel Beckett Today/Aujourd'hui,CAS 3区
Sanat Tarihi Dergisi-Journal of Art History,CAS 4区
Sankhya-Series A-Mathematical Statistics and Probability,CAS 4区
Sankhya-Series B-Applied and Interdisciplinary Statistics,CAS 4区
Santander Estudios de Patrimonio,Indexed
Sante Mentale au Quebec,CAS 4区
Sante Publique,CAS 4区
Sao Paulo Journal of Mathematical Sciences,CAS 4区
Sao Paulo Medical Journal,CAS 4区
SA Pharmaceutical Journal,CAS 4区
SAR AND QSAR IN ENVIRONMENTAL RESEARCH,CAS 3区
SARCOIDOSIS VASCULITIS AND DIFFUSE LUNG DISEASES,CAS 4区
SARE-Southeast Asian Review of English,CAS 4区
Sartre Studies International,CAS 3区
Satellite Navigation,CAS 1区 Top
Saude e Sociedade,CAS 4区
Saudi Dental Journal,CAS 4区
Saudi Journal of Anaesthesia,CAS 4区
Saudi Journal of Gastroenterology,CAS 4区
Saudi Journal of Kidney Diseases and Transplantation,CAS 4区
Saudi Journal of Medicine & Medical Sciences,CAS 4区
Saudi Journal of Ophthalmology,CAS 4区
SAUDI MEDICAL JOURNAL,CAS 4区
SAUDI PHARMACEUTICAL JOURNAL,CAS 3区
SBORNIK MATHEMATICS,CAS 3区
Scalable Computing-Practice and Experience,CAS 4区
Scandia,SSCI/SCI/AHCI
Scandinavian Actuarial Journal,SSCI/SCIE/SCI
SCANDINAVIAN CARDIOVASCULAR JOURNAL,CAS 4区
SCANDINAVIAN ECONOMIC HISTORY REVIEW,CAS 4区
SCANDINAVIAN JOURNAL OF CARING SCIENCES,CAS 4区
Scandinavian Journal of Child and Adolescent Psychiatry and Psychology,CAS 4区
SCANDINAVIAN JOURNAL OF CLINICAL & LABORATORY INVESTIGATION,CAS 4区
Scandinavian Journal of Disability Research,CAS 2区
SCANDINAVIAN JOURNAL OF ECONOMICS,CAS 3区
Scandinavian Journal of Educational Research,CAS 3区
Scandinavian Journal of Forensic Science,CAS 3区
SCANDINAVIAN JOURNAL OF FOREST RESEARCH,CAS 3区
SCANDINAVIAN JOURNAL OF GASTROENTEROLOGY,CAS 4区
SCANDINAVIAN JOURNAL OF HISTORY,CAS 2区
Scandinavian Journal of Hospitality and Tourism,CAS 3区
SCANDINAVIAN JOURNAL OF IMMUNOLOGY,CAS 4区
SCANDINAVIAN JOURNAL OF LABORATORY ANIMAL SCIENCE,CAS 4区
Scandinavian Journal of Management,CAS 4区
SCANDINAVIAN JOURNAL OF MEDICINE & SCIENCE IN SPORTS,CAS 2区 Top
Scandinavian Journal of Occupational Therapy,SSCI/SCIE/SCI
Scandinavian Journal of Pain,CAS 4区
SCANDINAVIAN JOURNAL OF PRIMARY HEALTH CARE,CAS 3区
SCANDINAVIAN JOURNAL OF PSYCHOLOGY,CAS 3区
SCANDINAVIAN JOURNAL OF PUBLIC HEALTH,SSCI/SCIE/SCI
SCANDINAVIAN JOURNAL OF RHEUMATOLOGY,CAS 4区
SCANDINAVIAN JOURNAL OF STATISTICS,CAS 4区
Scandinavian Journal of Surgery,CAS 3区
Scandinavian Journal of the Old Testament,CAS 4区
Scandinavian Journal of Trauma Resuscitation & Emergency Medicine,CAS 2区
Scandinavian Journal of Urology,CAS 4区
SCANDINAVIAN JOURNAL OF WORK ENVIRONMENT & HEALTH,SSCI/SCIE/SCI
SCANDINAVIAN POLITICAL STUDIES,CAS 2区
SCANDINAVIAN STUDIES,CAS 3区
SCANDINAVICA,CAS 3区
Scando-Slavica,CAS 3区
Schizophrenia,CAS 2区
SCHIZOPHRENIA BULLETIN,SSCI/SCIE/SCI
Schizophrenia Bulletin Open,Indexed
Schizophrenia Research,SSCI/SCIE/SCI
Schizophrenia Research-Cognition,CAS 3区
SCHMERZ,CAS 4区
Schole-Filosofskoe Antikovedenie i Klassicheskaya Traditsiya-Schole-Ancient Philosophy and the Classical Tradition,CAS 4区
SCHOOL EFFECTIVENESS AND SCHOOL IMPROVEMENT,CAS 3区
School Leadership & Management,CAS 2区
School Mental Health,CAS 3区
School Psychology,CAS 2区
SCHOOL PSYCHOLOGY INTERNATIONAL,CAS 4区
SCHOOL PSYCHOLOGY REVIEW,CAS 2区
School Science and Mathematics,CAS 4区
Schools-Studies in Education,CAS 4区
SCHWEIZER ARCHIV FUR TIERHEILKUNDE,CAS 4区
SCHWEIZERISCHES ARCHIV FUR VOLKSKUNDE,CAS 4区
SCIENCE,CAS 1区 Top
Science Activities-Projects and Curriculum Ideas in STEM Classrooms,CAS 4区
Science Advances,CAS 1区 Top
SCIENCE AND ENGINEERING ETHICS,SSCI/SCIE/SCI
SCIENCE AND ENGINEERING OF COMPOSITE MATERIALS,CAS 4区
Science and Innovation,CAS 4区
Science and Medicine in Football,CAS 2区
Science and Public Policy,CAS 4区
Science and Technology for Energy Transition,CAS 4区
Science and Technology for the Built Environment,CAS 4区
SCIENCE AND TECHNOLOGY OF ADVANCED MATERIALS,CAS 3区
Science and Technology of Advanced Materials-Methods,Indexed
Science and Technology of Archaeological Research,CAS 3区
Science and Technology of Energetic Materials,CAS 4区
Science and Technology of Nuclear Installations,CAS 4区
SCIENCE AND TECHNOLOGY OF WELDING AND JOINING,CAS 3区
Science and Technology Studies,CAS 3区
SCIENCE AS CULTURE,SSCI/SCI/AHCI
SCIENCEASIA,CAS 4区
Science Bulletin,CAS 1区 Top
Science China-Chemistry,CAS 1区 Top
Science China-Earth Sciences,CAS 1区 Top
Science China-Information Sciences,CAS 1区 Top
Science China-Life Sciences,CAS 1区 Top
Science China-Materials,CAS 1区 Top
Science China-Mathematics,CAS 1区 Top
Science China-Physics Mechanics & Astronomy,CAS 1区 Top
Science China-Technological Sciences,CAS 1区 Top
SCIENCE COMMUNICATION,CAS 1区 Top
Science Diliman,CAS 4区
Science Editing,CAS 3区
Science & Education,SSCI/SCIE/SCI/AHCI
Science Fiction Film and Television,CAS 4区
SCIENCE-FICTION STUDIES,CAS 4区
Science & Global Security,CAS 4区
Science Immunology,CAS 1区 Top
SCIENCE IN CONTEXT,SSCI/SCIE/SCI/AHCI
SCIENCE & JUSTICE,CAS 4区
SCIENCE OF COMPUTER PROGRAMMING,CAS 4区
Science of Diabetes Self-Management and Care,SSCI/SCIE/SCI
Science of Gymnastics Journal,CAS 4区
Science of Nature,CAS 3区
Science of Remote Sensing,CAS 2区
SCIENCE OF SINTERING,CAS 4区
Science of The Total Environment,CAS 2区 Top
SCIENCE PROGRESS,CAS 4区
Science Robotics,CAS 1区 Top
Science Signaling,CAS 1区 Top
SCIENCE & SOCIETY,CAS 3区
SCIENCE & SPORTS,CAS 4区
SCIENCES SOCIALES ET SANTE,CAS 4区
Science & Technique,CAS 4区
Science Technology and Society,CAS 4区
SCIENCE TECHNOLOGY & HUMAN VALUES,CAS 3区
Science Translational Medicine,CAS 1区 Top
SCIENTIA AGRICOLA,CAS 3区
Scientia Agropecuaria,CAS 4区
Scientia et Fides,CAS 2区
Scientia Forestalis,CAS 4区
SCIENTIA HORTICULTURAE,CAS 2区
Scientia Iranica,CAS 4区
SCIENTIA MARINA,CAS 4区
Scientia Medica,CAS 4区
SCIENTIA PHARMACEUTICA,CAS 4区
Scientia Sinica-Physica Mechanica & Astronomica,CAS 3区
Scientifica,CAS 3区
Scientific African,CAS 3区
SCIENTIFIC AMERICAN,CAS 4区
Scientific and Technical Information Processing,CAS 4区
Scientific Annals of Computer Science,CAS 4区
Scientific Annals of Economics and Business,CAS 4区
Scientific Chronicles,CAS 4区
Scientific Data,CAS 2区
Scientific Drilling,CAS 4区
Scientific Journal of Silesian University of Technology-Series Transport,CAS 4区
Scientific Journals of the Maritime University of Szczecin-Zeszyty Naukowe Akademii Morskiej w Szczecinie,CAS 4区
Scientific Papers of the University of Pardubice-Series D-Faculty of Economics and Administration,CAS 4区
Scientific Papers-Series A-Agronomy,CAS 4区
Scientific Papers-Series B-Horticulture,CAS 4区
Scientific Papers-Series D-Animal Science,CAS 4区
Scientific Papers-Series E-Land Reclamation Earth Observation & Surveying Environmental Engineering,CAS 4区
Scientific Papers-Series Management Economic Engineering in Agriculture and Rural Development,CAS 4区
Scientific Reports,CAS 3区
SCIENTIFIC STUDIES OF READING,CAS 2区
Scientific Study and Research-Chemistry and Chemical Engineering Biotechnology Food Industry,CAS 4区
SCIENTOMETRICS,SSCI/SCIE/SCI
Scienza & Politica-Per una Storia delle Dottrine,CAS 4区
SciPost Physics,CAS 2区
SciPost Physics Core,CAS 2区
Scire-Representacion y Organizacion del Conocimiento,CAS 4区
SCIRES-IT-SCIentific RESearch and Information Technology,CAS 2区
SCM Studies in Communication and Media,CAS 4区
Scottish Affairs,CAS 4区
Scottish Archaeological Journal,CAS 4区
SCOTTISH GEOGRAPHICAL JOURNAL,CAS 4区
SCOTTISH HISTORICAL REVIEW,SSCI/SCI/AHCI
SCOTTISH JOURNAL OF GEOLOGY,CAS 4区
SCOTTISH JOURNAL OF POLITICAL ECONOMY,CAS 4区
SCOTTISH JOURNAL OF THEOLOGY,CAS 3区
Scottish Literary Review,CAS 3区
SCOTTISH MEDICAL JOURNAL,CAS 4区
SCREEN,CAS 2区
SCRIBLERIAN AND THE KIT-CATS,Indexed
Scripta,Indexed
SCRIPTA MATERIALIA,CAS 2区
Scripta Nova-Revista Electronica de Geografia y Ciencias Sociales,CAS 4区
Scripta-Revista Internacional de Literatura i Cultura Medieval i Moderna-International Journal of Medieval & Modern Literature & Culture,CAS 4区
Scripta Theologica,CAS 2区
Scriptura-International Journal of Bible Religion and Theology in Southern Africa,CAS 4区
Scrutiny2-Issues in English Studies in Southern Africa,CAS 4区
Sculpture Journal,CAS 2区
SCULPTURE MONUMENTS AND OPEN SPACE,Indexed
SCULPTURE REVIEW,CAS 4区
SEARCH-Journal of Media and Communication Research,CAS 3区
SEA TECHNOLOGY,CAS 4区
SECOND LANGUAGE RESEARCH,CAS 2区 Top
Secularism & Nonreligion,CAS 1区 Top
Secular Studies,CAS 4区
SECURITIES REGULATION LAW JOURNAL,CAS 4区
Security and Human Rights,CAS 4区
Security and Privacy,CAS 4区
SECURITY DIALOGUE,CAS 1区 Top
Security Journal,CAS 4区
SECURITY STUDIES,CAS 1区 Top
SEDERI-Yearbook of the Spanish and Portuguese Society for English Renaissance Studies,CAS 3区
SEDIMENTARY GEOLOGY,CAS 3区
SEDIMENTOLOGY,CAS 2区
Seed Biology,Indexed
SEED SCIENCE AND TECHNOLOGY,CAS 3区
SEED SCIENCE RESEARCH,CAS 3区
SEEFOR-South-East European Forestry,CAS 4区
SEFARAD,CAS 4区
Seismic Instruments,CAS 4区
SEISMOLOGICAL RESEARCH LETTERS,CAS 3区
Seizieme Siecle,CAS 4区
SEIZURE-EUROPEAN JOURNAL OF EPILEPSY,CAS 3区
Selcuk Universitesi Edebiyat Fakultesi Dergisi-Selcuk University Journal of Faculty of Letters,CAS 4区
Selcuk Universitesi Turkiyat Arastirmalari Dergisi-Selcuk University Journal of Studies in Turcology,CAS 4区
Selecta Mathematica-New Series,CAS 2区 Top
Self and Identity,CAS 4区
Semantics & Pragmatics,CAS 1区 Top
Semantic Web,CAS 3区
Semiconductor Physics Quantum Electronics & Optoelectronics,CAS 4区
SEMICONDUCTORS,CAS 4区
SEMICONDUCTOR SCIENCE AND TECHNOLOGY,CAS 4区
SEMIGROUP FORUM,CAS 3区
Semina-Ciencias Agrarias,CAS 4区
SEMINAR-A JOURNAL OF GERMANIC STUDIES,CAS 4区
SEMINARS IN ARTHRITIS AND RHEUMATISM,CAS 2区 Top
SEMINARS IN CANCER BIOLOGY,CAS 2区 Top
Seminars in Cardiothoracic and Vascular Anesthesia,CAS 4区
SEMINARS IN CELL & DEVELOPMENTAL BIOLOGY,CAS 2区 Top
Seminars in Colon and Rectal Surgery,CAS 4区
SEMINARS IN DIAGNOSTIC PATHOLOGY,CAS 3区
SEMINARS IN DIALYSIS,CAS 4区
Seminars in Fetal & Neonatal Medicine,CAS 3区
SEMINARS IN HEMATOLOGY,CAS 2区
SEMINARS IN IMMUNOLOGY,CAS 2区
Seminars in Immunopathology,CAS 1区 Top
SEMINARS IN INTERVENTIONAL RADIOLOGY,CAS 4区
SEMINARS IN LIVER DISEASE,CAS 3区
SEMINARS IN MUSCULOSKELETAL RADIOLOGY,CAS 4区
SEMINARS IN NEPHROLOGY,CAS 3区
SEMINARS IN NEUROLOGY,CAS 4区
SEMINARS IN NUCLEAR MEDICINE,CAS 2区
SEMINARS IN ONCOLOGY,CAS 4区
Seminars in Oncology Nursing,SSCI/SCIE/SCI
Seminars in Ophthalmology,CAS 4区
Seminars in Orthodontics,CAS 4区
Seminars in Pediatric Neurology,CAS 3区
Seminars in Pediatric Surgery,CAS 4区
SEMINARS IN PERINATOLOGY,CAS 2区
Seminars in Plastic Surgery,CAS 4区
SEMINARS IN RADIATION ONCOLOGY,CAS 3区
SEMINARS IN REPRODUCTIVE MEDICINE,CAS 4区
SEMINARS IN RESPIRATORY AND CRITICAL CARE MEDICINE,CAS 4区
SEMINARS IN ROENTGENOLOGY,CAS 4区
SEMINARS IN SPEECH AND LANGUAGE,CAS 4区
Seminars in Thoracic and Cardiovascular Surgery,CAS 3区
SEMINARS IN THROMBOSIS AND HEMOSTASIS,CAS 3区
SEMINARS IN ULTRASOUND CT AND MRI,CAS 4区
Seminars in Vascular Surgery,CAS 2区
SEMIOTICA,SSCI/SCI/AHCI
Sendebar-Revista de Traduccion e Interpretacion,CAS 3区
SEN-I GAKKAISHI,CAS 4区
Senses & Society,CAS 3区
Sensing and Bio-Sensing Research,CAS 2区
Sensing and Imaging,CAS 4区
Sensor Review,CAS 4区
SENSORS,CAS 3区
SENSORS AND ACTUATORS A-PHYSICAL,CAS 3区
SENSORS AND ACTUATORS B-CHEMICAL,CAS 1区 Top
Sensors and Actuators Reports,CAS 2区
SENSORS AND MATERIALS,CAS 4区
Sensors & Diagnostics,CAS 3区
Seoul Journal of Economics,CAS 4区
Seoul Journal of Korean Studies,CAS 4区
SEPARATION AND PURIFICATION REVIEWS,CAS 2区
SEPARATION AND PURIFICATION TECHNOLOGY,CAS 2区 Top
Separations,CAS 3区
SEPARATION SCIENCE AND TECHNOLOGY,CAS 4区
Separation Science Plus,CAS 4区
Sequential Analysis-Design Methods and Applications,CAS 4区
Serbian Astronomical Journal,CAS 4区
Serbian Journal of Management,CAS 4区
SERIALS REVIEW,CAS 4区
Series-Journal of the Spanish Economic Association,CAS 4区
Service Business,CAS 3区
SERVICE INDUSTRIES JOURNAL,CAS 2区
Service Oriented Computing and Applications,CAS 4区
Service Science,CAS 4区
Services Marketing Quarterly,Indexed
Settler Colonial Studies,CAS 4区
Set-Valued and Variational Analysis,CAS 3区
SEVENTEENTH CENTURY,CAS 3区
SEWANEE REVIEW,CAS 4区
Sex Education-Sexuality Society and Learning,CAS 4区
Sexes,CAS 4区
Sexologies,Indexed
SEX ROLES,CAS 2区 Top
SEXUAL ABUSE-A JOURNAL OF RESEARCH AND TREATMENT,CAS 2区
SEXUAL AND GENDER DIVERSITY IN SOCIAL SERVICES,Indexed
Sexual and Relationship Therapy,CAS 4区
Sexual and Reproductive Health Matters,CAS 2区
Sexual Development,CAS 4区
Sexual Health,SSCI/SCIE/SCI
Sexual Health & Compulsivity,CAS 4区
Sexualities,CAS 3区
SEXUALITY AND DISABILITY,CAS 4区
Sexuality & Culture-An Interdisciplinary Journal,CAS 4区
Sexuality Research and Social Policy,CAS 2区
SEXUALLY TRANSMITTED DISEASES,CAS 4区
SEXUALLY TRANSMITTED INFECTIONS,CAS 3区
Sexual Medicine,CAS 3区
Sexual Medicine Reviews,CAS 2区
Sexual & Reproductive Healthcare,CAS 4区
S&F-Scienzaefilosofia it,CAS 4区
Sguardo-Rivista di Filosofia,CAS 4区
Shakespeare,CAS 3区
SHAKESPEARE QUARTERLY,CAS 2区
Shape Memory and Superelasticity,CAS 3区
Shaw-The Journal of Bernard Shaw Studies,CAS 4区
She Ji-The Journal of Design Economics and Innovation,CAS 2区
SHENANDOAH,CAS 4区
SHILAP-REVISTA DE LEPIDOPTEROLOGIA,CAS 4区
Shima-The International Journal of Research into Island Cultures,CAS 4区
Ships and Offshore Structures,CAS 4区
Ship Technology Research,CAS 4区
SHOCK,CAS 3区
SHOCK AND VIBRATION,CAS 4区
SHOCK WAVES,CAS 4区
Shofar-An Interdisciplinary Journal of Jewish Studies,CAS 3区
Short Film Studies,CAS 4区
Shoulder & Elbow,CAS 4区
SIAM-ASA Journal on Uncertainty Quantification,CAS 3区
SIAM Journal on Applied Algebra and Geometry,CAS 2区
SIAM JOURNAL ON APPLIED DYNAMICAL SYSTEMS,CAS 4区
SIAM JOURNAL ON APPLIED MATHEMATICS,CAS 4区
SIAM JOURNAL ON COMPUTING,CAS 3区
SIAM JOURNAL ON CONTROL AND OPTIMIZATION,CAS 2区
SIAM JOURNAL ON DISCRETE MATHEMATICS,CAS 2区
SIAM Journal on Financial Mathematics,SSCI/SCIE/SCI
SIAM Journal on Imaging Sciences,CAS 3区
SIAM JOURNAL ON MATHEMATICAL ANALYSIS,CAS 1区 Top
SIAM Journal on Mathematics of Data Science,CAS 3区
SIAM JOURNAL ON MATRIX ANALYSIS AND APPLICATIONS,CAS 2区
SIAM JOURNAL ON NUMERICAL ANALYSIS,CAS 1区 Top
SIAM JOURNAL ON OPTIMIZATION,CAS 2区 Top
SIAM JOURNAL ON SCIENTIFIC COMPUTING,CAS 2区 Top
SIAM REVIEW,CAS 1区 Top
Siberian Electronic Mathematical Reports-Sibirskie Elektronnye Matematicheskie Izvestiya,CAS 4区
Siberian Historical Research-Sibirskie Istoricheskie Issledovaniya,CAS 4区
SIBERIAN MATHEMATICAL JOURNAL,CAS 4区
Sibirica-Interdisciplinary journal of Siberian Studies,CAS 4区
Sibirskii Filologicheskii Zhurnal,CAS 3区
Sibirskiy Psikhologicheskiy Zhurnal-Siberian Journal of Psychology,CAS 4区
Sic-A Journal of Literature Culture and Literary Translation,CAS 4区
SICE Journal of Control Measurement and System Integration,Indexed
SICOT-J,CAS 4区
SIGHT AND SOUND,CAS 4区
Sigmae,CAS 4区
Sigma Journal of Engineering and Natural Sciences-Sigma Muhendislik ve Fen Bilimleri Dergisi,CAS 4区
SIGMOD RECORD,CAS 4区
Signal Image and Video Processing,CAS 4区
SIGNAL PROCESSING,CAS 2区
SIGNAL PROCESSING-IMAGE COMMUNICATION,CAS 3区
Signals,Indexed
Signal Transduction and Targeted Therapy,CAS 1区 Top
Signa-Revista de la Asociacion Espanola de Semiotica,CAS 4区
Signa Vitae,CAS 4区
Sign Language & Linguistics,CAS 4区
Sign Language Studies,CAS 4区
Signo y Sena-Revista del Instituto de Linguistica,CAS 4区
SIGNS,CAS 2区
Signs and Society,SSCI/SCI/AHCI
Sign Systems Studies,CAS 4区
Sikh Formations-Religion Culture Theory,CAS 4区
Silicon,CAS 3区
SILVAE GENETICA,CAS 4区
SILVA FENNICA,CAS 4区
Simbiotica,CAS 4区
SIMIOLUS-NETHERLANDS QUARTERLY FOR THE HISTORY OF ART,CAS 4区
Simplegadi,CAS 4区
SIMULATION & GAMING,CAS 4区
Simulation in Healthcare-Journal of the Society for Simulation in Healthcare,CAS 4区
SIMULATION MODELLING PRACTICE AND THEORY,CAS 3区
SIMULATION-TRANSACTIONS OF THE SOCIETY FOR MODELING AND SIMULATION INTERNATIONAL,CAS 4区
SINGAPORE ECONOMIC REVIEW,CAS 4区
SINGAPORE JOURNAL OF TROPICAL GEOGRAPHY,CAS 3区
SINGAPORE MEDICAL JOURNAL,CAS 4区
SINN UND FORM,CAS 4区
Sino-Christian Studies,CAS 4区
Sintagma,SSCI/SCI/AHCI
Sirnak University Journal of Divinity Faculty,CAS 4区
Si Somos Americanos-Revista de Estudios Transfronterizos,CAS 4区
Sistemas & Gestao,CAS 4区
SisyphusJournal of Education,Indexed
SituArte,CAS 4区
SIXTEENTH CENTURY JOURNAL,CAS 3区
SIYASAL-Journal of Political Sciences,CAS 4区
Skandinavskaya Filologiya,CAS 4区
SKASE Journal of Theoretical Linguistics,CAS 4区
Skeletal Muscle,CAS 2区
SKELETAL RADIOLOGY,CAS 4区
Skhidnoievropeiskyi Istorychnyi Visnyk-East European Historical Bulletin,CAS 3区
Skin Appendage Disorders,CAS 4区
SKIN PHARMACOLOGY AND PHYSIOLOGY,CAS 4区
SKIN RESEARCH AND TECHNOLOGY,CAS 4区
SLAS Discovery,CAS 4区
SLAS Technology,CAS 4区
Slavery & Abolition,CAS 1区 Top
Slavia-Casopis pro Slovanskou Filologii,CAS 4区
Slavia Meridionalis,CAS 4区
SLAVIC AND EAST EUROPEAN JOURNAL,CAS 4区
Slavica TerGestina,CAS 4区
Slavic Literatures,Indexed
SLAVIC REVIEW,SSCI/SCI/AHCI
SLAVONICA,CAS 4区
SLAVONIC AND EAST EUROPEAN REVIEW,CAS 3区
SLEEP,CAS 2区
Sleep and Biological Rhythms,CAS 4区
Sleep and Breathing,CAS 4区
Sleep Health,CAS 2区
SLEEP MEDICINE,CAS 2区
Sleep Medicine Clinics,CAS 3区
SLEEP MEDICINE REVIEWS,CAS 1区 Top
Sleep Science,CAS 4区
Slovak Journal of Civil Engineering,CAS 4区
Slovene-International Journal of Slavic Studies,CAS 4区
SLOVENIAN JOURNAL OF PUBLIC HEALTH,Indexed
Slovenian Veterinary Research,CAS 4区
Slovenska Archeologia,CAS 4区
Slovenska Literatura,CAS 4区
Slovensky Narodopis-Slovak Ethnology,CAS 4区
Slovo,CAS 4区
Slovo a Slovesnost,SSCI/SCI/AHCI
Small,CAS 2区 Top
Small Axe,CAS 3区
SMALL BUSINESS ECONOMICS,CAS 1区 Top
Small Enterprise Research,CAS 4区
SMALL GROUP RESEARCH,CAS 3区
Small Methods,CAS 2区
SMALL RUMINANT RESEARCH,CAS 3区
Small-Scale Forestry,CAS 3区
Small Science,CAS 2区
Small Structures,CAS 2区
Small Wars and Insurgencies,CAS 3区
Smart Agricultural Technology,CAS 2区
SMART AGRICULTURE,Indexed
Smart and Sustainable Built Environment,CAS 3区
Smart and Sustainable Manufacturing Systems,CAS 4区
Smart Cities,CAS 3区
Smart Energy,CAS 3区
Smart Grids and Sustainable Energy,CAS 4区
SMART-Journal of Business Management Studies,CAS 4区
Smart Learning Environments,CAS 2区
SmartMat,CAS 1区 Top
Smart Materials and Structures,CAS 3区
Smart Medicine,Indexed
SMART MOLECULES,Indexed
Smart Science,CAS 4区
Smart Structures and Systems,CAS 4区
SMITH COLLEGE STUDIES IN SOCIAL WORK,CAS 4区
SN Applied Sciences,CAS 4区
Snippets,CAS 2区
SOBORNOST INCORPORATING EASTERN CHURCHES REVIEW,CAS 4区
SOCAR Proceedings,CAS 4区
Soccer & Society,CAS 4区
SOCIAL ALTERNATIVES,CAS 4区
Social Analysis,CAS 4区
Social and Health Sciences,Indexed
Social and Personality Psychology Compass,CAS 2区
Social Anthropology,CAS 3区
SOCIAL BEHAVIOR AND PERSONALITY,CAS 4区
SOCIAL CHOICE AND WELFARE,CAS 4区
SOCIAL COGNITION,CAS 4区
Social Cognitive and Affective Neuroscience,SSCI/SCIE/SCI
SOCIAL COMPASS,SSCI/SCI/AHCI
SOCIAL & CULTURAL GEOGRAPHY,CAS 2区 Top
Social Currents,CAS 3区
SOCIAL DEVELOPMENT,CAS 3区
Social Dynamics-A Journal of African Studies,CAS 4区
Social Enterprise Journal,CAS 4区
Social Epistemology,SSCI/SCI/AHCI
Social Evolution & History,CAS 4区
SOCIAL FORCES,CAS 1区 Top
SOCIAL HISTORY,CAS 1区 Top
SOCIAL HISTORY OF MEDICINE,SSCI/SCIE/SCI/AHCI
Social Identities,CAS 4区
Social Inclusion,CAS 3区
SOCIAL INDICATORS RESEARCH,CAS 3区
Socialine Teorija Empirija Politika ir Praktika,CAS 4区
Social Influence,CAS 4区
Social Issues and Policy Review,CAS 1区 Top
Socialist Studies,Indexed
Social Justice Research,CAS 3区
SOCIAL & LEGAL STUDIES,CAS 3区
Social Marketing Quarterly,CAS 4区
Social Media + Society,CAS 1区 Top
Social Movement Studies,CAS 1区 Top
Social Network Analysis and Mining,CAS 4区
SOCIAL NETWORKS,CAS 2区
Social Neuroscience,CAS 4区
Social Philosophy and Policy,SSCI/SCI/AHCI
SOCIAL POLICY & ADMINISTRATION,CAS 3区
Social Policy and Society,CAS 2区
SOCIAL POLITICS,CAS 3区
SOCIAL PROBLEMS,CAS 2区 Top
SOCIAL PSYCHIATRY AND PSYCHIATRIC EPIDEMIOLOGY,SSCI/SCIE/SCI
Social Psychological and Personality Science,CAS 2区 Top
Social Psychological Bulletin,Indexed
Social Psychology,CAS 4区
Social Psychology and Society,CAS 4区
Social Psychology of Education,CAS 2区
SOCIAL PSYCHOLOGY QUARTERLY,CAS 2区
SOCIAL RESEARCH,CAS 4区
Social Responsibility Journal,CAS 4区
SOCIAL SCIENCE COMPUTER REVIEW,SSCI/SCIE/SCI
SOCIAL SCIENCE HISTORY,SSCI/SCI/AHCI
SOCIAL SCIENCE INFORMATION SUR LES SCIENCES SOCIALES,CAS 3区
Social Science Japan Journal,CAS 3区
Social Science Journal,CAS 4区
SOCIAL SCIENCE & MEDICINE,SSCI/SCIE/SCI
SOCIAL SCIENCE QUARTERLY,CAS 3区
SOCIAL SCIENCE RESEARCH,CAS 2区 Top
Social Sciences and Missions-Sciences Sociales et Missions,CAS 4区
Social Sciences-Basel,CAS 3区
Social Sciences in China,CAS 4区
Social Semiotics,SSCI/SCI/AHCI
SOCIAL SERVICE REVIEW,CAS 3区
SOCIAL STUDIES OF SCIENCE,SSCI/SCIE/SCI/AHCI
Social Text,CAS 3区
Social Theory & Health,CAS 4区
Social Welfare Interdisciplinary Approach,Indexed
SOCIAL WORK,CAS 3区
SOCIAL WORK EDUCATION,CAS 4区
SOCIAL WORK IN HEALTH CARE,CAS 3区
Social Work in Mental Health,CAS 4区
Social Work in Public Health,CAS 4区
Social Work-Maatskaplike Werk,CAS 4区
SOCIAL WORK RESEARCH,CAS 4区
SOCIAL WORK WITH GROUPS,Indexed
Sociedades Precapitalistas,CAS 4区
SocietaMutamentoPolitica-Rivista Italiana di Sociologia,CAS 4区
SOCIETES,CAS 4区
Societies,CAS 3区
SOCIETY,CAS 4区
Society and Business Review,CAS 4区
Society and Mental Health,CAS 1区 Top
SOCIETY & ANIMALS,SSCI/SCIE/SCI
SOCIETY & NATURAL RESOURCES,CAS 3区
SOCIOBIOLOGY,CAS 4区
SOCIO-ECONOMIC PLANNING SCIENCES,SSCI/SCIE/SCI
Socio-Economic Review,CAS 2区
Sociohistorica-Cuadernos del CISH,CAS 4区
Sociolinguistic Studies,CAS 4区
SOCIOLOGIA,CAS 4区
Sociologia Nauki i Tehnologij-Sociology of Science & Technology,CAS 4区
SOCIOLOGIA RURALIS,CAS 2区
Sociologia y Tecnociencia,CAS 4区
Sociologica-International Journal for Sociological Debate,CAS 4区
SOCIOLOGICAL FORUM,CAS 2区
SOCIOLOGICAL INQUIRY,CAS 3区
Sociological Methodology,CAS 3区
SOCIOLOGICAL METHODS & RESEARCH,CAS 2区 Top
SOCIOLOGICAL PERSPECTIVES,CAS 3区
SOCIOLOGICAL QUARTERLY,CAS 4区
SOCIOLOGICAL RESEARCH ONLINE,CAS 4区
SOCIOLOGICAL REVIEW,CAS 2区
Sociological Science,CAS 1区 Top
SOCIOLOGICAL SPECTRUM,CAS 3区
SOCIOLOGICAL THEORY,CAS 1区 Top
Sociologiceskoe Obozrenie,CAS 4区
SOCIOLOGICKY CASOPIS-CZECH SOCIOLOGICAL REVIEW,CAS 4区
SOCIOLOGIE DU TRAVAIL,CAS 4区
Sociologija,CAS 4区
SOCIOLOGISK FORSKNING,CAS 4区
Sociology Compass,CAS 2区
Sociology Lens,CAS 4区
Sociology of Development,CAS 4区
SOCIOLOGY OF EDUCATION,CAS 1区 Top
SOCIOLOGY OF HEALTH & ILLNESS,CAS 2区
Sociology of Race and Ethnicity,CAS 2区
SOCIOLOGY OF RELIGION,SSCI/SCI/AHCI
SOCIOLOGY OF SPORT JOURNAL,SSCI/SCIE/SCI
SOCIOLOGY-THE JOURNAL OF THE BRITISH SOCIOLOGICAL ASSOCIATION,CAS 2区 Top
Socius,CAS 3区
Sodobna Pedagogika-Journal of Contemporary Educational Studies,CAS 4区
SOFT COMPUTING,CAS 4区
SOFT MATERIALS,CAS 4区
Soft Matter,CAS 3区
Soft Robotics,CAS 2区
Soft Science,Indexed
Software and Systems Modeling,CAS 3区
Software Impacts,CAS 4区
SOFTWARE-PRACTICE & EXPERIENCE,CAS 4区
SOFTWARE QUALITY JOURNAL,CAS 4区
SOFTWARE TESTING VERIFICATION & RELIABILITY,CAS 4区
SoftwareX,CAS 4区
Soil,CAS 2区
Soil and Water Research,CAS 4区
SOIL BIOLOGY & BIOCHEMISTRY,CAS 1区 Top
SOIL DYNAMICS AND EARTHQUAKE ENGINEERING,CAS 2区 Top
Soil Ecology Letters,CAS 2区
Soil & Environment,CAS 4区
Soil Mechanics and Foundation Engineering,CAS 4区
Soil Research,CAS 4区
Soils and Foundations,CAS 2区
Soils and Rocks,CAS 4区
SOIL SCIENCE AND PLANT NUTRITION,CAS 4区
Soil Science Annual,CAS 4区
SOIL SCIENCE SOCIETY OF AMERICA JOURNAL,CAS 3区
SOIL & SEDIMENT CONTAMINATION,CAS 4区
Soil Systems,CAS 3区
SOIL & TILLAGE RESEARCH,CAS 1区 Top
SOIL USE AND MANAGEMENT,CAS 3区
SOJOURN-Journal of Social Issues in Southeast Asia,CAS 4区
SOLA,CAS 4区
Solar Energy,CAS 2区
SOLAR ENERGY MATERIALS AND SOLAR CELLS,CAS 2区
SOLAR PHYSICS,CAS 3区
Solar RRL,CAS 3区
SOLAR SYSTEM RESEARCH,CAS 4区
Solar-Terrestrial Physics,CAS 4区
Soldagem & Inspecao,CAS 4区
SOLDERING & SURFACE MOUNT TECHNOLOGY,CAS 4区
SOLETRAS,CAS 4区
Solid Earth,CAS 2区
Solid Earth Sciences,CAS 3区
Solid Fuel Chemistry,CAS 4区
Solids,CAS 4区
SOLID STATE COMMUNICATIONS,CAS 4区
SOLID-STATE ELECTRONICS,CAS 4区
SOLID STATE IONICS,CAS 4区
SOLID STATE NUCLEAR MAGNETIC RESONANCE,CAS 3区
SOLID STATE SCIENCES,CAS 3区
SOLVENT EXTRACTION AND ION EXCHANGE,CAS 4区
SOLVENT EXTRACTION RESEARCH AND DEVELOPMENT-JAPAN,CAS 4区
Somatechnics,CAS 4区
SOMATOSENSORY AND MOTOR RESEARCH,CAS 4区
Somnologie,CAS 4区
Sonography,CAS 4区
Sophia,CAS 3区
Sophia-Coleccion de Filosofia de la Educacion,CAS 4区
Sophia-Educacion,CAS 4区
SORT-Statistics and Operations Research Transactions,CAS 4区
Sosyoekonomi,CAS 4区
SOTSIOLOGICHESKIE ISSLEDOVANIYA,CAS 4区
Souls,CAS 4区
SOUND AND VIBRATION,CAS 4区
SOUNDINGS,CAS 4区
Sound Studies,CAS 2区
SOURCE-NOTES IN THE HISTORY OF ART,CAS 3区
South African Actuarial Journal,CAS 4区
SOUTH AFRICAN ARCHAEOLOGICAL BULLETIN,CAS 2区
South African Crime Quarterly-SACQ,CAS 4区
South African Family Practice,CAS 4区
South African Geographical Journal,CAS 4区
SOUTH AFRICAN HISTORICAL JOURNAL,SSCI/SCI/AHCI
SOUTH AFRICAN JOURNAL FOR RESEARCH IN SPORT PHYSICAL EDUCATION AND RECREATION,CAS 4区
South African Journal of Accounting Research,CAS 4区
South African Journal of African Languages,CAS 3区
SOUTH AFRICAN JOURNAL OF ANIMAL SCIENCE,CAS 4区
South African Journal of Art History,CAS 4区
South African Journal of Bioethics and Law,CAS 4区
SOUTH AFRICAN JOURNAL OF BOTANY,CAS 3区
South African Journal of Business Management,CAS 4区
South African Journal of Chemical Engineering,Indexed
SOUTH AFRICAN JOURNAL OF CHEMISTRY-SUID-AFRIKAANSE TYDSKRIF VIR CHEMIE,CAS 4区
South African Journal of Child Health,CAS 4区
South African Journal of Childhood Education,CAS 4区
South African Journal of Clinical Nutrition,CAS 4区
SOUTH AFRICAN JOURNAL OF COMMUNICATION DISORDERS,CAS 4区
South African Journal of Cultural History,CAS 4区
South African Journal of Economic and Management Sciences,CAS 4区
SOUTH AFRICAN JOURNAL OF ECONOMICS,CAS 3区
South African Journal of Education,CAS 4区
SOUTH AFRICAN JOURNAL OF ENOLOGY AND VITICULTURE,CAS 4区
SOUTH AFRICAN JOURNAL OF GEOLOGY,CAS 4区
South African Journal of Geomatics,CAS 4区
South African Journal of Higher Education,CAS 4区
South African Journal of Industrial Engineering,CAS 4区
South African Journal of Information Management,CAS 4区
South African Journal of International Affairs-SAJIA,CAS 4区
South African Journal of Libraries and Information Science,CAS 4区
SOUTH AFRICAN JOURNAL OF PHILOSOPHY,CAS 4区
South African Journal of Physiotherapy,CAS 4区
South African Journal of Plant and Soil,CAS 4区
South African Journal of Psychiatry,SSCI/SCIE/SCI
SOUTH AFRICAN JOURNAL OF PSYCHOLOGY,CAS 4区
SOUTH AFRICAN JOURNAL OF SCIENCE,CAS 4区
SOUTH AFRICAN JOURNAL OF SURGERY,CAS 4区
South African Journal on Human Rights,CAS 4区
South African Museums Association Bulletin,CAS 4区
South African Review of Sociology,CAS 4区
SOUTH AFRICAN STATISTICAL JOURNAL,CAS 4区
South African Theatre Journal,CAS 3区
South American Journal of Herpetology,CAS 4区
SOUTH ASIA-JOURNAL OF SOUTH ASIAN STUDIES,SSCI/SCI/AHCI
South Asian Diaspora,CAS 4区
South Asian History and Culture,CAS 3区
South Asian Journal of Business Studies,CAS 4区
South Asian Journal of Cancer,CAS 4区
South Asian Journal of Human Resource Management,CAS 4区
South Asian Journal of Macroeconomics and Public Finance,CAS 4区
South Asian Popular Culture,CAS 4区
South Asian Review,CAS 4区
South Asian Studies,CAS 4区
South Asia Research,CAS 3区
SOUTH ATLANTIC QUARTERLY,SSCI/SCI/AHCI
South Central Review,CAS 4区
Southeast Asian Bulletin of Mathematics,CAS 4区
South East Asian Journal of Management,CAS 4区
SOUTHEAST ASIAN JOURNAL OF TROPICAL MEDICINE AND PUBLIC HEALTH,CAS 4区
Southeast Asian Studies,CAS 4区
South East Asia Research,CAS 4区
SOUTHEASTERN EUROPE,CAS 4区
Southeastern Geographer,CAS 4区
SOUTHEASTERN NATURALIST,CAS 4区
Southeast European and Black Sea Studies,CAS 3区
South East European Journal of Economics and Business,CAS 4区
Southern African Business Review,CAS 4区
Southern African Humanities,CAS 3区
Southern African Journal of Accountability and Auditing Research-SAJAAR,CAS 4区
Southern African Journal of Anaesthesia and Analgesia,CAS 4区
Southern African Journal of Critical Care,CAS 4区
Southern African Journal of Gynaecological Oncology,CAS 4区
SOUTHERN AFRICAN JOURNAL OF HIV MEDICINE,CAS 4区
Southern African Journal of Infectious Diseases,CAS 4区
Southern African Linguistics and Applied Language Studies,SSCI/SCI/AHCI
SOUTHERN CALIFORNIA LAW REVIEW,CAS 4区
Southern Communication Journal,CAS 4区
SOUTHERN CULTURES,CAS 4区
SOUTHERN ECONOMIC JOURNAL,CAS 3区
Southern Forests-A Journal of Forest Science,CAS 4区
SOUTHERN HUMANITIES REVIEW,CAS 4区
SOUTHERN JOURNAL OF PHILOSOPHY,CAS 2区 Top
SOUTHERN MEDICAL JOURNAL,CAS 4区
South European Society and Politics,CAS 1区 Top
South of Russia-Ecology Development,CAS 4区
SOUTHWESTERN ENTOMOLOGIST,CAS 4区
SOUTHWESTERN HISTORICAL QUARTERLY,CAS 4区
SOUTHWESTERN NATURALIST,CAS 4区
Soviet and Post Soviet Review,CAS 4区
Sovremennye Tehnologii v Medicine,CAS 4区
SOZIALE WELT-ZEITSCHRIFT FUR SOZIALWISSENSCHAFTLICHE FORSCHUNG UND PRAXIS,CAS 4区
Space,CAS 4区
Space and Culture,SSCI/SCI/AHCI
SPACE AND POLITY,CAS 3区
SPACE POLICY,CAS 2区
SPACE SCIENCE AND TECHNOLOGY,CAS 1区 Top
Space Science and Technology-Kosmicna Nauka i Tehnologia,CAS 4区
SPACE SCIENCE REVIEWS,CAS 2区
SPACE WEATHER-THE INTERNATIONAL JOURNAL OF RESEARCH AND APPLICATIONS,CAS 2区 Top
Spal,CAS 4区
Spanish in Context,SSCI/SCI/AHCI
SPANISH JOURNAL OF AGRICULTURAL RESEARCH,CAS 4区
Spanish Journal of Finance and Accounting-Revista Espanola de Financiacion y Contabilidad,CAS 4区
Spanish Journal of Marketing-ESIC,Indexed
Spanish Journal of Medical Education,Indexed
Spanish Journal of Psychiatry and Mental Health,SSCI/SCIE/SCI
Spanish Journal of Psychology,SSCI/SCIE/SCI
Spanish Journal of Soil Science,CAS 4区
Spatial and Spatio-Temporal Epidemiology,CAS 4区
Spatial Cognition and Computation,CAS 3区
Spatial Demography,CAS 4区
Spatial Economic Analysis,CAS 3区
Spatial Information Research,CAS 4区
Spatial Statistics,CAS 2区
Spazi della Musica,Indexed
Special Care in Dentistry,CAS 4区
Special Matrices,CAS 4区
Special Topics & Reviews in Porous Media-An International Journal,CAS 4区
SPECTROCHIMICA ACTA PART A-MOLECULAR AND BIOMOLECULAR SPECTROSCOPY,CAS 2区
SPECTROCHIMICA ACTA PART B-ATOMIC SPECTROSCOPY,CAS 2区
SPECTROSCOPY,CAS 4区
SPECTROSCOPY AND SPECTRAL ANALYSIS,CAS 3区
SPECTROSCOPY LETTERS,CAS 4区
Spectrum,CAS 4区
Specula. Revista de Humanidades y Espiritualidad,Indexed
SPECULUM-A JOURNAL OF MEDIEVAL STUDIES,CAS 1区 Top
SPE DRILLING & COMPLETION,CAS 4区
SPEECH COMMUNICATION,CAS 3区
Speech Language and Hearing,CAS 4区
SPE JOURNAL,CAS 3区
Spektrum der Augenheilkunde,CAS 4区
SPE Production & Operations,CAS 4区
SPE RESERVOIR EVALUATION & ENGINEERING,CAS 4区
SPIEGEL DER LETTEREN,CAS 4区
SPIN,CAS 4区
SPINAL CORD,CAS 4区
Spinal Cord Series and Cases,CAS 4区
SPINE,CAS 2区
Spine Deformity,CAS 4区
Spine Journal,CAS 1区 Top
Spine Surgery and Related Research,CAS 4区
Spirituality in Clinical Practice,CAS 4区
Spirituality Studies,CAS 3区
Spiritus-A Journal of Christian Spirituality,CAS 4区
Spisanie Na B Lgarskoto Geologichesko Druzhestov-Review of the Bulgarian Geological Society,CAS 4区
SPIXIANA,CAS 4区
Spontaneous Generations-Journal for the History and Philosophy of Science,CAS 4区
Sport Business and Management-An International Journal,CAS 3区
SPORT EDUCATION AND SOCIETY,SSCI/SCIE/SCI
Sport Ethics and Philosophy,CAS 3区
Sport Exercise and Performance Psychology,CAS 2区
Sport History Review,CAS 4区
Sport in History,CAS 4区
Sport in Society,CAS 4区
Sportis-Scientific Technical Journal of School Sport Physical Education and Psychomotricity,CAS 4区
Sport Management Education Journal,CAS 4区
Sport Management Review,CAS 2区
Sport Marketing Quarterly,CAS 4区
SPORT PSYCHOLOGIST,SSCI/SCIE/SCI
Sports,CAS 3区
Sports Biomechanics,CAS 3区
Sport Sciences for Health,CAS 4区
Sports Coaching Review,CAS 2区
Sports Engineering,CAS 4区
Sports Health-A Multidisciplinary Approach,CAS 3区
SPORTS MEDICINE,CAS 1区 Top
SPORTS MEDICINE AND ARTHROSCOPY REVIEW,CAS 4区
Sports Medicine and Health Science,CAS 3区
Sports Medicine-Open,CAS 2区
Sport TK-Revista Euroamericana de Ciencias del Deporte,CAS 4区
SPORTVERLETZUNG-SPORTSCHADEN,CAS 4区
Sprache & Sprachen,CAS 4区
SPRACHE-STIMME-GEHOR,CAS 4区
SPRACHWISSENSCHAFT,CAS 4区
SPUR-Scholarship and Practice of Undergraduate Research,CAS 4区
Sravnitelnaya Politika-Comparative Politics,CAS 4区
Sri Lanka Journal of Social Sciences,CAS 4区
Sri Lankan Journal of Anaesthesiology,CAS 4区
Srpski Arhiv za Celokupno Lekarstvo,CAS 4区
SSM-Mental Health,CAS 3区
SSM-Population Health,SSCI/SCIE/SCI
SSM-Qualitative Research in Health,CAS 3区
Stability-International Journal of Security and Development,CAS 4区
Stahlbau,CAS 4区
STAND,CAS 4区
STANFORD LAW REVIEW,CAS 1区 Top
Stanislavski Studies,CAS 3区
STAPS-Sciences et Techniques des Activites Physiques et Sportives,CAS 4区
STARCH-STARKE,CAS 4区
STAR Protocols,CAS 4区
Stat,CAS 4区
Stata Journal,SSCI/SCIE/SCI
State Crime,CAS 3区
State Politics & Policy Quarterly,CAS 3区
Statistica,CAS 4区
Statistical Analysis and Data Mining,CAS 4区
Statistical Analysis and Data Mining-An Asa Data Science Journal,Indexed
Statistical Applications in Genetics and Molecular Biology,CAS 4区
Statistical Inference for Stochastic Processes,CAS 4区
Statistical Methods and Applications,CAS 4区
STATISTICAL METHODS IN MEDICAL RESEARCH,CAS 3区
STATISTICAL MODELLING,CAS 4区
STATISTICAL PAPERS,CAS 3区
STATISTICAL SCIENCE,CAS 1区 Top
Statistical Theory and Related Fields,CAS 4区
STATISTICA NEERLANDICA,CAS 4区
STATISTICA SINICA,CAS 3区
STATISTICS,CAS 4区
Statistics and Applications,CAS 4区
STATISTICS AND COMPUTING,CAS 2区
Statistics and Its Interface,CAS 4区
Statistics and Public Policy,CAS 4区
Statistics in Biopharmaceutical Research,CAS 4区
Statistics in Biosciences,CAS 4区
STATISTICS IN MEDICINE,CAS 3区
STATISTICS & PROBABILITY LETTERS,CAS 4区
Statistics & Risk Modeling,CAS 4区
Statistics Surveys,CAS 2区
Statistika-Statistics and Economy Journal,CAS 4区
Stats,CAS 4区
Statute Law Review,CAS 4区
STEEL AND COMPOSITE STRUCTURES,CAS 3区
Steel Construction-Design and Research,CAS 4区
STEEL RESEARCH INTERNATIONAL,CAS 3区
Steinbeck Review,CAS 4区
Stellenbosch Papers in Linguistics Plus-SPiL Plus,CAS 3区
Stellenbosch Theological Journal,CAS 4区
Stem Cell Reports,CAS 1区 Top
Stem Cell Research,CAS 4区
Stem Cell Research & Therapy,CAS 2区 Top
Stem Cell Reviews and Reports,CAS 3区
STEM CELLS,CAS 3区
Stem Cells and Cloning-Advances and Applications,CAS 4区
STEM CELLS AND DEVELOPMENT,CAS 4区
Stem Cells International,CAS 4区
Stem Cells Translational Medicine,CAS 2区
STEREOTACTIC AND FUNCTIONAL NEUROSURGERY,CAS 4区
STEROIDS,CAS 4区
Stigma and Health,CAS 3区
Stilistica e Metrica Italiana,CAS 3区
Stoa,CAS 4区
STOCHASTIC ANALYSIS AND APPLICATIONS,CAS 4区
STOCHASTIC ENVIRONMENTAL RESEARCH AND RISK ASSESSMENT,CAS 3区
STOCHASTIC MODELS,CAS 4区
STOCHASTIC PROCESSES AND THEIR APPLICATIONS,CAS 3区
Stochastics and Dynamics,CAS 4区
Stochastics and Partial Differential Equations-Analysis and Computations,CAS 2区
Stochastics-An International Journal of Probability and Stochastic Processes,CAS 4区
STORIA DELL ARTE,CAS 3区
Storia delle Donne,CAS 4区
Storia del Pensiero Politico,CAS 4区
Storica,CAS 4区
Storinky Istoriyi-History Pages,CAS 4区
St Petersburg Mathematical Journal,CAS 4区
St Petersburg Polytechnic University Journal-Physics and Mathematics,CAS 4区
Strabismus,CAS 4区
STRAD,Indexed
STRAHLENTHERAPIE UND ONKOLOGIE,CAS 3区
STRAIN,CAS 4区
Strategic Analysis,CAS 4区
Strategic Change-Briefings in Entrepreneurial Finance,CAS 4区
Strategic Entrepreneurship Journal,CAS 2区
Strategic Management,CAS 4区
STRATEGIC MANAGEMENT JOURNAL,CAS 1区 Top
Strategic Organization,CAS 3区
Strategic Review for Southern Africa,CAS 4区
Strategies for Policy in Science and Education-Strategii na Obrazovatelnata i Nauchnata Politika,CAS 4区
Strategies in Trauma and Limb Reconstruction,CAS 4区
Strategy Science,CAS 4区
Stratigraphy,CAS 4区
STRATIGRAPHY AND GEOLOGICAL CORRELATION,CAS 4区
Stratum Plus,CAS 4区
Strenae-Recherches sur les Livres et les Objets Culturels de L Enfance,CAS 4区
STRENGTH AND CONDITIONING JOURNAL,CAS 4区
Strength Fracture and Complexity,CAS 4区
STRENGTH OF MATERIALS,CAS 4区
STRESS AND HEALTH,SSCI/SCIE/SCI
Stress Biology,Indexed
STRESS-THE INTERNATIONAL JOURNAL ON THE BIOLOGY OF STRESS,CAS 4区
STROJNISKI VESTNIK-JOURNAL OF MECHANICAL ENGINEERING,CAS 4区
STROKE,CAS 1区 Top
Stroke and Vascular Neurology,CAS 2区
Stroke Research and Treatment,CAS 4区
Stroke-Vascular and Interventional Neurology,CAS 4区
STRUCTURAL AND MULTIDISCIPLINARY OPTIMIZATION,CAS 3区
Structural Change and Economic Dynamics,CAS 2区
STRUCTURAL CHEMISTRY,CAS 4区
Structural Concrete,CAS 3区
Structural Control & Health Monitoring,CAS 2区
STRUCTURAL DESIGN OF TALL AND SPECIAL BUILDINGS,CAS 4区
Structural Dynamics-US,CAS 3区
STRUCTURAL ENGINEERING AND MECHANICS,CAS 4区
Structural Engineering International,CAS 4区
STRUCTURAL EQUATION MODELING-A MULTIDISCIPLINARY JOURNAL,SSCI/SCIE/SCI
STRUCTURAL HEALTH MONITORING-AN INTERNATIONAL JOURNAL,CAS 2区
Structural Heart-The Journal of the Heart Team,CAS 4区
Structural Integrity and Life-Integritet I Vek Konstrukcija,CAS 4区
"Structural Monitoring and Maintenance, An International Journal",CAS 4区
STRUCTURAL SAFETY,CAS 2区
STRUCTURE,CAS 2区 Top
Structure and Infrastructure Engineering,CAS 3区
Structures,CAS 2区
STRUMENTI CRITICI,CAS 3区
St Theresa Journal of Humanities and Social Sciences,CAS 4区
Student Success,CAS 4区
Studia Aurea-Revista de Literatura Espanola y Teoria Literaria del Renacimiento y Siglo de Oro,CAS 3区
Studia Austriaca,CAS 4区
Studia Canonica,CAS 4区
Studia Ceranea,CAS 4区
Studia et Documenta,CAS 3区
Studia Ethnologica Croatica,CAS 4区
Studia Europejskie-Studies in European Affairs,CAS 4区
STUDIA GEOPHYSICA ET GEODAETICA,CAS 4区
Studia Geotechnica et Mechanica,CAS 4区
Studia Historiae Oeconomicae,CAS 4区
Studia Historiae Scientiarum,Indexed
Studia Historica-Historia Antigua,CAS 4区
Studia Historica-Historia Medieval,CAS 4区
Studia Historica-Historia Moderna,CAS 4区
Studia Islamika,CAS 4区
STUDIA LEIBNITIANA,CAS 4区
STUDIA LINGUISTICA,CAS 3区
Studia Litterarum,CAS 3区
Studia Logica,SCIE/SCI/AHCI
STUDIA MATHEMATICA,CAS 4区
Studia Metrica et Poetica,CAS 2区
STUDIA MONASTICA,CAS 4区
Studia Musicologica,CAS 3区
Studia Neoaristotelica-A Journal of Analytical Scholasticism,CAS 4区
STUDIA NEOPHILOLOGICA,CAS 4区
Studia Phaenomenologica,CAS 3区
Studia Philosophica Kantiana,CAS 4区
Studia Prawnicze KUL,CAS 4区
STUDIA PSYCHOLOGICA,CAS 4区
Studia Quaternaria,CAS 4区
STUDIA ROSENTHALIANA,CAS 4区
STUDIA SCIENTIARUM MATHEMATICARUM HUNGARICA,CAS 4区
Studia Semiotyczne,CAS 4区
Studia Slavica et Balcanica Petropolitana,CAS 4区
Studia Theodisca,CAS 4区
Studia Theologica-Czech Republic,CAS 4区
Studia Theologica-Nordic Journal of Theology,CAS 4区
Studia Universitatis Babes-Bolyai Chemia,CAS 4区
Studia Universitatis Babes-Bolyai Mathematica,CAS 4区
Studia Universitatis Babes-Bolyai Musica,CAS 4区
Studia Universitatis Babes-Bolyai Philologia,CAS 4区
Studia Universitatis Babes-Bolyai Philosophia,CAS 4区
Studia Universitatis Vasile Goldis Arad Seria Stiinte Economice,CAS 4区
Studia Warminskie,CAS 4区
Studia z Filologii Polskiej i Slowianskiej,CAS 4区
Studien zur Deutschen Sprache und Literatur-Alman Dili ve Edebiyati Dergisi,CAS 4区
STUDI E PROBLEMI DI CRITICA TESTUALE,CAS 4区
Studi e Saggi Linguistici,CAS 4区
Studies in Agricultural Economics,CAS 4区
STUDIES IN AMERICAN FICTION,CAS 3区
Studies in American Humor,CAS 3区
Studies in American Indian Literatures,CAS 4区
Studies in American Jewish Literature,CAS 4区
STUDIES IN AMERICAN POLITICAL DEVELOPMENT,CAS 4区
STUDIES IN APPLIED MATHEMATICS,CAS 2区
Studies in Art Education,CAS 4区
Studies in Australasian Cinema,CAS 1区 Top
Studies in Business and Economics,CAS 4区
STUDIES IN CANADIAN LITERATURE-ETUDES EN LITTERATURE CANADIENNE,CAS 4区
Studies in Chinese Religions,CAS 3区
Studies in Christian Ethics,CAS 3区
Studies in Clinical Social Work-Transforming Practice Education and Research,Indexed
Studies in Comics,CAS 4区
STUDIES IN COMPARATIVE INTERNATIONAL DEVELOPMENT,CAS 3区
Studies in Conflict & Terrorism,CAS 3区
STUDIES IN CONSERVATION,SCIE/SCI/AHCI
Studies in Continuing Education,CAS 3区
Studies in Documentary Film,CAS 1区 Top
Studies in Eastern European Cinema,CAS 3区
STUDIES IN EAST EUROPEAN THOUGHT,SSCI/SCI/AHCI
Studies in Economics and Finance,CAS 4区
Studies in Educational Evaluation,CAS 2区
STUDIES IN ENGLISH LITERATURE 1500-1900,CAS 4区
Studies in Ethnicity and Nationalism,CAS 4区
Studies in European Cinema,CAS 3区
STUDIES IN FAMILY PLANNING,CAS 2区
Studies in Graduate and Postdoctoral Education,CAS 3区
STUDIES IN HIGHER EDUCATION,CAS 2区 Top
Studies in History,CAS 3区
STUDIES IN HISTORY AND PHILOSOPHY OF SCIENCE,SSCI/SCIE/SCI/AHCI
Studies in History and Theory of Architecture-Studii de Istoria si Teoria Arhitecturii,CAS 4区
Studies in Indian Politics,CAS 4区
Studies in Informatics and Control,CAS 4区
STUDIES IN LANGUAGE,SSCI/SCI/AHCI
Studies in Language Assessment,CAS 4区
STUDIES IN LATIN AMERICAN POPULAR CULTURE,CAS 3区
Studies in Musical Theatre,CAS 3区
STUDIES IN MYCOLOGY,CAS 1区 Top
STUDIES IN NONLINEAR DYNAMICS AND ECONOMETRICS,CAS 4区
Studies in Peoples History,CAS 4区
STUDIES IN PHILOLOGY,CAS 2区
STUDIES IN PHILOSOPHY AND EDUCATION,SSCI/SCI/AHCI
Studies in Psychology,CAS 4区
Studies in Psychology-Psikoloji Calismalari Dergisi,CAS 4区
STUDIES IN RELIGION-SCIENCES RELIGIEUSES,CAS 4区
STUDIES IN ROMANTICISM,CAS 2区
Studies in Russian and Soviet Cinema,CAS 2区
Studies in Science Education,CAS 1区 Top
STUDIES IN SECOND LANGUAGE ACQUISITION,CAS 1区 Top
Studies in Second Language Learning and Teaching,CAS 1区 Top
Studies in Self-Access Learning Journal,CAS 4区
Studies in Social Justice,CAS 3区
Studies in Spanish & Latin American Cinemas,CAS 3区
Studies in Spirituality,Indexed
Studies in Theatre and Performance,CAS 3区
Studies in the Education of Adults-NIACE,CAS 4区
STUDIES IN THE HISTORY OF GARDENS & DESIGNED LANDSCAPES,CAS 3区
STUDIES IN THE NOVEL,CAS 2区
Studies in World Christianity,CAS 3区
STUDIES ON NEOTROPICAL FAUNA AND ENVIRONMENT,CAS 4区
STUDI FRANCESI,CAS 4区
Studii de Lingvistica,CAS 4区
Studi irlandesi-A Journal of Irish Studies,CAS 4区
Studi Ispanici,Indexed
Studijne Zvesti Archeologickeho Ustavu Slovenskej Akademie Vied,CAS 4区
Studi Kantiani,CAS 4区
STUDI MEDIEVALI,CAS 4区
Studi Musicali-Nuova Serie,CAS 3区
Studi Pasoliniani-Rivista Internazionale,CAS 3区
STUDI PIEMONTESI,CAS 4区
STUDI SECENTESCHI,CAS 4区
Studi Slavistici,CAS 4区
STUDI STORICI,CAS 4区
Studying Teacher Education,CAS 4区
STUF-Language Typology and Universals,CAS 2区
STYLE,CAS 2区
Subjectivity,CAS 3区
SUB-STANCE,CAS 4区
Substance Abuse,SSCI/SCIE/SCI
Substance Abuse and Rehabilitation,CAS 3区
Substance Abuse-Research and Treatment,CAS 4区
Substance Abuse Treatment Prevention and Policy,CAS 3区
Substance Use & Addiction Journal,SSCI/SCIE/SCI
SUBSTANCE USE & MISUSE,SSCI/SCIE/SCI
Substance Use-Research and Treatment,Indexed
Subterranean Biology,CAS 3区
SUCHT-Interdisciplinary Journal of Addiction Research,Indexed
Suchttherapie,CAS 4区
Sucht-Zeitschrift fur Wissenschaft und Praxis,CAS 4区
Sudan Journal of Medical Sciences,CAS 4区
Sugar Industry international,Indexed
Sugar Industry-Zuckerindustrie,CAS 4区
Sugar Tech,CAS 4区
SUICIDE AND LIFE-THREATENING BEHAVIOR,CAS 2区
Suicidology,CAS 4区
Suma de Negocios,CAS 4区
Sumarski List,CAS 4区
Sungkyun Journal of East Asian Studies,CAS 3区
Sun Yat-sen Journal of Humanities,CAS 4区
Superconductivity,CAS 1区 Top
SUPERCONDUCTOR SCIENCE & TECHNOLOGY,CAS 1区 Top
Supply Chain Forum,CAS 4区
SUPPLY CHAIN MANAGEMENT-AN INTERNATIONAL JOURNAL,CAS 2区
Support for Learning,CAS 4区
SUPPORTIVE CARE IN CANCER,CAS 3区
SUPRAMOLECULAR CHEMISTRY,CAS 4区
SUPRAMOLECULAR MATERIALS,Indexed
Supreme Court Review,CAS 3区
Suranaree Journal of Science and Technology,CAS 4区
SURFACE AND INTERFACE ANALYSIS,CAS 3区
SURFACE COATINGS INTERNATIONAL,CAS 4区
SURFACE & COATINGS TECHNOLOGY,CAS 2区
SURFACE ENGINEERING,CAS 4区
SURFACE ENGINEERING AND APPLIED ELECTROCHEMISTRY,CAS 4区
Surface Innovations,CAS 4区
SURFACE REVIEW AND LETTERS,CAS 4区
Surfaces,CAS 4区
Surfaces and Interfaces,CAS 3区
SURFACE SCIENCE,CAS 3区
SURFACE SCIENCE AND TECHNOLOGY,Indexed
SURFACE SCIENCE REPORTS,CAS 1区 Top
Surface Science Spectra,CAS 4区
Surface Topography-Metrology and Properties,CAS 4区
SURGEON-JOURNAL OF THE ROYAL COLLEGES OF SURGEONS OF EDINBURGH AND IRELAND,CAS 3区
Surgeries,Indexed
SURGERY,CAS 2区
Surgery for Obesity and Related Diseases,CAS 2区
Surgery in Practice and Science,CAS 4区
Surgery Journal,CAS 4区
Surgery Open Science,CAS 4区
SURGERY TODAY,CAS 4区
SURGICAL AND RADIOLOGIC ANATOMY,CAS 4区
Surgical Case Reports,CAS 4区
SURGICAL CLINICS OF NORTH AMERICA,CAS 3区
SURGICAL ENDOSCOPY AND OTHER INTERVENTIONAL TECHNIQUES,CAS 2区
Surgical Infections,CAS 4区
Surgical Innovation,CAS 4区
SURGICAL LAPAROSCOPY ENDOSCOPY & PERCUTANEOUS TECHNIQUES,CAS 4区
Surgical Oncology Clinics of North America,CAS 3区
SURGICAL ONCOLOGY-OXFORD,CAS 3区
Surgical Practice,CAS 4区
Surgical Techniques Development,CAS 4区
Surgical Technology International-International Developments in Surgery and Surgical Research,CAS 4区
Surveillance & Society,CAS 4区
Survey Methodology,SSCI/SCIE/SCI
SURVEY OF OPHTHALMOLOGY,CAS 2区
Survey Research Methods,CAS 4区
SURVEY REVIEW,CAS 4区
SURVEYS IN GEOPHYSICS,CAS 2区
SURVIVAL,CAS 3区
SusMat,CAS 2区
Sustainability,SSCI/SCIE/SCI
Sustainability Accounting Management and Policy Journal,CAS 3区
Sustainability and Climate Change,Indexed
Sustainability Science,CAS 2区
Sustainability-Science Practice and Policy,CAS 2区
Sustainable and Resilient Infrastructure,CAS 3区
Sustainable Chemistry,Indexed
Sustainable Chemistry and Pharmacy,CAS 2区 Top
Sustainable Chemistry for Climate Action,Indexed
Sustainable Cities and Society,CAS 1区 Top
Sustainable Computing-Informatics & Systems,CAS 3区
SUSTAINABLE DEVELOPMENT,CAS 2区
Sustainable Energy & Fuels,CAS 4区
Sustainable Energy Grids & Networks,CAS 2区
Sustainable Energy Technologies and Assessments,CAS 2区
Sustainable Environment,CAS 4区
Sustainable Environment Research,CAS 3区
Sustainable Food Technology,Indexed
Sustainable Futures,CAS 3区
Sustainable Horizons,Indexed
Sustainable Materials and Technologies,CAS 2区
Sustainable Production and Consumption,CAS 1区 Top
SUSTAINABLE STRUCTURES,Indexed
Sustainable Water Resources Management,CAS 4区
SU URUNLERI DERGISI,CAS 4区
Suvremena Lingvistika,CAS 4区
SVMMA-Revista de Cultures Medievals,CAS 4区
Swarm and Evolutionary Computation,CAS 2区
Swarm Intelligence,CAS 4区
Swiat i Slowo,CAS 4区
Swiss Journal of Geosciences,CAS 3区
Swiss Journal of Palaeontology,CAS 2区
SWISS MEDICAL WEEKLY,CAS 4区
Swiss Political Science Review,CAS 3区
SYDNEY LAW REVIEW,CAS 4区
SYDOWIA,CAS 4区
Sylwan,CAS 4区
SYMBIOSIS,CAS 4区
Symbolae Osloenses,CAS 3区
SYMBOLIC INTERACTION,CAS 3区
Symmetry-Basel,CAS 3区
Symmetry-Culture and Science,CAS 4区
Symmetry Integrability and Geometry-Methods and Applications,CAS 3区
Symploke,CAS 4区
SYMPOSIUM-A QUARTERLY JOURNAL IN MODERN LITERATURES,CAS 4区
Symposium-Canadian Journal of Continental Philosophy,CAS 4区
SYNAPSE,CAS 4区
SYNAPSE-Structure Function Connectivity,Indexed
Synergies Mexique,CAS 4区
Synesis,CAS 4区
SYNLETT,CAS 4区
SynOpen,CAS 4区
Syntax-A Journal of Theoretical Experimental and Interdisciplinary Research,SSCI/SCI/AHCI
SYNTHESE,SSCI/SCIE/SCI/AHCI
Synthesis-La Plata,CAS 4区
Synthesis Philosophica,CAS 4区
SYNTHESIS-STUTTGART,CAS 4区
Synthetic and Systems Biotechnology,CAS 1区 Top
Synthetic Biology,CAS 4区
SYNTHETIC COMMUNICATIONS,CAS 4区
SYNTHETIC METALS,CAS 3区
SYSTEM,SSCI
SYSTEMATIC AND APPLIED ACAROLOGY,CAS 3区
SYSTEMATIC AND APPLIED MICROBIOLOGY,CAS 2区
Systematic Biology,CAS 1区 Top
SYSTEMATIC BOTANY,CAS 4区
SYSTEMATIC ENTOMOLOGY,CAS 1区 Top
SYSTEMATIC PARASITOLOGY,CAS 4区
Systematic Reviews,CAS 3区
SYSTEMATICS AND BIODIVERSITY,CAS 3区
SYSTEM DYNAMICS REVIEW,CAS 4区
SYSTEMIC PRACTICE AND ACTION RESEARCH,CAS 4区
Systems,CAS 4区
Systems and Soft Computing,Indexed
Systems Biology in Reproductive Medicine,CAS 4区
SYSTEMS & CONTROL LETTERS,CAS 3区
Systems Engineering,CAS 3区
Systems Microbiology and Biomanufacturing,CAS 4区
SYSTEMS RESEARCH AND BEHAVIORAL SCIENCE,CAS 4区
Systems Science & Control Engineering,CAS 4区
Sztuka i Dokumentacja-Art & Documentation,CAS 4区
Taida Journal of Art History,CAS 3区
TAIWANESE JOURNAL OF MATHEMATICS,CAS 4区
Taiwanese Journal of Obstetrics & Gynecology,CAS 4区
TAIWANIA,CAS 4区
Taiwan Journal of East Asian Studies,CAS 4区
Taiwan Journal of Linguistics,CAS 3区
Taiwan Journal of Ophthalmology,CAS 4区
Taiwan Journal of TESOL,CAS 4区
TALANTA,CAS 2区 Top
Talanta Open,CAS 3区
Talia Dixit-Revista Interdisciplinar de Retorica e Historiografia,Indexed
Taller de la Historia,CAS 4区
Taller de Letras,CAS 4区
TalTech Journal of European Studies,CAS 4区
Tamkang Journal of Mathematics,CAS 4区
Tangence,CAS 4区
Tang Studies,Indexed
Tanz,CAS 4区
TAPPI JOURNAL,CAS 4区
Tapuya-Latin American Science Technology and Society,CAS 4区
Targeted Oncology,CAS 3区
Target-International Journal of Translation Studies,SSCI/SCI/AHCI
Tarih Incelemeleri Dergisi,CAS 4区
TAXON,CAS 2区
TAXONOMY,Indexed
TDR-The Drama Review-The Journal of Performance Studies,CAS 2区
TD-The Journal for Transdisciplinary Research in Southern Africa,CAS 4区
Teacher Development,CAS 4区
Teacher Education and Special Education,CAS 3区
Teachers and Teaching,CAS 3区
TEACHERS COLLEGE RECORD,CAS 4区
TEACHING AND LEARNING IN MEDICINE,CAS 3区
Teaching and Learning in Nursing,CAS 3区
TEACHING AND TEACHER EDUCATION,CAS 1区 Top
Teaching Education,CAS 3区
Teaching Exceptional Children,CAS 4区
TEACHING IN HIGHER EDUCATION,CAS 3区
Teaching & Learning Inquiry-The ISSOTL Journal,CAS 4区
Teaching Mathematics and Its Applications,CAS 4区
Teaching of Mathematics,CAS 4区
TEACHING OF PSYCHOLOGY,CAS 4区
Teaching Philosophy,CAS 4区
Teaching Public Administration,CAS 4区
TEACHING SOCIOLOGY,CAS 4区
Teaching Statistics,CAS 4区
Teaching Theology and Religion,CAS 4区
Team Performance Management,CAS 4区
Teatro e Storia,CAS 4区
Tecciencia,CAS 4区
Tec Empresarial,CAS 4区
Techne-Journal of Technology for Architecture and Environment,CAS 4区
TECHNICAL COMMUNICATION,CAS 3区
Technical Communication Quarterly,CAS 2区
Technical Innovations & Patient Support in Radiation Oncology,Indexed
TECHNICAL PHYSICS,CAS 4区
TECHNICAL PHYSICS LETTERS,CAS 4区
Technical Services Quarterly,CAS 4区
Techniques and Innovations in Gastrointestinal Endoscopy,CAS 4区
Techniques in Coloproctology,CAS 3区
Techniques in Foot and Ankle Surgery,CAS 4区
Techniques in Orthopaedics,CAS 4区
Techniques in Vascular and Interventional Radiology,CAS 4区
Technoetic Arts,CAS 4区
Technological and Economic Development of Economy,CAS 3区
TECHNOLOGICAL FORECASTING AND SOCIAL CHANGE,CAS 1区 Top
Technologies,CAS 3区
TECHNOLOGY ANALYSIS & STRATEGIC MANAGEMENT,CAS 4区
TECHNOLOGY AND CULTURE,SSCI/SCIE/SCI/AHCI
TECHNOLOGY AND DISABILITY,CAS 4区
TECHNOLOGY AND HEALTH CARE,CAS 4区
Technology and Innovation,CAS 4区
Technology-Architecture + Design,CAS 4区
TECHNOLOGY IN CANCER RESEARCH & TREATMENT,CAS 4区
Technology in Horticulture,Indexed
Technology Innovation Management Review,CAS 4区
TECHNOLOGY IN SOCIETY,CAS 2区 Top
Technology Knowledge and Learning,CAS 3区
"Technology, Mind, and Behavior",Indexed
Technology Pedagogy and Education,CAS 3区
TECHNOMETRICS,CAS 2区
TECHNOVATION,SSCI/SCIE/SCI
TechTrends,CAS 4区
Tecnologia Ciencia y Educacion,Indexed
Tecnologia en Marcha,CAS 4区
Tecnologia y Ciencias del Agua,CAS 4区
Tecnoscienza-Italian Journal of Science & Technology Studies,CAS 4区
TECTONICS,CAS 2区 Top
TECTONOPHYSICS,CAS 2区
TEHNICKI GLASNIK-TECHNICAL JOURNAL,CAS 4区
Tehnicki Vjesnik-Technical Gazette,CAS 4区
Tejuelo-Didactica de la Lengua y la Literatura,CAS 4区
Teka Komisji Urbanistyki i Architektury,CAS 4区
Teknokultura: Revista de Cultura Digital y Movimientos Sociales,CAS 4区
Tekstilec,CAS 4区
Tekstil ve Konfeksiyon,CAS 4区
Tekst Kniga Knigoizdanie-Text Book Publishing,CAS 4区
Teksty Drugie,CAS 4区
Tel Aviv-Journal of the Institute of Archaeology of Tel Aviv University,CAS 1区 Top
Telecom,CAS 4区
TELECOMMUNICATIONS POLICY,SSCI/SCIE/SCI
TELECOMMUNICATION SYSTEMS,CAS 4区
TELEMATICS AND INFORMATICS,CAS 2区
Telematics and Informatics Reports,Indexed
Telematique,CAS 4区
Telemedicine and e-Health,CAS 3区
Telemedicine Reports,CAS 4区
Television & New Media,SSCI/SCI/AHCI
TELLUS SERIES A-DYNAMIC METEOROLOGY AND OCEANOGRAPHY,CAS 4区
TELLUS SERIES B-CHEMICAL AND PHYSICAL METEOROLOGY,CAS 4区
TELOPEA,CAS 4区
Telos,SSCI/SCI/AHCI
TELOS-Revista de Estudios Interdisciplinarios en Ciencias Sociales,CAS 4区
TeMA-Journal of Land Use Mobility and Environment,CAS 4区
Temas Agrarios,CAS 4区
Temas Americanistas,CAS 4区
Temas de Nuestra America-Revista de Estudios Latinoamericanos,CAS 4区
Temas y Debates,CAS 4区
TEMENOS,CAS 4区
Temida,CAS 4区
TEM Journal-Technology Education Management Informatics,CAS 4区
TEMPO,CAS 3区
Tempo e Argumento,CAS 4区
Tempo-Niteroi,CAS 4区
Tempo Social,CAS 4区
TENSIDE SURFACTANTS DETERGENTS,CAS 4区
Teoliteraria-Revista Brasileira de Literaturas e Teologias,CAS 4区
Teologia,CAS 4区
Teologia y Vida,CAS 3区
Teorema,CAS 4区
Teoria de la Educacion,CAS 4区
Teoria e Pratica em Administracao-TPA,CAS 4区
Teoria-Rivista di Filosofia,CAS 4区
Teoria y Realidad Constitucional,CAS 4区
TEORIJA IN PRAKSA,CAS 4区
TERAPEVTICHESKII ARKHIV,CAS 4区
Terapia Psicologica,CAS 4区
Tercio Creciente,CAS 4区
Ter es Tarsadalom,CAS 4区
Terminology,SSCI/SCI/AHCI
Terra Economicus,CAS 4区
Terrae Incognitae-The Journal of the Society for the History of Discoveries,CAS 2区
Terra Latinoamericana,CAS 4区
TERRA NOVA,CAS 3区
TERRESTRIAL ATMOSPHERIC AND OCEANIC SCIENCES,CAS 4区
Territoire en Mouvement,CAS 4区
Territorios,CAS 4区
Territory Politics Governance,CAS 3区
TERRORISM AND POLITICAL VIOLENCE,CAS 2区
Tertiary Education and Management,CAS 4区
TESL Canada Journal,CAS 4区
TESOL Journal,CAS 4区
TESOL QUARTERLY,CAS 1区 Top
TEST,CAS 3区
Tethys-Journal of Mediterranean Meteorology & Climatology,Indexed
TETRAHEDRON,CAS 3区
TETRAHEDRON LETTERS,CAS 4区
TETSU TO HAGANE-JOURNAL OF THE IRON AND STEEL INSTITUTE OF JAPAN,CAS 4区
TEXAS HEART INSTITUTE JOURNAL,CAS 4区
TEXAS LAW REVIEW,CAS 2区
TEXAS STUDIES IN LITERATURE AND LANGUAGE,CAS 4区
Text and Performance Quarterly,CAS 2区 Top
Textile-Cloth and Culture,CAS 4区
TEXTILE HISTORY,CAS 1区 Top
TEXTILE PROGRESS,CAS 4区
TEXTILE RESEARCH JOURNAL,CAS 4区
Textiles,Indexed
TEXT & KRITIK,CAS 4区
Text Matters-A Journal of Literature Theory and Culture,CAS 4区
Texto Livre-Linguagem e Tecnologia,CAS 4区
Text & Talk,SSCI/SCI/AHCI
TEXTUAL PRACTICE,CAS 3区
Textus,CAS 3区
Thai Journal of Mathematics,CAS 4区
Thai Journal of Veterinary Medicine,CAS 4区
Thailand Statistician,CAS 4区
THALASSAS,CAS 4区
Thalassemia Reports,CAS 4区
The Astrophysical Journal Letters,Indexed
THEATER,CAS 4区
THEATER HEUTE,CAS 4区
Theatre Dance and Performance Training,CAS 3区
THEATRE HISTORY STUDIES,CAS 4区
THEATRE JOURNAL,CAS 1区 Top
THEATRE NOTEBOOK,CAS 2区
THEATRE RESEARCH INTERNATIONAL,CAS 3区
THEATRE SURVEY,CAS 2区
The BMJ,Indexed
The EMBO Journal,Indexed
The ISME Journal: Multidisciplinary Journal of Microbial Ecology,Indexed
The Journal of Allergy and Clinical Immunology,Indexed
The Journal of Physical Chemistry Letters,Indexed
The Lancet,Indexed
The Lancet Diabetes & Endocrinology,Indexed
The Lancet Global Health,Indexed
The Lancet Neurology,Indexed
The Lancet Oncology,Indexed
The Lancet Psychiatry,Indexed
Theleme-Revista Complutense de Estudios Franceses,CAS 4区
Themata-Revista de Filosofia,CAS 4区
The New England Journal of Medicine,Indexed
THEOLOGICAL STUDIES,CAS 2区
Theology,CAS 4区
Theology and Science,SCIE/SCI/AHCI
Theology & Sexuality,CAS 4区
THEOLOGY TODAY,CAS 4区
THEORETICAL AND APPLIED CLIMATOLOGY,CAS 4区
Theoretical and Applied Ecology,CAS 4区
THEORETICAL AND APPLIED FRACTURE MECHANICS,CAS 2区 Top
THEORETICAL AND APPLIED GENETICS,CAS 1区 Top
Theoretical and Applied Mechanics,CAS 4区
Theoretical and Applied Mechanics Letters,CAS 2区
THEORETICAL AND COMPUTATIONAL FLUID DYNAMICS,CAS 3区
Theoretical and Experimental Chemistry,CAS 4区
Theoretical and Experimental Plant Physiology,CAS 4区
THEORETICAL AND MATHEMATICAL PHYSICS,CAS 4区
Theoretical and Practical Issues of Journalism,CAS 4区
Theoretical Biology Forum,CAS 4区
THEORETICAL CHEMISTRY ACCOUNTS,CAS 4区
Theoretical Computer Science,CAS 4区
THEORETICAL CRIMINOLOGY,CAS 2区
Theoretical Ecology,CAS 4区
Theoretical Economics,CAS 3区
THEORETICAL FOUNDATIONS OF CHEMICAL ENGINEERING,CAS 4区
THEORETICAL ISSUES IN ERGONOMICS SCIENCE,CAS 4区
THEORETICAL LINGUISTICS,SSCI/SCI/AHCI
THEORETICAL MEDICINE AND BIOETHICS,CAS 3区
THEORETICAL POPULATION BIOLOGY,CAS 4区
THEORIA,CAS 4区
Theoria-A Swedish Journal of Philosophy,CAS 4区
THEORIA-REVISTA DE TEORIA HISTORIA Y FUNDAMENTOS DE LA CIENCIA,CAS 3区
Theory and Applications of Categories,CAS 4区
THEORY AND DECISION,CAS 4区
Theory and Practice of Legislation,CAS 4区
THEORY AND PRACTICE OF LOGIC PROGRAMMING,CAS 2区
Theory and Research in Education,CAS 3区
THEORY AND RESEARCH IN SOCIAL EDUCATION,CAS 2区
THEORY AND SOCIETY,CAS 2区
THEORY CULTURE & SOCIETY,SSCI/SCI/AHCI
Theory in Action,CAS 4区
THEORY IN BIOSCIENCES,CAS 4区
THEORY INTO PRACTICE,CAS 3区
Theory of Computing,CAS 4区
THEORY OF COMPUTING SYSTEMS,CAS 4区
THEORY OF PROBABILITY AND ITS APPLICATIONS,CAS 4区
Theory of Probability and Mathematical Statistics,CAS 4区
THEORY & PSYCHOLOGY,CAS 4区
The Plant Cell,Indexed
The Quarterly Journal of Economics,Indexed
Theranostics,CAS 1区 Top
Therapeutic Advances in Allergy and Rhinology,CAS 4区
Therapeutic Advances in Cardiovascular Disease,CAS 3区
Therapeutic Advances in Chronic Disease,CAS 3区
Therapeutic Advances in Drug Safety,CAS 3区
Therapeutic Advances in Endocrinology and Metabolism,CAS 3区
Therapeutic Advances in Gastroenterology,CAS 3区
Therapeutic Advances in Gastrointestinal Endoscopy,CAS 3区
Therapeutic Advances in Hematology,CAS 3区
Therapeutic Advances in Infectious Disease,CAS 4区
Therapeutic Advances in Medical Oncology,CAS 2区
Therapeutic Advances in Musculoskeletal Disease,CAS 3区
Therapeutic Advances in Neurological Disorders,CAS 2区
Therapeutic Advances in Ophthalmology,CAS 4区
Therapeutic Advances in Psychopharmacology,CAS 3区
Therapeutic Advances in Pulmonary and Critical Care Medicine,CAS 4区
Therapeutic Advances in Reproductive Health,CAS 4区
Therapeutic Advances in Respiratory Disease,CAS 3区
Therapeutic Advances in Urology,CAS 4区
THERAPEUTIC APHERESIS AND DIALYSIS,CAS 4区
Therapeutic Communities,CAS 4区
Therapeutic Delivery,CAS 4区
THERAPEUTIC DRUG MONITORING,CAS 4区
Therapeutic Hypothermia and Temperature Management,CAS 4区
Therapeutic Innovation & Regulatory Science,CAS 4区
Therapeutic Recreation Journal,CAS 4区
Therapeutics and Clinical Risk Management,CAS 3区
THERAPEUTISCHE UMSCHAU,CAS 4区
THERAPIE,CAS 4区
The Review of Economic Studies,Indexed
THERIOGENOLOGY,CAS 2区
THERMAL ENGINEERING,CAS 4区
Thermal Science,CAS 4区
Thermal Science and Engineering Progress,CAS 2区
Thermo,Indexed
THERMOCHIMICA ACTA,CAS 3区
Thermophysics and Aeromechanics,CAS 4区
Thesis Eleven,CAS 3区
The Veterinary Journal,Indexed
THINKING & REASONING,CAS 3区
Thinking Skills and Creativity,CAS 2区
Think-Philosophy for Everyone,CAS 4区
Thin Solid Films,CAS 4区
THIN-WALLED STRUCTURES,CAS 2区 Top
Third Text,CAS 2区
THIRD WORLD QUARTERLY,CAS 2区
THOMIST,CAS 3区
TH Open,Indexed
THORACIC AND CARDIOVASCULAR SURGEON,CAS 4区
Thoracic and Cardiovascular Surgeon Reports,CAS 4区
Thoracic Cancer,CAS 4区
Thoracic Research and Practice,CAS 4区
Thoracic Surgery Clinics,CAS 4区
THORAX,CAS 1区 Top
Thought-A Journal of Philosophy,CAS 3区
Thresholds,CAS 4区
THROMBOSIS AND HAEMOSTASIS,CAS 2区 Top
Thrombosis Journal,CAS 3区
THROMBOSIS RESEARCH,CAS 3区
Thunderbird International Business Review,CAS 4区
THYROID,CAS 1区 Top
Thyroid Research,CAS 4区
Ticks and Tick-Borne Diseases,CAS 2区
Ticontre-Teoria Testo Traduzione,CAS 4区
TIDSSKRIFT FOR DEN NORSKE LAEGEFORENING,CAS 4区
TIDSSKRIFT FOR SAMFUNNSFORSKNING,CAS 4区
Tiempos Modernos-Revista Electronica de Historia Moderna,CAS 4区
TIERAERZTLICHE PRAXIS AUSGABE GROSSTIERE NUTZTIERE,CAS 4区
TIERAERZTLICHE PRAXIS AUSGABE KLEINTIERE HEIMTIERE,CAS 4区
Tijdschrift voor Communicatiewetenschap,CAS 4区
TIJDSCHRIFT VOOR ECONOMISCHE EN SOCIALE GEOGRAFIE,CAS 3区
TIJDSCHRIFT VOOR FILOSOFIE,CAS 4区
TIJDSCHRIFT VOOR GESCHIEDENIS,CAS 4区
TIJDSCHRIFT VOOR NEDERLANDSE TAAL-EN LETTERKUNDE,CAS 4区
Tijdschrift voor Rechtsgeschiedenis-Revue d Histoire du Droit-The Legal History Review,SSCI/SCI/AHCI
Tilburg Law Review-Journal of International and European Law,CAS 4区
Timarit um Uppeldi og Menntun-Icelandic Journal of Education,CAS 4区
Time & Mind-The Journal of Archaeology Consciousness and Culture,CAS 3区
TIME & SOCIETY,CAS 2区
Timing & Time Perception,CAS 4区
Tintas-Quaderni di Letterature Iberiche e Iberoamericane,CAS 4区
Tirant,CAS 4区
Tire Science and Technology,CAS 4区
Tissue Barriers,CAS 4区
TISSUE & CELL,CAS 3区
Tissue Engineering and Regenerative Medicine,CAS 3区
Tissue Engineering Part A,CAS 3区
Tissue Engineering Part B-Reviews,CAS 2区
Tissue Engineering Part C-Methods,CAS 4区
Tizard Learning Disability Review,CAS 4区
tm-Technisches Messen,CAS 4区
TOBACCO CONTROL,SSCI/SCIE/SCI
Tobacco Induced Diseases,SSCI/SCIE/SCI
Tobacco Prevention & Cessation,CAS 4区
Tobacco Use Insights,CAS 4区
Tocqueville Review,CAS 4区
TOHOKU JOURNAL OF EXPERIMENTAL MEDICINE,CAS 4区
TOHOKU MATHEMATICAL JOURNAL,CAS 4区
Tokyo Journal of Mathematics,CAS 4区
Tomography,CAS 4区
Tomskii Zhurnal Lingvisticheskikh i Antropologicheskikh Issledovanii-Tomsk Journal of Linguistics and Anthropology,CAS 4区
Tomsk State University Journal,CAS 4区
Top,CAS 4区
TOPIA-Canadian Journal of Cultural Studies,SSCI/SCI/AHCI
Topicos-Revista de Filosofia,CAS 4区
TOPICS IN CATALYSIS,CAS 4区
TOPICS IN CLINICAL NUTRITION,CAS 4区
Topics in Cognitive Science,CAS 2区
Topics in Companion Animal Medicine,CAS 3区
Topics in Current Chemistry,CAS 2区
TOPICS IN EARLY CHILDHOOD SPECIAL EDUCATION,CAS 3区
TOPICS IN GERIATRIC REHABILITATION,CAS 4区
TOPICS IN LANGUAGE DISORDERS,CAS 3区
Topics in Linguistics,CAS 4区
Topics in Spinal Cord Injury Rehabilitation,CAS 4区
Topics in Stroke Rehabilitation,CAS 3区
TOPOI-AN INTERNATIONAL REVIEW OF PHILOSOPHY,CAS 2区
Topoi-Revista de Historia,CAS 4区
Topological Methods in Nonlinear Analysis,CAS 4区
TOPOLOGY AND ITS APPLICATIONS,CAS 4区
Toronto Journal of Theology,CAS 4区
Torre del Virrey-Revista de Estudios Culturales,CAS 4区
Torres de Lucca-Revista Internacional de Filosofia Politica,CAS 4区
Tort Law Review,CAS 4区
Totalitarismus und Demokratie,CAS 4区
TOTAL QUALITY MANAGEMENT & BUSINESS EXCELLENCE,CAS 4区
TOUNG PAO,CAS 4区
Tourism,CAS 4区
Tourism Analysis,CAS 4区
Tourism and Hospitality Management-Croatia,CAS 4区
Tourism and Hospitality Research,CAS 3区
TOURISM CULTURE & COMMUNICATION,CAS 4区
Tourism Economics,CAS 3区
Tourism Geographies,CAS 3区
Tourism Management,CAS 1区 Top
Tourism Management Perspectives,CAS 2区
Tourism & Management Studies,CAS 4区
Tourism Planning & Development,CAS 4区
Tourism Recreation Research,CAS 3区
Tourism Review,CAS 2区 Top
Tourism Review International,CAS 4区
Tourist Studies,CAS 4区
Town and Regional Planning,CAS 4区
TOWN PLANNING REVIEW,CAS 3区
TOXICOLOGICAL AND ENVIRONMENTAL CHEMISTRY,CAS 4区
Toxicological Research,CAS 4区
TOXICOLOGICAL SCIENCES,CAS 3区
TOXICOLOGIC PATHOLOGY,CAS 4区
Toxicologie Analytique et Clinique,CAS 4区
TOXICOLOGY,CAS 3区
TOXICOLOGY AND APPLIED PHARMACOLOGY,CAS 3区
Toxicology and Environmental Health Sciences,CAS 4区
TOXICOLOGY AND INDUSTRIAL HEALTH,CAS 4区
Toxicology Communications,CAS 4区
TOXICOLOGY IN VITRO,CAS 4区
TOXICOLOGY LETTERS,CAS 3区
TOXICOLOGY MECHANISMS AND METHODS,CAS 4区
Toxicology Research,CAS 4区
TOXICON,CAS 4区
Toxicon-X,CAS 3区
Toxics,CAS 3区
Toxin Reviews,CAS 4区
Toxins,CAS 3区
TPM-Testing Psychometrics Methodology in Applied Psychology,CAS 4区
TPM-The Philosophers Magazine,CAS 4区
TQM Journal,CAS 3区
Trabajos de Prehistoria,SSCI/SCI/AHCI
Trabajo Social,CAS 4区
Trabajo Social Global-Global Social Work,CAS 4区
Trabajos y comunicaciones,CAS 4区
TRACE ELEMENTS AND ELECTROLYTES,CAS 4区
TRAC-TRENDS IN ANALYTICAL CHEMISTRY,CAS 1区 Top
Tradition-A Journal of Orthodox Jewish Thought,CAS 4区
Traditional & Kampo Medicine,CAS 4区
Traditional Medicine Research,CAS 4区
Tradition & Discovery,CAS 4区
TRADITIONS OF MUSIC AND DANCE,Indexed
TRADITIO-STUDIES IN ANCIENT AND MEDIEVAL HISTORY THOUGHT AND RELIGION,CAS 2区
Tradumatica-Traduccio i Tecnologies de la Informacio i la Comunicacio,CAS 3区
TRAFFIC,CAS 3区
Traffic Injury Prevention,SSCI/SCIE/SCI
Training and Education in Professional Psychology,CAS 4区
TRAITEMENT AUTOMATIQUE DES LANGUES,CAS 4区
Traitement du Signal,CAS 4区
Trakya University Journal of Natural Sciences,CAS 4区
TRAMES-Journal of the Humanities and Social Sciences,SSCI/SCI/AHCI
Transactions in GIS,CAS 3区
Transactions of A Razmadze Mathematical Institute,CAS 4区
Transactions of FAMENA,CAS 4区
TRANSACTIONS OF NONFERROUS METALS SOCIETY OF CHINA,CAS 2区
TRANSACTIONS OF THE AMERICAN ENTOMOLOGICAL SOCIETY,CAS 4区
TRANSACTIONS OF THE AMERICAN FISHERIES SOCIETY,CAS 3区
TRANSACTIONS OF THE AMERICAN MATHEMATICAL SOCIETY,CAS 2区
Transactions of the American Philological Association,CAS 1区 Top
Transactions of the Association for Computational Linguistics,SSCI/SCIE/SCI/AHCI
Transactions of the Canadian Society for Mechanical Engineering,CAS 4区
TRANSACTIONS OF THE CHARLES S PEIRCE SOCIETY,CAS 3区
Transactions of the Indian Ceramic Society,CAS 4区
TRANSACTIONS OF THE INDIAN INSTITUTE OF METALS,CAS 4区
TRANSACTIONS OF THE INSTITUTE OF BRITISH GEOGRAPHERS,CAS 1区 Top
TRANSACTIONS OF THE INSTITUTE OF MEASUREMENT AND CONTROL,CAS 4区
TRANSACTIONS OF THE INSTITUTE OF METAL FINISHING,CAS 4区
TRANSACTIONS OF THE JAPAN SOCIETY FOR AERONAUTICAL AND SPACE SCIENCES,CAS 4区
Transactions of the Korean Society of Mechanical Engineers A,CAS 4区
Transactions of the Korean Society of Mechanical Engineers B,CAS 4区
Transactions of the London Mathematical Society,CAS 2区
TRANSACTIONS OF THE PHILOLOGICAL SOCIETY,CAS 3区
TRANSACTIONS OF THE ROYAL SOCIETY OF SOUTH AUSTRALIA,CAS 4区
TRANSACTIONS OF THE ROYAL SOCIETY OF TROPICAL MEDICINE AND HYGIENE,CAS 4区
TRANSACTIONS OF TIANJIN UNIVERSITY,CAS 3区
Transactions on Combinatorics,CAS 4区
Transactions on Data Privacy,CAS 4区
Transactions on Electrical and Electronic Materials,CAS 4区
Transactions on Emerging Telecommunications Technologies,CAS 4区
Transactions on Maritime Science-ToMS,CAS 4区
Transboundary and Emerging Diseases,CAS 2区
Transcription-Austin,CAS 3区
Transcultural Psychiatry,CAS 3区
Transcultural Studies,CAS 4区
Transfer-European Review of Labour and Research,CAS 3区
Transfers-Interdisciplinary Journal of Mobility Studies,CAS 4区
Trans-Form-Acao,CAS 4区
Transformation-An International Journal of Holistic Mission Studies,CAS 4区
Transformation-Critical Perspectives on Southern Africa,CAS 4区
TRANSFORMATION GROUPS,CAS 4区
Transformations in Business & Economics,CAS 4区
Transforming Anthropology,CAS 2区
Transforming Government- People Process and Policy,CAS 4区
TRANSFUSION,CAS 3区
TRANSFUSION AND APHERESIS SCIENCE,CAS 4区
TRANSFUSION CLINIQUE ET BIOLOGIQUE,CAS 4区
TRANSFUSION MEDICINE,CAS 4区
TRANSFUSION MEDICINE AND HEMOTHERAPY,CAS 4区
TRANSFUSION MEDICINE REVIEWS,CAS 2区
Transfusionsmedizin,CAS 4区
Transgender Health,SSCI/SCIE/SCI
TRANSGENIC RESEARCH,CAS 3区
Transinformacao,CAS 4区
Transition,CAS 4区
TRANSITION METAL CHEMISTRY,CAS 4区
Translational and Clinical Pharmacology,CAS 4区
Translational Andrology and Urology,CAS 4区
Translational Animal Science,CAS 4区
Translational Behavioral Medicine,SSCI/SCIE/SCI
Translational Breast Cancer Research,Indexed
Translational Cancer Research,CAS 4区
Translational Gastroenterology and Hepatology,CAS 4区
Translational Issues in Psychological Science,CAS 3区
Translational Journal of the American College of Sports Medicine,CAS 4区
Translational Lung Cancer Research,CAS 3区
Translational Medicine at UniSa,CAS 4区
Translational Neurodegeneration,CAS 1区 Top
Translational Neuroscience,CAS 4区
Translational Oncology,CAS 3区
Translational Pediatrics,CAS 4区
Translational Psychiatry,CAS 2区 Top
Translational Research,CAS 2区
Translational Sports Medicine,CAS 4区
Translational Stroke Research,CAS 2区
Translational Vision Science & Technology,CAS 2区
Translation and Interpreting Studies,SSCI/SCI/AHCI
Translation and Literature,CAS 2区
Translation and Translanguaging in Multilingual Contexts,CAS 2区
Translation & Interpreting-The International Journal of Translation and Interpreting,CAS 2区
TRANSLATION REVIEW,CAS 3区
Translation Spaces,CAS 3区
Translation Studies,SSCI/SCI/AHCI
Translator,SSCI/SCI/AHCI
Transnational Corporations Review,CAS 3区
Transnational Environmental Law,CAS 2区
Transnational Screens,CAS 1区 Top
TransNav-International Journal on Marine Navigation and Safety of Sea Transportation,CAS 4区
Trans-pasando Fronteras,CAS 4区
TRANSPLANTATION,CAS 2区
Transplantation and Cellular Therapy,CAS 3区
Transplantation Direct,CAS 4区
TRANSPLANTATION PROCEEDINGS,CAS 4区
Transplantation Reviews,CAS 2区
Transplant Immunology,CAS 4区
Transplant Infectious Disease,CAS 4区
TRANSPLANT INTERNATIONAL,CAS 3区
Transplant Research and Risk Management,CAS 4区
Transport,CAS 4区
Transport and Telecommunication Journal,CAS 4区
TRANSPORTATION,SSCI/SCIE/SCI
Transportation Geotechnics,CAS 2区
Transportation in Developing Economies,CAS 4区
Transportation Infrastructure Geotechnology,CAS 3区
TRANSPORTATION JOURNAL,CAS 4区
Transportation Letters-The International Journal of Transportation Research,SSCI/SCIE/SCI
TRANSPORTATION PLANNING AND TECHNOLOGY,CAS 4区
Transportation Research Interdisciplinary Perspectives,CAS 3区
TRANSPORTATION RESEARCH PART A-POLICY AND PRACTICE,SSCI/SCIE/SCI
TRANSPORTATION RESEARCH PART B-METHODOLOGICAL,SSCI/SCIE/SCI
TRANSPORTATION RESEARCH PART C-EMERGING TECHNOLOGIES,CAS 1区 Top
TRANSPORTATION RESEARCH PART D-TRANSPORT AND ENVIRONMENT,SSCI/SCIE/SCI
TRANSPORTATION RESEARCH PART E-LOGISTICS AND TRANSPORTATION REVIEW,SSCI/SCIE/SCI
TRANSPORTATION RESEARCH PART F-TRAFFIC PSYCHOLOGY AND BEHAVIOUR,CAS 2区
TRANSPORTATION RESEARCH RECORD,CAS 4区
Transportation Safety and Environment,CAS 3区
TRANSPORTATION SCIENCE,SSCI/SCIE/SCI
TRANSPORT IN POROUS MEDIA,CAS 3区
Transportmetrica A-Transport Science,SSCI/SCIE/SCI
Transportmetrica B-Transport Dynamics,SSCI/SCIE/SCI
Transport Policy,CAS 1区 Top
Transport Problems,CAS 4区
TRANSPORT REVIEWS,CAS 1区 Top
Trans-Revista de Traductologia,CAS 4区
Trans-Revista Transcultural de Musica,CAS 3区
Trans-Revue de Litterature Generale et Comparee,CAS 4区
TRaNS-Trans-Regional and -National Studies of Southeast Asia,CAS 4区
Transylvanian Review,CAS 4区
Transylvanian Review of Administrative Sciences,CAS 4区
Trashumante-Revista Americana de Historia Social,CAS 4区
Trauma-England,CAS 4区
Trauma Monthly,CAS 4区
Trauma Surgery & Acute Care Open,CAS 3区
Traumatology,CAS 4区
Trauma Violence & Abuse,CAS 1区 Top
Travail Genre et Societes,CAS 4区
TRAVAIL HUMAIN,SSCI/SCIE/SCI
Travel Behaviour and Society,CAS 1区 Top
Travel Medicine and Infectious Disease,CAS 3区
Travmatologiya i ortopediya Rossii,CAS 4区
Treballs de Sociolinguistica Catalana,CAS 4区
Tree Genetics & Genomes,CAS 3区
TREE PHYSIOLOGY,CAS 2区 Top
Tree-Ring Research,CAS 4区
Trees Forests and People,CAS 2区
TREES-STRUCTURE AND FUNCTION,CAS 3区
Tremor and Other Hyperkinetic Movements,CAS 4区
Trends and Issues in Crime and Criminal Justice,CAS 4区
Trends in Anaesthesia and Critical Care,CAS 4区
TRENDS IN BIOCHEMICAL SCIENCES,CAS 1区 Top
TRENDS IN BIOTECHNOLOGY,CAS 1区 Top
Trends in Cancer,CAS 1区 Top
TRENDS IN CARDIOVASCULAR MEDICINE,CAS 2区
TRENDS IN CELL BIOLOGY,CAS 1区 Top
Trends in Chemistry,CAS 1区 Top
Trends in Classics,CAS 4区
TRENDS IN COGNITIVE SCIENCES,CAS 1区 Top
TRENDS IN ECOLOGY & EVOLUTION,CAS 1区 Top
TRENDS IN ENDOCRINOLOGY AND METABOLISM,CAS 1区 Top
Trends in Environmental Analytical Chemistry,CAS 2区
TRENDS IN FOOD SCIENCE & TECHNOLOGY,CAS 1区 Top
TRENDS IN GENETICS,CAS 1区 Top
TRENDS IN GLYCOSCIENCE AND GLYCOTECHNOLOGY,CAS 4区
Trends in Hearing,CAS 2区
TRENDS IN IMMUNOLOGY,CAS 2区
TRENDS IN MICROBIOLOGY,CAS 1区 Top
TRENDS IN MOLECULAR MEDICINE,CAS 1区 Top
Trends in Neuroscience and Education,CAS 2区
TRENDS IN NEUROSCIENCES,CAS 1区 Top
Trends in Organized Crime,CAS 3区
TRENDS IN PARASITOLOGY,CAS 2区
Trends in Pediatrics,Indexed
TRENDS IN PHARMACOLOGICAL SCIENCES,CAS 1区 Top
TRENDS IN PLANT SCIENCE,CAS 1区 Top
Trends in Psychiatry and Psychotherapy,CAS 4区
Trends in Urology & Mens Health,CAS 4区
Trials,CAS 4区
TRIA-Territorio della Ricerca su Insediamenti e Ambiente,CAS 4区
Tribology International,CAS 1区 Top
TRIBOLOGY LETTERS,CAS 3区
Tribology-Materials Surfaces & Interfaces,CAS 4区
Tribology Online,CAS 4区
TRIBOLOGY TRANSACTIONS,CAS 4区
TRIMESTRE ECONOMICO,CAS 4区
TRIPLEC-Communication Capitalism & Critique,CAS 3区
Triple Helix,CAS 4区
Tripodos,CAS 4区
TROPICAL AGRICULTURE,CAS 4区
TROPICAL ANIMAL HEALTH AND PRODUCTION,CAS 3区
Tropical Animal Science Journal,CAS 4区
TROPICAL BIOMEDICINE,CAS 4区
Tropical Conservation Science,CAS 4区
Tropical Cyclone Research and Review,CAS 4区
Tropical Diseases Travel Medicine and Vaccines,CAS 4区
TROPICAL DOCTOR,CAS 4区
TROPICAL ECOLOGY,CAS 4区
Tropical Grasslands-Forrajes Tropicales,CAS 4区
Tropical Life Sciences Research,CAS 4区
Tropical Medicine and Health,CAS 3区
Tropical Medicine and Infectious Disease,CAS 3区
TROPICAL MEDICINE & INTERNATIONAL HEALTH,CAS 4区
Tropical Plant Biology,CAS 4区
Tropical Plant Pathology,CAS 4区
TROPICAL PLANTS,Indexed
TROPICAL ZOOLOGY,CAS 4区
Tropics,CAS 4区
Trudy Instituta Matematiki i Mekhaniki UrO RAN,CAS 4区
Trumpeter-Journal of Ecosophy,CAS 4区
Trusts & Trustees,CAS 4区
Tsinghua China Law Review,CAS 4区
TSINGHUA SCIENCE AND TECHNOLOGY,CAS 2区
TSQ-Transgender Studies Quarterly,CAS 3区
Tsukuba Journal of Mathematics,CAS 4区
Tuberculosis,CAS 4区
Tuberculosis and Respiratory Diseases,CAS 4区
Tuberkuloz ve Toraks-Tuberculosis and Thorax,CAS 4区
TUEXENIA,CAS 4区
TULSA STUDIES IN WOMENS LITERATURE,CAS 2区
Tumori Journal,CAS 4区
Tumour Virus Research,CAS 2区
Tuna-Ajalookultuuri Ajakiri,CAS 4区
Tungsten,CAS 2区
Tuning Journal for Higher Education,CAS 4区
Tunisian Journal of Mathematics,CAS 4区
TUNNELLING AND UNDERGROUND SPACE TECHNOLOGY,CAS 1区 Top
Turczaninowia,CAS 4区
Turk Dermatoloji Dergisi-Turkish Journal of Dermatology,CAS 4区
Turkderm-Turkish Archives of Dermatology and Venerology,CAS 4区
Turk Dili ve Edebiyati Dergisi-Journal of Turkish Language and Literature,CAS 4区
Turk Gogus Kalp Damar Cerrahisi Dergisi-Turkish Journal of Thoracic and Cardiovascular Surgery,CAS 4区
Turkic Languages,CAS 4区
Turkish Archives of Otorhinolaryngology,CAS 4区
Turkish Archives of Pediatrics,CAS 4区
Turkish Historical Review,CAS 4区
Turkish Journal of Agriculture and Forestry,CAS 3区
Turkish Journal of Anaesthesiology and Reanimation,CAS 4区
Turkish Journal of Biochemistry-Turk Biyokimya Dergisi,CAS 4区
TURKISH JOURNAL OF BIOLOGY,CAS 4区
TURKISH JOURNAL OF BOTANY,CAS 4区
Turkish Journal of Business Ethics,CAS 4区
TURKISH JOURNAL OF CHEMISTRY,CAS 4区
Turkish Journal of Civil Engineering,CAS 4区
TURKISH JOURNAL OF EARTH SCIENCES,CAS 4区
Turkish Journal of Education,CAS 4区
Turkish Journal of Electrical Engineering and Computer Sciences,CAS 4区
Turkish Journal of Emergency Medicine,CAS 4区
Turkish Journal of Field Crops,CAS 4区
Turkish Journal of Fisheries and Aquatic Sciences,CAS 4区
Turkish Journal of Gastroenterology,CAS 4区
Turkish Journal of Geriatrics-Turk Geriatri Dergisi,SSCI/SCIE/SCI
Turkish Journal of Hematology,CAS 4区
Turkish Journal of History-Tarih Dergisi,CAS 4区
Turkish Journal of Immunology,CAS 4区
Turkish Journal of Intensive Care-Turk Yogun Bakim Dergisi,CAS 4区
Turkish Journal of Islamic Economics-TUJISE,CAS 4区
Turkish Journal of Mathematics,CAS 4区
Turkish Journal Of Medical Sciences,CAS 4区
Turkish Journal of Nephrology,CAS 4区
Turkish Journal of Neurology,CAS 4区
Turkish Journal of Obstetrics and Gynecology,CAS 4区
Turkish Journal of Orthodontics,CAS 4区
Turkish Journal of Pathology,CAS 4区
TURKISH JOURNAL OF PEDIATRICS,CAS 4区
Turkish Journal of Pharmaceutical Sciences,CAS 4区
Turkish Journal of Physical Medicine and Rehabilitation,CAS 4区
Turkish Journal of Physics,CAS 4区
Turkish Journal of Physiotherapy Rehabilitation-Turk Fizyoterapi ve Rehabilitasyon Dergisi,CAS 4区
Turkish Journal of Plastic Surgery,CAS 4区
Turkish Journal of Surgery,CAS 4区
TURKISH JOURNAL OF VETERINARY & ANIMAL SCIENCES,CAS 4区
TURKISH JOURNAL OF ZOOLOGY,CAS 4区
Turkish Librarianship,CAS 4区
Turkish Neurosurgery,CAS 4区
Turkish Online Journal of Distance Education,CAS 4区
Turkish Policy Quarterly,CAS 4区
Turkish Studies,CAS 3区
TURKIYE ENTOMOLOJI DERGISI-TURKISH JOURNAL OF ENTOMOLOGY,CAS 4区
Turkiye Iletisim Arastirmalari Dergisi-Turkish Review of Communication Studies,CAS 4区
Turkiye Jeoloji Bulteni-Geological Bulletin of Turkey,CAS 4区
Turk Kardiyoloji Dernegi Arsivi-Archives of the Turkish Society of Cardiology,CAS 4区
Turk Oftalmoloji Dergisi-Turkish Journal of Ophthalmology,CAS 4区
Turk Onkoloji Dergisi-Turkish Journal of Oncology,CAS 4区
Turk Osteoporoz Dergisi-Turkish Journal of Osteoporosis,CAS 4区
Turk Psikiyatri Dergisi,CAS 4区
TURK PSIKOLOJI DERGISI,CAS 4区
Tusculum-Casopis Za Solinske Teme,CAS 4区
Twentieth Century British History,CAS 1区 Top
Twentieth-Century China,CAS 3区
TWENTIETH CENTURY LITERATURE,CAS 3区
Twentieth-Century Music,CAS 1区 Top
Twin Research and Human Genetics,CAS 4区
TWMS Journal of Applied and Engineering Mathematics,CAS 4区
TWMS Journal of Pure and Applied Mathematics,CAS 2区
Tydskrif Vir Die Suid-Afrikaanse Reg,CAS 4区
Tydskrif Vir Geesteswetenskappe,CAS 4区
Tydskrif vir letterkunde,CAS 3区
Tyndale Bulletin,CAS 2区
Tzintzun-Revista de Estudios Historicos,CAS 4区
Tzu Chi Medical Journal,CAS 4区
Uchenye Zapiski Kazanskogo Universiteta-Seriya Estestvennye Nauki,CAS 4区
Uchenye Zapiski Kazanskogo Universiteta-Seriya Fiziko-Matematicheskie Nauki,CAS 4区
UCJC Business and Society Review,CAS 4区
UCLA LAW REVIEW,CAS 2区
Ufa Mathematical Journal,CAS 4区
UHOD-Uluslararasi Hematoloji-Onkoloji Dergisi,CAS 4区
UIS Ingenierias,CAS 4区
Ukrainian Food Journal,CAS 4区
Ukrainian Journal of Physical Optics,CAS 4区
Ukrainian Journal of Physics,CAS 4区
Ukrainian Mathematical Journal,CAS 4区
Ukrainian Metrological Journal,CAS 4区
Ukrainskyi Istorychnyi Zhurnal,CAS 4区
Ultrafast Science,Indexed
ULTRAMICROSCOPY,CAS 3区
ULTRASCHALL IN DER MEDIZIN,CAS 2区
ULTRASONIC IMAGING,CAS 3区
ULTRASONICS,CAS 2区 Top
ULTRASONICS SONOCHEMISTRY,CAS 1区 Top
Ultrasonography,CAS 3区
Ultrasound,CAS 4区
ULTRASOUND IN MEDICINE AND BIOLOGY,CAS 3区
ULTRASOUND IN OBSTETRICS & GYNECOLOGY,CAS 1区 Top
Ultrasound International Open,CAS 4区
Ultrasound Journal,CAS 2区
Ultrasound Quarterly,CAS 4区
ULTRASTRUCTURAL PATHOLOGY,CAS 4区
Ulusal Travma ve Acil Cerrahi Dergisi-Turkish Journal of Trauma & Emergency Surgery,CAS 4区
Uluslararasi Iliskiler-International Relations,CAS 4区
Umeni-Art,CAS 4区
Unconventional Resources,CAS 4区
Underground Space,CAS 1区 Top
Undersea and Hyperbaric Medicine,CAS 4区
Unfallchirurgie,CAS 4区
Uniciencia,CAS 4区
Uniform Law Review,CAS 4区
Uni-pluriversidad,CAS 4区
United European Gastroenterology Journal,CAS 2区
Universal Access in the Information Society,SSCI/SCIE/SCI
Universa Medicina,CAS 4区
Universe,CAS 3区
Universitas Medica,CAS 4区
UNIVERSITAS-Monthly Review of Philosophy and Culture,CAS 4区
Universitas Psychologica,CAS 4区
Universitas-Revista de Ciencias Sociales y Humanas,CAS 4区
University of Bologna Law Review,CAS 4区
UNIVERSITY OF CHICAGO LAW REVIEW,CAS 3区
UNIVERSITY OF CINCINNATI LAW REVIEW,CAS 4区
UNIVERSITY OF ILLINOIS LAW REVIEW,CAS 4区
UNIVERSITY OF NEW SOUTH WALES LAW JOURNAL,CAS 4区
University of Pennsylvania Journal of International Law,CAS 4区
UNIVERSITY OF PENNSYLVANIA LAW REVIEW,Indexed
UNIVERSITY OF PITTSBURGH LAW REVIEW,CAS 4区
University of Toronto Journal of Undergraduate Life Sciences,CAS 4区
UNIVERSITY OF TORONTO LAW JOURNAL,CAS 4区
University of Toronto Medical Journal,CAS 4区
UNIVERSITY OF TORONTO QUARTERLY,CAS 3区
University of Western Australia Law Review,CAS 4区
University Politehnica of Bucharest Scientific Bulletin-Series A-Applied Mathematics and Physics,CAS 4区
University Politehnica of Bucharest Scientific Bulletin Series B-Chemistry and Materials Science,CAS 4区
University Politehnica of Bucharest Scientific Bulletin Series C-Electrical Engineering and Computer Science,CAS 4区
Universum-Revista de Humanidades y Ciencias Sociales,CAS 4区
Unmanned Systems,CAS 3区
Unterrichtspraxis-Teaching German,CAS 4区
Updates in Surgery,CAS 3区
Upravlenets-The Manager,CAS 4区
UPSALA JOURNAL OF MEDICAL SCIENCES,CAS 4区
URBAN AFFAIRS REVIEW,CAS 2区
Urban Climate,CAS 2区
Urban Design International,SSCI/SCI/AHCI
URBAN ECOSYSTEMS,CAS 3区
URBAN EDUCATION,CAS 3区
URBAN FORESTRY & URBAN GREENING,SSCI/SCIE/SCI
Urban Forum,CAS 3区
URBAN GEOGRAPHY,CAS 1区 Top
Urban History,CAS 3区
URBAN HISTORY REVIEW-REVUE D HISTOIRE URBAINE,CAS 3区
Urbani Izziv-Urban Challenge,CAS 4区
Urbanities-Journal of Urban Ethnography,CAS 4区
URBAN MORPHOLOGY,CAS 4区
Urbano,CAS 4区
Urban Planning,CAS 3区
Urban Policy and Research,CAS 4区
Urban Rail Transit,CAS 3区
Urban Research & Practice,CAS 3区
Urban Science,CAS 3区
URBAN STUDIES,CAS 1区 Top
Urban Water Journal,CAS 4区
Urbe-Revista Brasileira de Gestao Urbana,CAS 4区
Urdimento-Revista de Estudos em Artes Cenicas,CAS 4区
Urogynecology,CAS 4区
Urolithiasis,CAS 3区
UROLOGIA INTERNATIONALIS,CAS 4区
Urologia Journal,CAS 4区
Urological Science,CAS 4区
UROLOGIC CLINICS OF NORTH AMERICA,CAS 3区
UROLOGIC ONCOLOGY-SEMINARS AND ORIGINAL INVESTIGATIONS,CAS 3区
Urologie,CAS 4区
UROLOGY,CAS 3区
Urology Annals,CAS 4区
Urology Case Reports,CAS 4区
Urology Journal,CAS 4区
Urology Practice,CAS 4区
Urology Research and Practice,CAS 4区
Uroonkoloji Bulteni-Bulletin of Urooncology,CAS 4区
URSUS,CAS 4区
URVIO-Revista Latinoamericana de Estudios de Seguridad,CAS 4区
US Catholic Historian,CAS 4区
USER MODELING AND USER-ADAPTED INTERACTION,CAS 2区
Uspekhi Fiziki Metallov-Progress in Physics of Metals,CAS 4区
US PHARMACIST,CAS 4区
Utilitas,CAS 2区 Top
Utilities Policy,SSCI/SCIE/SCI
Utopian Studies,CAS 3区
Utrecht Journal of International and European Law,CAS 4区
Utrecht Law Review,CAS 4区
Vaccine,CAS 3区
Vaccines,CAS 3区
Vaccine: X,CAS 4区
Vacuum,CAS 3区
VADOSE ZONE JOURNAL,CAS 3区
Vakuum in Forschung und Praxis,CAS 4区
Valenciana,CAS 4区
VALUE IN HEALTH,SSCI/SCIE/SCI
Value in Health Regional Issues,CAS 4区
VANDERBILT LAW REVIEW,CAS 2区
Vasa-European Journal of Vascular Medicine,CAS 3区
Vascular,CAS 4区
Vascular and Endovascular Surgery,CAS 4区
Vascular Health and Risk Management,CAS 3区
VASCULAR MEDICINE,CAS 3区
VASCULAR PHARMACOLOGY,CAS 3区
Vascular Specialist International,CAS 4区
Vavilovskii Zhurnal Genetiki i Selektsii,CAS 4区
VECTOR-BORNE AND ZOONOTIC DISEASES,CAS 4区
Vegetable Research,Indexed
Vegetation Classification and Survey,Indexed
VEGETATION HISTORY AND ARCHAEOBOTANY,CAS 2区
Vegueta-Anuario de la Facultad de Geografia e Historia,CAS 4区
Vehicles,CAS 4区
VEHICLE SYSTEM DYNAMICS,CAS 2区
Vehicular Communications,CAS 2区
Veleia,CAS 4区
Venture Capital,CAS 4区
Verba-Anuario Galego de Filoloxia,CAS 4区
Verbo de Minas,CAS 4区
Verbum,CAS 4区
Verbum Vitae,Indexed
Veredas do Direito,CAS 4区
Veredas-Revista da Associacao Internacional de Lusitanistas,CAS 4区
Verge-Studies in Global Asias,Indexed
VERHALTENSTHERAPIE,SSCI/SCIE/SCI
VERIFICHE,CAS 4区
Vernacular Architecture,Indexed
Versus-Quaderni di Studi Semiotici,CAS 4区
Vertebrate Zoology,CAS 2区
Vessel Plus,Indexed
Vestnik Drevnei Istorii-Journal of Ancient History,CAS 3区
Vestnik Mezhdunarodnykh Organizatsii-International Organisations Research Journal,CAS 4区
Vestnik Moskovskogo universiteta. Seriya 10. Zhurnalistika,CAS 4区
Vestnik of Saint Petersburg University Earth Sciences,CAS 4区
Vestnik of Saint Petersburg University-Law-Vestnik Sankt-Peterburgskogo Universiteta-Pravo,CAS 4区
Vestnik Permskogo Universiteta-Istoriya-Perm University Herald-History,CAS 4区
Vestnik Permskogo Universiteta-Juridicheskie Nauki,CAS 4区
Vestnik Pravoslavnogo Svyato-Tikhonovskogo Gumanitarnogo Universiteta-Seriya I-Bogoslovie-Filosofiya-Religiovedenie,CAS 4区
Vestnik Samarskogo Gosudarstvennogo Tekhnicheskogo Universiteta-Seriya-Fiziko-Matematicheskiye Nauki,CAS 4区
Vestnik Sankt-Peterburgskogo Universiteta-Ekonomika-St Petersburg University Journal of Economic Studies,CAS 4区
Vestnik Sankt-Peterburgskogo Universiteta-Filosofiya i Konfliktologiya,CAS 4区
Vestnik Sankt-Peterburgskogo Universiteta-Iskusstvovedenie,CAS 3区
Vestnik Sankt-Peterburgskogo Universiteta-Istoriya,CAS 4区
Vestnik Sankt-Peterburgskogo Universiteta Seriya 10 Prikladnaya Matematika Informatika Protsessy Upravleniya,CAS 4区
Vestnik Sankt-Peterburgskogo Universiteta-Yazyk i Literatura,CAS 4区
Vestnik Slavianskikh Kultur-Bulletin of Slavic Cultures-Scientific and Informational Journal,CAS 4区
Vestnik St Petersburg University-Mathematics,CAS 4区
Vestnik Tomskogo Gosudarstvennogo Universiteta-Biologiya,CAS 4区
Vestnik Tomskogo Gosudarstvennogo Universiteta Filologiya-Tomsk State University Journal of Philology,CAS 4区
Vestnik Tomskogo Gosudarstvennogo Universiteta-Filosofiya-Sotsiologiya-Politologiya-Tomsk State University Journal of Philosophy Sociology and Political Science,CAS 4区
Vestnik Tomskogo Gosudarstvennogo Universiteta Istoriya-Tomsk State University Journal of History,CAS 4区
Vestnik Tomskogo Gosudarstvennogo Universiteta-Kulturologiya i Iskusstvovedenie-Tomsk State University Journal of Cultural Studies and Art History,CAS 4区
Vestnik Tomskogo Gosudarstvennogo Universiteta-Matematika i Mekhanika-Tomsk State University Journal of Mathematics and Mechanics,CAS 4区
Vestnik Tomskogo Gosudarstvennogo Universiteta-Pravo-Tomsk State University Journal of Law,CAS 4区
Vestnik Tomskogo Gosudarstvennogo Universiteta-Upravlenie Vychislitelnaja Tehnika i Informatika-Tomsk State University Journal of Control and Computer Science,CAS 4区
Vestnik Transplantologii i Iskusstvennyh Organov,CAS 4区
Vestnik Udmurtskogo Universiteta-Matematika Mekhanika Kompyuternye Nauki,CAS 4区
Vestnik Ugrovedeniya-Bulletin of Ugric Studies,CAS 4区
Vestnik Volgogradskogo Gosudarstvennogo Universiteta-Seriya 2-Yazykoznanie,CAS 4区
Veterinaria Italiana,CAS 4区
VETERINARIA MEXICO,CAS 4区
VETERINARNI MEDICINA,CAS 4区
VETERINARSKI ARHIV,CAS 4区
VETERINARY ANAESTHESIA AND ANALGESIA,CAS 2区
Veterinary and Animal Science,CAS 3区
Veterinary and Comparative Oncology,CAS 2区
VETERINARY AND COMPARATIVE ORTHOPAEDICS AND TRAUMATOLOGY,CAS 3区
VETERINARY CLINICAL PATHOLOGY,CAS 3区
VETERINARY CLINICS OF NORTH AMERICA-EQUINE PRACTICE,CAS 3区
VETERINARY CLINICS OF NORTH AMERICA-FOOD ANIMAL PRACTICE,CAS 3区
VETERINARY CLINICS OF NORTH AMERICA-SMALL ANIMAL PRACTICE,CAS 2区
VETERINARY DERMATOLOGY,CAS 2区
VETERINARY IMMUNOLOGY AND IMMUNOPATHOLOGY,CAS 3区
VETERINARY JOURNAL,CAS 2区
Veterinary Medicine and Science,CAS 3区
Veterinary Medicine International,CAS 3区
Veterinary Medicine-Research and Reports,CAS 3区
VETERINARY MICROBIOLOGY,CAS 2区
VETERINARY OPHTHALMOLOGY,CAS 3区
VETERINARY PARASITOLOGY,CAS 3区
Veterinary Parasitology- Regional Studies and Reports,CAS 4区
VETERINARY PATHOLOGY,CAS 2区
VETERINARY QUARTERLY,CAS 2区
VETERINARY RADIOLOGY & ULTRASOUND,CAS 3区
VETERINARY RECORD,CAS 3区
Veterinary Record Case Reports,CAS 4区
Veterinary Record Open,CAS 3区
VETERINARY RESEARCH,CAS 2区
VETERINARY RESEARCH COMMUNICATIONS,CAS 3区
Veterinary Research Forum,CAS 4区
Veterinary Sciences,CAS 3区
VETERINARY SURGERY,CAS 2区
Veterinary World,CAS 3区
VETUS TESTAMENTUM,CAS 3区
Via Atlantica,CAS 4区
VIAL-Vigo International Journal of Applied Linguistics,SSCI/SCI/AHCI
VIATOR-MEDIEVAL AND RENAISSANCE STUDIES,CAS 4区
Vibration,CAS 3区
VIBRATIONAL SPECTROSCOPY,CAS 3区
Vichiana,Indexed
Victims & Offenders,CAS 4区
Victorian Historical Journal,CAS 4区
VICTORIAN LITERATURE AND CULTURE,CAS 2区
Victorian Periodicals Review,CAS 2区
VICTORIAN POETRY,CAS 3区
Victorian Review-An Interdisciplinary Journal of Victorian Studies,CAS 4区
VICTORIAN STUDIES,CAS 3区
Victoriographies-A Journal of Nineteenth-Century Writing 1790-1914,CAS 3区
Video-Assisted Thoracic Surgery,CAS 4区
Videosurgery and Other Miniinvasive Techniques,CAS 4区
VIE ET MILIEU-LIFE AND ENVIRONMENT,CAS 4区
VIERTELJAHRSHEFTE FUR ZEITGESCHICHTE,CAS 4区
Vietnam Journal of Chemistry,CAS 4区
Vietnam Journal of Computer Science,CAS 4区
Vietnam Journal of Earth Sciences,CAS 4区
Vietnam Journal of Mathematics,CAS 4区
VIEW,CAS 3区
Vigilancia Sanitaria em Debate-Sociedade Ciencia & Tecnologia,CAS 4区
VIGILIAE CHRISTIANAE,CAS 3区
Vinculos de Historia,CAS 4区
VINE Journal of Information and Knowledge Management Systems,CAS 4区
VIOLENCE AGAINST WOMEN,CAS 3区
Violence and Gender,CAS 4区
Violence and Victims,CAS 4区
Virajes-Revista de Antropologia y Sociologia,CAS 4区
Viral Hepatit Dergisi-Viral Hepatitis Journal,CAS 4区
VIRAL IMMUNOLOGY,CAS 4区
VIRCHOWS ARCHIV,CAS 2区
VIREF-Revista de Educacion Fisica,CAS 4区
VIRGINIA LAW REVIEW,CAS 1区 Top
VIRGINIA QUARTERLY REVIEW,Indexed
VIROLOGICA SINICA,CAS 2区
VIROLOGIE,CAS 4区
VIROLOGY,CAS 4区
Virology Journal,CAS 3区
Virtual and Physical Prototyping,CAS 1区 Top
Virtual Archaeology Review,CAS 2区
Virtualidad Educacion y Ciencia,CAS 4区
VIRTUAL REALITY,CAS 2区
Virtual Reality & Intelligent Hardware,Indexed
Virulence,CAS 1区 Top
Viruses-Basel,CAS 3区
Virus Evolution,CAS 3区
VIRUS GENES,CAS 4区
VIRUS RESEARCH,CAS 4区
Visceral Medicine,CAS 4区
Vision,Indexed
Vision Gerencial,CAS 4区
VISION RESEARCH,CAS 4区
Visions for Sustainability,Indexed
Vision-The Journal of Business Perspective,CAS 4区
Visitor Studies,CAS 4区
Visnyk NTUU KPI Seriia-Radiotekhnika Radioaparatobuduvannia,CAS 4区
Visnyk of Taras Shevchenko National University of Kyiv-Geology,CAS 4区
Visnyk of V N Karazin Kharkiv National University-Series Geology Geography Ecology,CAS 4区
Visual Anthropology,CAS 4区
Visual Anthropology Review,CAS 4区
VISUAL COGNITION,CAS 4区
Visual Communication,CAS 2区
Visual Communication Quarterly,CAS 4区
VISUAL COMPUTER,CAS 3区
Visual Computing for Industry Biomedicine and Art,CAS 3区
Visual Ethnography,CAS 4区
Visual Informatics,CAS 2区
Visual Inquiry-Learning & Teaching Art,CAS 4区
VISUAL NEUROSCIENCE,CAS 4区
Visual Resources,CAS 3区
Visual Studies,CAS 4区
VITIS,CAS 4区
VITRUVIO-International Journal of Architectural Technology and Sustainability,CAS 4区
VIVARIUM-AN INTERNATIONAL JOURNAL FOR THE PHILOSOPHY AND INTELLECTUAL LIFE OF THE MIDDLE AGES AND RENAISSANCE,CAS 2区
Vivat Academia,CAS 4区
Vizantiiskii Vremennik,CAS 4区
Vjesnik Arheoloskog Muzeja u Zagrebu,CAS 4区
Vjesnik za arheologiju i povijest dalmatinsku,CAS 4区
VLAAMS DIERGENEESKUNDIG TIJDSCHRIFT,CAS 4区
VLC Arquitectura-Research Journal,CAS 3区
VLDB JOURNAL,CAS 2区
Vocations and Learning,CAS 4区
Voice and Speech Review,Indexed
VOICES-THE JOURNAL OF NEW YORK FOLKLORE,CAS 4区
VOIX & IMAGES,Indexed
Voix Plurielles,CAS 4区
Vojenske Rozhledy-Czech Military Review,CAS 4区
Vojnosanitetski Pregled,CAS 4区
Volcanica,Indexed
Volgogradskii Gosudarstvennyi Universitet-Vestnik-Seriya 4-Istoriya Regionovedenie Mezhdunarodnye Otnosheniya,CAS 4区
VOLKSKUNDE,CAS 4区
Voluntary Sector Review,CAS 4区
Voluntas,CAS 3区
Voprosy Ekonomiki,CAS 4区
VOPROSY FILOSOFII,CAS 4区
Voprosy Gosudarstvennogo i Munitsipalnogo Upravleniya-Public Administration Issues,CAS 4区
Voprosy Leksikografii-Russian Journal of Lexicography,CAS 2区
Voprosy Obrazovaniya-Educational Studies Moscow,CAS 4区
Voprosy Onomastiki-Problems of Onomastics,CAS 3区
VOPROSY PSIKHOLOGII,CAS 4区
Voprosy Yazykoznaniya,CAS 3区
Vox Juris,CAS 4区
Vox Patrum,CAS 4区
VOX SANGUINIS,CAS 4区
Voz y Escritura-Revista de Estudios Literarios,Indexed
VSWG-Vierteljahrschrift fur Sozial-und Wirtschaftsgeschichte,CAS 4区
Vulcan,CAS 4区
Vulnerable Children and Youth Studies,CAS 4区
Wacana-Jurnal Ilmu Pengetahuan Budaya-Journal of the Humanities of Indonesia,CAS 4区
Wacana Seni-Journal of Art Discourse,CAS 2区
WAFFEN-UND KOSTUMKUNDE,CAS 4区
WALLACE STEVENS JOURNAL,CAS 4区
WALT WHITMAN QUARTERLY REVIEW,CAS 3区
WAR IN HISTORY,SSCI/SCI/AHCI
War & Society,SSCI/SCI/AHCI
Wasafiri,CAS 4区
Washington International Law Journal,CAS 4区
WASHINGTON LAW REVIEW,CAS 4区
WASHINGTON QUARTERLY,CAS 3区
WasserWirtschaft,CAS 4区
Waste and Biomass Valorization,CAS 4区
Waste Disposal & Sustainable Energy,CAS 3区
Waste Management,CAS 2区 Top
WASTE MANAGEMENT & RESEARCH,CAS 4区
Water,CAS 4区
WATER AIR AND SOIL POLLUTION,CAS 4区
Water Alternatives-An Interdisciplinary Journal on Water Politics and Development,SSCI/SCIE/SCI
WATER AND ENVIRONMENT JOURNAL,CAS 4区
Water Biology and Security,CAS 1区 Top
WATERBIRDS,CAS 4区
Water Conservation Science and Engineering,CAS 4区
Water Cycle,CAS 4区
Water Economics and Policy,SSCI/SCIE/SCI
WATER ENVIRONMENT RESEARCH,CAS 4区
WATER INTERNATIONAL,CAS 4区
Water Policy,CAS 4区
Water Practice and Technology,CAS 4区
Water Quality Research Journal,CAS 4区
WATER RESEARCH,CAS 1区 Top
Water Research X,CAS 2区
Water Resources,CAS 4区
Water Resources and Economics,SSCI/SCIE/SCI
Water Resources and Industry,CAS 3区
Water Resources and Irrigation Management-WRIM,Indexed
WATER RESOURCES MANAGEMENT,CAS 2区
WATER RESOURCES RESEARCH,CAS 2区 Top
Water Reuse,CAS 3区
WATER SA,CAS 4区
Water Science and Engineering,CAS 3区
WATER SCIENCE AND TECHNOLOGY,CAS 4区
Water Security,Indexed
Water Waves,CAS 4区
WAVE MOTION,CAS 3区
WEAR,CAS 2区 Top
Wearable Technologies,CAS 4区
Weather,CAS 4区
Weather and Climate,CAS 4区
Weather and Climate Dynamics,CAS 2区
Weather and Climate Extremes,CAS 1区 Top
WEATHER AND FORECASTING,CAS 3区
Weather Climate and Society,SSCI/SCIE/SCI
WEB ECOLOGY,CAS 3区
Web Intelligence,CAS 4区
WEED BIOLOGY AND MANAGEMENT,CAS 4区
WEED RESEARCH,CAS 3区
WEED SCIENCE,CAS 2区
WEED TECHNOLOGY,CAS 3区
Weimarer Beitrage,CAS 4区
Welding International,Indexed
Welding in the World,CAS 3区
WELDING JOURNAL,CAS 4区
Wellbeing Space and Society,CAS 3区
WELSH HISTORY REVIEW,CAS 4区
WELT DER SLAVEN-HALBJAHRESSCHRIFT FUR SLAVISTIK,CAS 3区
Welt des Islams,CAS 2区
Welt des Orients,CAS 4区
Wenshan Review of Literature and Culture,CAS 4区
Wesley and Methodist Studies,CAS 4区
West 86th-A Journal of Decorative Arts Design History and Material Culture,CAS 4区
West African Journal of Radiology,CAS 4区
WESTERLY,CAS 4区
WESTERN AMERICAN LITERATURE,CAS 4区
WESTERN FOLKLORE,CAS 4区
WESTERN HISTORICAL QUARTERLY,CAS 3区
WESTERN JOURNAL OF COMMUNICATION,CAS 3区
Western Journal of Emergency Medicine,CAS 4区
Western Journal of Legal Studies,Indexed
WESTERN JOURNAL OF NURSING RESEARCH,SSCI/SCIE/SCI
WESTERN NORTH AMERICAN NATURALIST,CAS 4区
Western Pacific Surveillance and Response,CAS 4区
WEST EUROPEAN POLITICS,CAS 1区 Top
WEST INDIAN MEDICAL JOURNAL,CAS 4区
Westminster Papers in Communication & Culture,Indexed
WETLANDS,CAS 4区
WETLANDS ECOLOGY AND MANAGEMENT,CAS 4区
WIENER KLINISCHE WOCHENSCHRIFT,CAS 4区
WIENER MEDIZINISCHE WOCHENSCHRIFT,CAS 4区
WIENER TIERARZTLICHE MONATSSCHRIFT,CAS 4区
WILDERNESS & ENVIRONMENTAL MEDICINE,CAS 4区
WILDFOWL,CAS 4区
WILDLIFE BIOLOGY,CAS 3区
WILDLIFE MONOGRAPHS,CAS 2区
WILDLIFE RESEARCH,CAS 3区
WILDLIFE SOCIETY BULLETIN,CAS 4区
Wiley Interdisciplinary Reviews-Climate Change,CAS 1区 Top
Wiley Interdisciplinary Reviews-Cognitive Science,CAS 2区
Wiley Interdisciplinary Reviews-Computational Molecular Science,CAS 2区
Wiley Interdisciplinary Reviews-Computational Statistics,CAS 2区
Wiley Interdisciplinary Reviews-Data Mining and Knowledge Discovery,CAS 3区
Wiley Interdisciplinary Reviews-Energy and Environment,CAS 3区
Wiley Interdisciplinary Reviews: Forensic Science,CAS 3区
Wiley Interdisciplinary Reviews-Nanomedicine and Nanobiotechnology,CAS 2区
Wiley Interdisciplinary Reviews-RNA,CAS 2区
Wiley Interdisciplinary Reviews-Water,CAS 1区 Top
Willdenowia,CAS 2区
WILLIAM AND MARY QUARTERLY,CAS 1区 Top
WILLIAM CARLOS WILLIAMS REVIEW,CAS 3区
Wilson Journal of Ornithology,CAS 4区
Wind,Indexed
WIND AND STRUCTURES,CAS 4区
WIND ENERGY,CAS 3区
Wind Energy Science,CAS 3区
Wind Engineering,CAS 4区
Wine Economics and Policy,Indexed
WINTERTHUR PORTFOLIO-A JOURNAL OF AMERICAN MATERIAL CULTURE,CAS 3区
WIRELESS NETWORKS,CAS 4区
WIRELESS PERSONAL COMMUNICATIONS,CAS 4区
Wireless Power Transfer,CAS 4区
WIREs Mechanisms of Disease,CAS 2区
WISCONSIN LAW REVIEW,CAS 4区
Wittgenstein-Studien,CAS 4区
WMU Journal of Maritime Affairs,CAS 3区
WOCHENBLATT FUR PAPIERFABRIKATION,CAS 4区
WOMANS ART JOURNAL,CAS 3区
Women,Indexed
Women-A Cultural Review,CAS 3区
Women and Birth,SSCI/SCIE/SCI
Women and Music-A Journal of Gender and Culture,CAS 4区
Women & Criminal Justice,CAS 4区
WOMEN & HEALTH,CAS 4区
Women in Sport and Physical Activity Journal,Indexed
Womens Health,CAS 3区
WOMENS HEALTH ISSUES,CAS 3区
Womens Health Nursing,Indexed
Womens Health Reports,CAS 4区
WOMENS HISTORY REVIEW,CAS 3区
WOMENS STUDIES-AN INTERDISCIPLINARY JOURNAL,CAS 3区
Womens Studies in Communication,CAS 2区
WOMENS STUDIES INTERNATIONAL FORUM,CAS 3区
Womens Writing,CAS 4区
WOMEN & THERAPY,CAS 4区
WOOD AND FIBER SCIENCE,CAS 4区
Wood Material Science & Engineering,CAS 3区
WOOD RESEARCH,CAS 4区
WOOD SCIENCE AND TECHNOLOGY,CAS 2区
Word and Text-A Journal of Literary Studies and Linguistics,CAS 3区
WORD & IMAGE,CAS 2区
WORD-JOURNAL OF THE INTERNATIONAL LINGUISTIC ASSOCIATION,CAS 2区
Word Structure,CAS 2区
WORDSWORTH CIRCLE,CAS 3区
Work Aging and Retirement,CAS 2区
WORK-A Journal of Prevention Assessment & Rehabilitation,CAS 4区
WORK AND OCCUPATIONS,CAS 1区 Top
WORK AND STRESS,CAS 1区 Top
WORK EMPLOYMENT AND SOCIETY,CAS 3区
Workplace-A Journal for Academic Labor,Indexed
Workplace Health & Safety,SSCI/SCIE/SCI
World,CAS 3区
World Allergy Organization Journal,CAS 2区
WORLD ARCHAEOLOGY,CAS 1区 Top
WORLD BANK ECONOMIC REVIEW,CAS 3区
WORLD BANK RESEARCH OBSERVER,CAS 1区 Top
World Cancer Research Journal,CAS 4区
World Competition,CAS 4区
WORLD DEVELOPMENT,CAS 1区 Top
World Development Perspectives,CAS 3区
WORLD ECONOMY,CAS 3区
World Electric Vehicle Journal,CAS 4区
World Englishes,SSCI/SCI/AHCI
World Journal for Pediatric and Congenital Heart Surgery,CAS 4区
World Journal of Acupuncture-Moxibustion,CAS 4区
WORLD JOURNAL OF BIOLOGICAL PSYCHIATRY,CAS 3区
World Journal of Cardiology,CAS 4区
World Journal of Clinical Oncology,CAS 4区
World Journal of Diabetes,CAS 4区
World Journal Of Emergency Medicine,CAS 3区
World Journal of Emergency Surgery,CAS 1区 Top
World Journal of Engineering,CAS 4区
World Journal of Entrepreneurship Management and Sustainable Development,CAS 4区
WORLD JOURNAL OF GASTROENTEROLOGY,CAS 3区
World Journal of Gastrointestinal Endoscopy,CAS 4区
World Journal of Gastrointestinal Oncology,CAS 4区
World Journal of Gastrointestinal Surgery,CAS 4区
World Journal of Hepatology,CAS 4区
World Journal of Mens Health,CAS 3区
WORLD JOURNAL OF MICROBIOLOGY & BIOTECHNOLOGY,CAS 3区
World Journal of Nuclear Medicine,CAS 4区
World Journal of Oncology,CAS 4区
World Journal of Orthopedics,CAS 4区
World Journal of Otorhinolaryngology-Head & Neck Surgery,CAS 3区
World Journal of Pediatrics,CAS 2区
World Journal of Pediatric Surgery,CAS 4区
World Journal of Plastic Surgery,CAS 4区
World Journal of Psychiatry,CAS 3区
World Journal of Radiology,CAS 4区
World Journal of Stem Cells,CAS 3区
WORLD JOURNAL OF SURGERY,CAS 3区
World Journal of Surgical Oncology,CAS 3区
World Journal of Traditional Chinese Medicine,CAS 2区
WORLD JOURNAL OF UROLOGY,CAS 2区
World Leisure Journal,CAS 4区
World Literature Studies,CAS 3区
WORLD LITERATURE TODAY,CAS 4区
World Medical & Health Policy,CAS 4区
World Mycotoxin Journal,CAS 4区
World Neurosurgery,CAS 4区
World Neurosurgery-X,Indexed
World of Medicine and Biology,CAS 4区
World of Music-New Series,CAS 2区
World of the Orient,Indexed
World Patent Information,CAS 4区
WORLD POLITICS,CAS 1区 Top
World Psychiatry,CAS 1区 Top
World Rabbit Science,CAS 4区
World Review of Political Economy,CAS 4区
WORLDS POULTRY SCIENCE JOURNAL,CAS 2区
World Trade Review,CAS 2区
Worldviews-Global Religions Culture and Ecology,CAS 4区
Worldviews on Evidence-Based Nursing,SSCI/SCIE/SCI
Worldwide Hospitality and Tourism Themes,CAS 4区
WORLD WIDE WEB-INTERNET AND WEB INFORMATION SYSTEMS,CAS 4区
Wound Management & Prevention,SSCI/SCIE/SCI
Wound Practice and Research,CAS 4区
WOUND REPAIR AND REGENERATION,CAS 3区
WOUNDS-A COMPENDIUM OF CLINICAL RESEARCH AND PRACTICE,CAS 4区
WPOM-Working Papers on Operations Management,CAS 4区
Writing & Pedagogy,CAS 4区
WRITTEN COMMUNICATION,CAS 1区 Top
Written Language and Literacy,CAS 3区
Wspolczesna Onkologia-Contemporary Oncology,CAS 4区
XENOBIOTICA,CAS 4区
XENOTRANSPLANTATION,CAS 4区
X-RAY SPECTROMETRY,CAS 3区
X-Ray Structure Analysis Online,CAS 4区
YAKUGAKU ZASSHI-JOURNAL OF THE PHARMACEUTICAL SOCIETY OF JAPAN,CAS 4区
Yakut Medical Journal,CAS 4区
YALE FRENCH STUDIES,CAS 4区
YALE JOURNAL OF BIOLOGY AND MEDICINE,CAS 4区
Yale Journal on Regulation,CAS 3区
YALE LAW JOURNAL,CAS 1区 Top
YALE REVIEW,CAS 4区
Yazyk i Kultura-Language and Culture,CAS 4区
YEARBOOK FOR TRADITIONAL MUSIC,CAS 1区 Top
Yearbook of Comparative Literature,CAS 4区
Yearbook of Phraseology,CAS 4区
YEAST,CAS 4区
YONAGO ACTA MEDICA,CAS 4区
YONSEI MEDICAL JOURNAL,CAS 3区
Yorkshire Archaeological Journal,CAS 4区
Young,CAS 2区
Young Consumers,CAS 3区
Youth,Indexed
Youth Justice-An International Journal,CAS 3区
YOUTH & SOCIETY,CAS 3区
Youth Violence and Juvenile Justice,CAS 3区
Yuksekogretim Dergisi,CAS 4区
Yuyan Kexue-Linguistic Sciences,CAS 3区
Zagadnienia Ekonomiki Rolnej,CAS 4区
Zagadnienia Filozoficzne w Nauce-Philosophical Problems in Science,CAS 4区
Zagreb International Review of Economics & Business,CAS 4区
ZAMM-Zeitschrift fur Angewandte Mathematik und Mechanik,CAS 4区
Zaporozhye Medical Journal,CAS 4区
Zbornik Instituta za Pedagoska Istrazivanja,CAS 4区
Zbornik Matice Srpske za Likovne Umetnosti-Matica Srpska Journal for Fine Arts,CAS 3区
Zbornik Matice Srpske za Slavistiku-Matica Srpska Journal of Slavic Studies,CAS 4区
ZBORNIK PRAVNOG FAKULTETA SVEUCILISTA U RIJECI,CAS 4区
Zbornik Radova Ekonomskog Fakulteta u Rijeci-Proceedings of Rijeka Faculty of Economics,CAS 4区
Zbornik Radova Vizantoloskog Instituta,CAS 4区
Zbornik Veleucilista u Rijeci-Journal of the Polytechnics of Rijeka,CAS 4区
ZDM-Mathematics Education,CAS 3区
Zdravstveno Varstvo,CAS 4区
Zebrafish,CAS 4区
ZEITGESCHICHTE,SSCI/SCI/AHCI
Zeitschrift der Deutschen Gesellschaft fur Geowissenschaften,CAS 4区
ZEITSCHRIFT DER DEUTSCHEN MORGENLANDISCHEN GESELLSCHAFT,CAS 4区
Zeitschrift der Gesellschaft fur Musiktheorie,CAS 4区
Zeitschrift der Savigny-Stiftung fur Rechtsgeschichte - Kanonistische Abteilung,Indexed
Zeitschrift der Savigny-Stiftung fur Rechtsgeschichte - Romanistische Abteilung,Indexed
ZEITSCHRIFT DES DEUTSCHEN PALASTINA-VEREINS,CAS 4区
Zeitschrift fuer Ganzheitliche Tiermedizin,CAS 4区
Zeitschrift fuer Individualpsychologie,CAS 4区
Zeitschrift fuer Technikfolgenabschaetzung in Theorie und Praxis - TATuP,Indexed
ZEITSCHRIFT FUR AGYPTISCHE SPRACHE UND ALTERTUMSKUNDE,CAS 4区
ZEITSCHRIFT FUR ANALYSIS UND IHRE ANWENDUNGEN,CAS 4区
ZEITSCHRIFT FUR ANGEWANDTE MATHEMATIK UND PHYSIK,CAS 3区
ZEITSCHRIFT FUR ANGLISTIK UND AMERIKANISTIK,CAS 4区
ZEITSCHRIFT FUR ANORGANISCHE UND ALLGEMEINE CHEMIE,CAS 4区
ZEITSCHRIFT FUR ANTIKES CHRISTENTUM-JOURNAL OF ANCIENT CHRISTIANITY,CAS 3区
ZEITSCHRIFT FUR ARBEITS-UND ORGANISATIONSPSYCHOLOGIE,CAS 4区
Zeitschrift fur Arznei- & Gewurzpflanzen,CAS 4区
Zeitschrift fur Assyriologie und Vorderasiatische Archaologie,CAS 2区
ZEITSCHRIFT FUR BIBLIOTHEKSWESEN UND BIBLIOGRAPHIE,CAS 4区
ZEITSCHRIFT FUR DEUTSCHE PHILOLOGIE,CAS 4区
ZEITSCHRIFT FUR DEUTSCHES ALTERTUM UND DEUTSCHE LITERATUR,CAS 4区
ZEITSCHRIFT FUR DIALEKTOLOGIE UND LINGUISTIK,SSCI/SCI/AHCI
ZEITSCHRIFT FUR DIE ALTTESTAMENTLICHE WISSENSCHAFT,CAS 3区
ZEITSCHRIFT FUR DIE NEUTESTAMENTLICHE WISSENSCHAFT UND DIE KUNDE DER ALTEREN KIRCHE,CAS 3区
Zeitschrift fur Empirische Kulturwissenschaft,CAS 4区
ZEITSCHRIFT FUR ENTWICKLUNGSPSYCHOLOGIE UND PADAGOGISCHE PSYCHOLOGIE,CAS 4区
Zeitschrift fur Erziehungswissenschaft,CAS 4区
ZEITSCHRIFT FUR ETHNOLOGIE - Journal of Social and Cultural Anthropology,CAS 4区
Zeitschrift fur Evaluation,CAS 4区
ZEITSCHRIFT FUR EVANGELISCHE ETHIK,CAS 4区
Zeitschrift fur Evidenz Fortbildung und Qualitaet im Gesundheitswesen,CAS 4区
ZEITSCHRIFT FUR FRANZOSISCHE SPRACHE UND LITERATUR,CAS 4区
ZEITSCHRIFT FUR GASTROENTEROLOGIE,CAS 4区
ZEITSCHRIFT FUR GEBURTSHILFE UND NEONATOLOGIE,CAS 4区
ZEITSCHRIFT FUR GEOMORPHOLOGIE,CAS 4区
ZEITSCHRIFT FUR GERMANISTIK,CAS 4区
ZEITSCHRIFT FUR GERMANISTISCHE LINGUISTIK,CAS 4区
ZEITSCHRIFT FUR GERONTOLOGIE UND GERIATRIE,SSCI/SCIE/SCI
ZEITSCHRIFT FUR GESCHICHTSWISSENSCHAFT,CAS 4区
Zeitschrift fur Herz Thorax und Gefasschirurgie,CAS 4区
ZEITSCHRIFT FUR HISTORISCHE FORSCHUNG,CAS 4区
Zeitschrift fur Interkulturelle Germanistik,CAS 4区
Zeitschrift fur Katalanistik,CAS 4区
ZEITSCHRIFT FUR KINDER-UND JUGENDPSYCHIATRIE UND PSYCHOTHERAPIE,CAS 4区
ZEITSCHRIFT FUR KLINISCHE PSYCHOLOGIE UND PSYCHOTHERAPIE,CAS 4区
Zeitschrift fur Kristallographie-Crystalline Materials,CAS 4区
ZEITSCHRIFT FUR KRISTALLOGRAPHIE-NEW CRYSTAL STRUCTURES,CAS 4区
ZEITSCHRIFT FUR KUNSTGESCHICHTE,CAS 3区
Zeitschrift fur Medizinische Physik,CAS 4区
ZEITSCHRIFT FUR NATURFORSCHUNG SECTION A-A JOURNAL OF PHYSICAL SCIENCES,CAS 4区
ZEITSCHRIFT FUR NATURFORSCHUNG SECTION B-A JOURNAL OF CHEMICAL SCIENCES,CAS 4区
ZEITSCHRIFT FUR NATURFORSCHUNG SECTION C-A JOURNAL OF BIOSCIENCES,CAS 4区
Zeitschrift fur Neuropsychologie,CAS 4区
Zeitschrift fur Orthopadie und Unfallchirurgie,CAS 4区
ZEITSCHRIFT FUR PADAGOGIK,CAS 4区
ZEITSCHRIFT FUR PADAGOGISCHE PSYCHOLOGIE,CAS 4区
Zeitschrift fur Palliativmedizin,CAS 4区
ZEITSCHRIFT FUR PHILOSOPHISCHE FORSCHUNG,CAS 4区
ZEITSCHRIFT FUR PHYSIKALISCHE CHEMIE-INTERNATIONAL JOURNAL OF RESEARCH IN PHYSICAL CHEMISTRY & CHEMICAL PHYSICS,CAS 4区
Zeitschrift fur Pneumologie,CAS 4区
Zeitschrift fur Psychologie-Journal of Psychology,CAS 3区
ZEITSCHRIFT FUR PSYCHOSOMATISCHE MEDIZIN UND PSYCHOTHERAPIE,SSCI/SCIE/SCI
ZEITSCHRIFT FUR RELIGIONS-UND GEISTESGESCHICHTE,CAS 4区
ZEITSCHRIFT FUR RHEUMATOLOGIE,CAS 4区
ZEITSCHRIFT FUR ROMANISCHE PHILOLOGIE,CAS 3区
ZEITSCHRIFT FUR SEMIOTIK,Indexed
Zeitschrift fur Sexualforschung,CAS 4区
ZEITSCHRIFT FUR SLAVISCHE PHILOLOGIE,CAS 3区
ZEITSCHRIFT FUR SLAWISTIK,CAS 3区
ZEITSCHRIFT FUR SOZIOLOGIE,CAS 4区
Zeitschrift fur Soziologie der Erziehung und Sozialisation,CAS 4区
Zeitschrift fur Sportpsychologie,CAS 4区
Zeitschrift fur Sprachwissenschaft,SSCI/SCI/AHCI
ZEITSCHRIFT FUR THEOLOGIE UND KIRCHE,CAS 4区
Zeitschrift fur Tourismuswissenschaft,CAS 4区
Zeitschrift fur Vergleichende Politikwissenschaft,CAS 4区
Zemdirbyste-Agriculture,CAS 4区
Zentralblatt fur Arbeitsmedizin Arbeitsschutz und Ergonomie,CAS 4区
ZENTRALBLATT FUR CHIRURGIE,CAS 4区
Zephyrus-Revista de Prehistoria y Arqueologia,CAS 4区
ZFW-Advances in Economic Geography,CAS 3区
Zhurnal Frontirnykh Issledovanii-Journal of Frontier Studies,CAS 4区
Zhurnal Novaya Ekonomicheskaya Assotsiatsiya-Journal of the New Economic Association,CAS 4区
ZHURNAL OBSHCHEI BIOLOGII,CAS 4区
ZHURNAL VYSSHEI NERVNOI DEYATELNOSTI IMENI I P PAVLOVA,CAS 4区
Zibaldone-Estudios Italianos,Indexed
Zibaldone-Estudios Italianos de La Torre del Virrey,CAS 3区
Zivot Umjetnosti,CAS 4区
ZKG INTERNATIONAL,CAS 4区
Zograf,CAS 4区
Zolotoordynskoe Obozrenie-Golden Horde Review,CAS 3区
Zona Proxima,CAS 4区
ZOO BIOLOGY,CAS 4区
ZooKeys,CAS 3区
Zoologia,CAS 4区
ZOOLOGICAL JOURNAL OF THE LINNEAN SOCIETY,CAS 2区 Top
Zoological Letters,CAS 3区
ZOOLOGICAL RESEARCH,CAS 1区 Top
ZOOLOGICAL SCIENCE,CAS 4区
ZOOLOGICAL STUDIES,CAS 4区
ZOOLOGICA SCRIPTA,CAS 2区
ZOOLOGICHESKY ZHURNAL,CAS 4区
ZOOLOGISCHER ANZEIGER,CAS 3区
ZOOLOGY,CAS 3区
ZOOLOGY IN THE MIDDLE EAST,CAS 4区
ZOOMORPHOLOGY,CAS 4区
Zoonoses and Public Health,CAS 2区
ZOOSYSTEMA,CAS 4区
Zoosystematics and Evolution,CAS 2区
Zootaxa,CAS 4区
ZUCHTUNGSKUNDE,CAS 4区
Zutot,CAS 4区
ZYGON,SSCI/SCI/AHCI
ZYGOTE,CAS 4区
International Journal Of Smart Technology And Learning,ESCI
International Journal Of Higher Education And Sustainability,ESCI
Studies In Technology Enhanced Learning,ESCI
Applied & Educational Psychology,Indexed
Frontiers In Educational Research,Indexed
